시간,여주보(상류)_수위_수위(m),여주보(상류)_수위_유량(m³/s),여주보(상류)_수위_해발수위(El.m),여주보(하류)_수위_수위(m),여주보(하류)_수위_유량(m³/s),여주보(하류)_수위_해발수위(El.m),여주시(여주대교)_강수량_강수량(mm),여주시(여주대교)_강수량_누적강수량(mm),여주시(여주대교)_수위_수위(m),여주시(여주대교)_수위_유량(m³/s),여주시(여주대교)_수위_해발수위(El.m),여주시(주암리)_강수량_강수량(mm),여주시(주암리)_강수량_누적강수량(mm),원주시(문막교)_수위_수위(m),원주시(문막교)_수위_유량(m³/s),원주시(문막교)_수위_해발수위(El.m),충주댐_댐_현재수위(EL.m),충주댐_댐_유입량(m³/s),충주댐_댐_방류량(m³/s),충주시(수안보면사무소)_강수량_강수량(mm),충주시(수안보면사무소)_강수량_누적강수량(mm),충주조정지댐_댐_현재수위(EL.m),충주조정지댐_댐_유입량(m³/s),충주조정지댐_댐_방류량(m³/s)
2025-12-01 0:00,33.1,,33.1,28.23,84.1,28.23,0,13,0.69,74.23,33.22,0,11,0.91,18.52,51.63,134.223,72.041,0.43,0,16,64.29,16.964,50.62
2025-12-01 0:10,33.1,,33.1,28.23,86.09,28.23,0,13,0.7,74.39,33.23,0,11,0.87,18.52,51.59,134.225,147.652,0.43,0,16,64.29,16.953,50.593
2025-12-01 0:20,33.1,,33.1,28.23,85.43,28.23,0,13,0.69,78.87,33.22,0,11,0.89,18.52,51.61,134.227,179.486,0.43,0,16,64.289,40.484,50.562
2025-12-01 0:30,33.1,,33.1,28.23,86.75,28.23,0,13,0.69,77.71,33.22,0,11,0.88,18.52,51.6,134.227,151.652,0.43,0,16,64.282,23.683,50.548
2025-12-01 0:40,33.1,,33.1,28.23,82.78,28.23,0,13,0.69,81.19,33.22,0,11,0.89,18.52,51.61,134.227,68.097,0.43,0,16,64.28,16.937,50.534
2025-12-01 0:50,33.1,,33.1,28.23,86.75,28.23,0,13,0.69,78.87,33.22,0,11,0.9,18.52,51.62,134.227,8.374,0.43,0,16,64.279,16.963,50.473
2025-12-01 1:00,33.1,,33.1,28.23,84.1,28.23,0,13,0.69,75.39,33.22,0,11,0.87,18.52,51.59,134.227,0.43,0.43,0,16,64.27,10.345,50.529
2025-12-01 1:10,33.1,,33.1,28.23,83.49,28.23,0,13,0.7,74.39,33.23,0,11,0.88,18.52,51.6,134.224,0,0.43,0,16,64.27,17.043,50.461
2025-12-01 1:20,33.1,,33.1,28.23,83.44,28.23,0,13,0.7,77.87,33.23,0,11,0.87,18.52,51.59,134.224,0,0.43,0,16,64.266,6.985,50.464
2025-12-01 1:30,33.1,,33.1,28.23,86.75,28.23,0,13,0.7,73.23,33.23,0,11,0.88,18.52,51.6,134.225,0,0.43,0,16,64.26,17.073,50.462
2025-12-01 1:40,33.1,,33.1,28.23,84.76,28.23,0,13,0.7,73.23,33.23,0,11,0.87,18.52,51.59,134.227,115.819,0.43,0,16,64.26,17.063,50.431
2025-12-01 1:50,33.1,,33.1,28.23,83.44,28.23,0,13,0.7,73.23,33.23,0,11,0.88,18.52,51.6,134.228,159.597,0.43,0,16,64.26,30.422,50.372
2025-12-01 2:00,33.1,,33.1,28.23,84.76,28.23,0,13,0.7,69.74,33.23,0,11,0.88,18.52,51.6,134.23,179.486,0.43,0,16,64.251,20.461,50.413
2025-12-01 2:10,33.1,,33.1,28.23,87.41,28.23,0,13,0.7,69.74,33.23,0,11,0.87,18.52,51.59,134.23,111.819,0.43,0,16,64.25,17.105,50.362
2025-12-01 2:20,33.1,,33.1,28.23,86.75,28.23,0,13,0.69,70.75,33.22,0,11,0.87,18.52,51.59,134.229,52.152,0.43,0,16,64.244,0,50.309
2025-12-01 2:30,33.1,,33.1,28.23,86.09,28.23,0,13,0.7,70.9,33.23,0,11,0.87,18.52,51.59,134.229,0,0.43,0,16,64.24,13.768,50.298
2025-12-01 2:40,33.1,,33.1,28.23,84.1,28.23,0,13,0.7,73.23,33.23,0,11,0.87,18.52,51.59,134.229,0,0.43,0,16,64.24,17.061,50.242
2025-12-01 2:50,33.1,,33.1,28.23,86.09,28.23,0,13,0.7,73.23,33.23,0,11,0.87,18.52,51.59,134.228,0,0.43,0,16,64.24,36.976,50.223
2025-12-01 3:00,33.1,,33.1,28.23,82.78,28.23,0,13,0.7,72.06,33.23,0,11,0.88,18.52,51.6,134.229,0,0.43,0,16,64.233,27.072,50.251
2025-12-01 3:10,33.1,,33.1,28.23,84.1,28.23,0,13,0.7,73.23,33.23,0,11,0.88,18.52,51.6,134.228,0,0.43,0,16,64.23,17.184,50.245
2025-12-01 3:20,33.1,,33.1,28.23,83.44,28.23,0,13,0.69,68.43,33.22,0,11,0.88,18.52,51.6,134.228,0,0.43,0,16,64.224,0,50.178
2025-12-01 3:30,33.1,,33.1,28.23,86.09,28.23,0,13,0.7,66.25,33.23,0,11,0.87,18.52,51.59,134.228,0,0.43,0,16,64.22,7.308,50.166
2025-12-01 3:40,33.1,,33.1,28.23,85.43,28.23,0,13,0.7,83.69,33.23,0,11,0.87,18.52,51.59,134.226,0,0.43,0,16,64.218,10.543,50.119
2025-12-01 3:50,33.1,,33.1,28.23,86.09,28.23,0,13,0.7,88.34,33.23,0,11,0.87,18.52,51.59,134.225,0,0.43,0,16,64.211,7.358,50.123
2025-12-01 4:00,33.1,,33.1,28.23,96.02,28.23,0,13,0.7,83.69,33.23,0,11,0.88,18.52,51.6,134.225,0,0.43,0,16,64.21,17.227,50.105
2025-12-01 4:10,33.1,,33.1,28.23,100,28.23,0,13,0.69,84.67,33.22,0,11,0.88,18.52,51.6,134.225,0,0.43,0,16,64.21,23.821,50.068
2025-12-01 4:20,33.1,,33.1,28.23,101.98,28.23,0,13,0.69,80.03,33.22,0,11,0.87,18.52,51.59,134.225,0,0.43,0,16,64.209,43.455,50.025
2025-12-01 4:30,33.1,,33.1,28.23,95.36,28.23,0,13,0.7,75.55,33.23,0,11,0.88,18.52,51.6,134.227,80.041,0.43,0,16,64.2,17.194,49.99
2025-12-01 4:40,33.1,,33.1,28.23,94.7,28.23,0,13,0.69,73.07,33.22,0,11,0.88,18.52,51.6,134.228,119.819,0.43,0,16,64.198,10.607,49.973
2025-12-01 4:50,33.1,,33.1,28.23,92.05,28.23,0,13,0.69,76.55,33.22,0,11,0.87,18.52,51.59,134.228,135.708,0.43,0,16,64.19,0,49.92
2025-12-01 5:00,33.1,,33.1,28.23,88.74,28.23,0,13,0.69,71.91,33.22,0,11,0.87,18.52,51.59,134.229,80.041,0.43,0,16,64.189,13.929,49.895
2025-12-01 5:10,33.1,,33.1,28.23,93.37,28.23,0,13,0.69,67.27,33.22,0,11,0.88,18.52,51.6,134.23,68.097,0.43,0,16,64.182,0,49.869
2025-12-01 5:20,33.1,,33.1,28.23,90.06,28.23,0,13,0.7,63.93,33.23,0,11,0.88,18.52,51.6,134.23,76.041,0.43,0,16,64.18,17.248,49.814
2025-12-01 5:30,33.1,,33.1,28.23,90.72,28.23,0,13,0.7,59.28,33.23,0,11,0.88,18.52,51.6,134.231,60.097,0.43,0,16,64.18,20.482,49.763
2025-12-01 5:40,33.1,,33.1,28.23,91.39,28.23,0,13,0.7,54.63,33.23,0,11,0.89,18.52,51.61,134.231,36.263,0.43,0,16,64.177,33.5,49.755
2025-12-01 5:50,33.1,,33.1,28.23,87.41,28.23,0,13,0.7,55.79,33.23,0,11,0.88,18.52,51.6,134.232,76.041,0.43,0,16,64.17,17.267,49.783
2025-12-01 6:00,33.1,,33.1,28.23,88.74,28.23,0,13,0.69,60.31,33.22,0,11,0.89,18.52,51.61,134.233,103.93,0.43,0,16,64.169,13.975,49.72
2025-12-01 6:10,33.1,,33.1,28.23,88.74,28.23,0,13,0.69,66.11,33.22,0,11,0.88,18.52,51.6,134.234,147.652,0.43,0,16,64.16,0,49.715
2025-12-01 6:20,33.1,,33.1,28.23,86.09,28.23,0,13,0.69,76.55,33.22,0,11,0.9,18.52,51.62,134.237,191.486,0.43,0,16,64.16,17.266,49.696
2025-12-01 6:30,33.1,,33.1,28.23,87.41,28.23,0,13,0.69,77.71,33.22,0,11,0.9,18.52,51.62,134.237,151.652,0.43,0,16,64.16,20.486,49.546
2025-12-01 6:40,33.1,,33.1,28.23,85.43,28.23,0,13,0.69,74.23,33.22,0,11,0.9,18.52,51.62,134.236,56.152,0.43,0,16,64.153,26.992,49.567
2025-12-01 6:50,33.1,,33.1,28.23,83.44,28.23,0,13,0.7,72.06,33.23,0,11,0.91,18.52,51.63,134.234,0,0.43,0,16,64.15,17.279,49.557
2025-12-01 7:00,33.1,,33.1,28.23,81.45,28.23,0,13,0.7,73.23,33.23,0,11,0.91,18.52,51.63,134.232,0,0.43,0,16,64.15,17.273,49.527
2025-12-01 7:10,33.1,,33.1,28.23,83.44,28.23,0,13,0.7,68.58,33.23,0,11,0.91,18.52,51.63,134.232,0,0.43,0,16,64.146,26.926,49.528
2025-12-01 7:20,33.1,,33.1,28.23,83.44,28.23,0,13,0.7,66.25,33.23,0,11,0.91,18.52,51.63,134.232,0,0.43,0,16,64.14,17.242,49.504
2025-12-01 7:30,33.1,,33.1,28.23,82.78,28.23,0,13,0.7,68.58,33.23,0,11,0.91,18.52,51.63,134.234,87.986,0.43,0,16,64.135,1.172,49.482
2025-12-01 7:40,33.1,,33.1,28.23,84.1,28.23,0,13,0.7,68.58,33.23,0,11,0.91,18.52,51.63,134.236,183.486,0.43,0,16,64.13,0,49.456
2025-12-01 7:50,33.1,,33.1,28.23,86.75,28.23,0,13,0.7,70.9,33.23,0,11,0.91,18.52,51.63,134.238,223.319,0.43,0,16,64.13,17.347,49.435
2025-12-01 8:00,33.1,,33.1,28.23,85.43,28.23,0,13,0.7,70.9,33.23,0,11,0.91,18.52,51.63,134.239,183.731,1.168,0,16,64.13,33.38,49.416
2025-12-01 8:10,33.1,,33.1,28.23,88.74,28.23,0,13,0.7,72.06,33.23,0,11,0.91,18.52,51.63,134.232,0,153.599,0,16,64.124,30.194,49.399
2025-12-01 8:20,33.1,,33.1,28.23,84.1,28.23,0,13,0.69,74.23,33.22,0,11,0.91,18.52,51.63,134.225,0,155.506,0,16,64.12,17.387,49.346
2025-12-01 8:30,33.1,,33.1,28.23,87.41,28.23,0,13,0.69,74.23,33.22,0,11,0.91,18.52,51.63,134.225,0,157.803,0,16,64.12,17.351,49.309
2025-12-01 8:40,33.1,,33.1,28.23,89.4,28.23,0,13,0.69,70.75,33.22,0,11,0.91,18.52,51.63,134.226,0,152.228,0,16,64.12,36.172,48.195
2025-12-01 8:50,33.1,,33.1,28.23,91.39,28.23,0,13,0.7,70.9,33.23,0,11,0.91,18.52,51.63,134.225,162.631,154.028,0,16,64.121,50.819,45.452
2025-12-01 9:00,33.1,,33.1,28.23,90.72,28.23,0,13,0.7,69.74,33.23,0,11,0.91,18.52,51.63,134.225,161.338,153.926,0,16,64.12,46.446,45.691
2025-12-01 9:10,33.1,,33.1,28.23,90.72,28.23,0,13,0.7,70.9,33.23,0,11,0.92,18.52,51.64,134.226,145.913,141.786,0,16,64.119,42.413,45.764
2025-12-01 9:20,33.1,,33.1,28.23,87.41,28.23,0,13,0.69,68.43,33.22,0,11,0.94,18.52,51.66,134.224,97.645,152.39,0,16,64.11,10.643,45.807
2025-12-01 9:30,33.1,,33.1,28.23,91.39,28.23,0,13,0.7,69.74,33.23,0,11,0.94,18.52,51.66,134.223,40.823,150.624,0,16,64.11,13.833,45.761
2025-12-01 9:40,33.1,,33.1,28.23,88.08,28.23,0,13,0.69,66.11,33.22,0,11,0.96,18.52,51.68,134.221,0,157.014,0,16,64.11,17.084,45.85
2025-12-01 9:50,33.1,,33.1,28.23,88.74,28.23,0,13,0.7,65.09,33.23,0,11,0.96,18.52,51.68,134.22,0,152.592,0,16,64.11,45.823,45.859
2025-12-01 10:00,33.1,,33.1,28.23,90.72,28.23,0,13,0.7,66.25,33.23,0,11,0.95,18.52,51.67,134.217,0,147.949,0,16,64.11,45.862,45.877
2025-12-01 10:10,33.1,,33.1,28.23,90.72,28.23,0,13,0.69,64.95,33.22,0,11,0.94,18.52,51.66,134.215,0,142.67,0,16,64.11,45.864,45.855
2025-12-01 10:20,33.1,,33.1,28.23,93.37,28.23,0,13,0.69,64.95,33.22,0,11,0.94,18.52,51.66,134.214,0,155.835,0,16,64.114,58.655,45.901
2025-12-01 10:30,33.1,,33.1,28.23,90.72,28.23,0,13,0.69,67.27,33.22,0,11,0.94,18.52,51.66,134.214,30.541,151.118,0,16,64.126,97.032,46.008
2025-12-01 10:40,33.1,,33.1,28.23,90.72,28.23,0,13,0.69,68.43,33.22,0,11,0.94,18.52,51.66,134.214,112.516,137.93,0,16,64.14,142.065,46.12
2025-12-01 10:50,33.1,,33.1,28.23,90.06,28.23,0,13,0.7,69.74,33.23,0,11,0.94,18.52,51.66,134.216,239.323,142.589,0,16,64.15,161.684,46.257
2025-12-01 11:00,33.1,,33.1,28.23,94.04,28.23,0,13,0.69,66.11,33.22,0,11,0.94,18.52,51.66,134.216,240.506,142.665,0,16,64.16,155.738,46.336
2025-12-01 11:10,33.1,,33.1,28.23,91.39,28.23,0,13,0.7,70.9,33.23,0,11,0.94,18.52,51.66,134.216,196.423,137.017,0,16,64.165,127.099,46.372
2025-12-01 11:20,33.1,,33.1,28.23,92.05,28.23,0,13,0.7,70.9,33.23,0,11,0.95,18.52,51.67,134.214,30.807,146.906,0,16,64.173,120.839,46.475
2025-12-01 11:30,33.1,,33.1,28.23,94.7,28.23,0,13,0.69,71.91,33.22,0,11,0.94,18.52,51.66,134.213,0,139.82,0,16,64.184,124.474,46.576
2025-12-01 11:40,33.1,,33.1,28.23,92.05,28.23,0,13,0.69,73.07,33.22,0,11,0.96,18.52,51.68,134.217,163.385,0.43,0,16,64.196,147.455,46.482
2025-12-01 11:50,33.1,,33.1,28.23,93.37,28.23,0,13,0.69,73.07,33.22,0,11,0.94,18.52,51.66,134.222,373.171,0.43,0,16,64.207,157.561,46.459
2025-12-01 12:00,33.1,,33.1,28.23,90.06,28.23,0,13,0.7,69.74,33.23,0,11,0.95,18.52,51.67,134.222,370.43,0.43,0,16,64.219,161.263,46.849
2025-12-01 12:10,33.1,,33.1,28.23,85.43,28.23,0,13,0.7,65.09,33.23,0,11,0.95,18.52,51.67,134.223,239.097,0.43,0,16,64.229,155.262,46.978
2025-12-01 12:20,33.1,,33.1,28.23,83.44,28.23,0,13,0.69,64.95,33.22,0,11,0.93,18.52,51.65,134.227,191.374,0.43,0,16,64.238,149.176,47.034
2025-12-01 12:30,33.1,,33.1,28.23,86.75,28.23,0,13,0.7,67.41,33.23,0,11,0.93,18.52,51.65,134.226,163.597,0.43,0,16,64.245,133.014,47.03
2025-12-01 12:40,33.1,,33.1,28.23,87.41,28.23,0,13,0.69,66.11,33.22,0,11,0.93,18.52,51.65,134.218,0,0.43,0,16,64.255,133.275,47.094
2025-12-01 12:50,33.1,,33.1,28.23,85.43,28.23,0,13,0.69,64.95,33.22,0,11,0.92,18.52,51.64,134.219,0,0.43,0,16,64.26,120.194,47.125
2025-12-01 13:00,33.1,,33.1,28.23,84.76,28.23,0,13,0.69,68.43,33.22,0,11,0.92,18.52,51.64,134.218,0,0.43,0,16,64.27,130.412,47.185
2025-12-01 13:10,33.1,,33.1,28.23,86.75,28.23,0,13,0.69,63.79,33.22,0,11,0.91,18.52,51.63,134.218,12.374,0.43,0,16,64.27,97.231,47.216
2025-12-01 13:20,33.1,,33.1,28.23,90.72,28.23,0,13,0.69,61.47,33.22,0,11,0.91,18.52,51.63,134.219,20.319,0.43,0,16,64.269,77.251,47.185
2025-12-01 13:30,33.1,,33.1,28.23,86.09,28.23,0,13,0.69,63.79,33.22,0,11,0.91,18.52,51.63,134.221,87.986,0.43,0,16,64.266,33.785,47.12
2025-12-01 13:40,33.1,,33.1,28.23,89.4,28.23,0,13,0.7,66.25,33.23,0,11,0.91,18.52,51.63,134.223,163.541,0.43,0,16,64.27,47.141,47.119
2025-12-01 13:50,33.1,,33.1,28.23,94.04,28.23,0,13,0.69,69.59,33.22,0,11,0.9,18.52,51.62,134.224,191.43,0.43,0,16,64.27,50.451,47.114
2025-12-01 14:00,33.1,,33.1,28.23,90.72,28.23,0,13,0.69,69.59,33.22,0,11,0.9,18.52,51.62,134.225,159.541,0.43,0,16,64.27,60.506,47.117
2025-12-01 14:10,33.1,,33.1,28.23,94.7,28.23,0,13,0.7,65.09,33.23,0,11,0.9,18.52,51.62,134.224,64.097,0.43,0,16,64.27,47.116,47.116
2025-12-01 14:20,33.1,,33.1,28.23,92.71,28.23,0,13,0.7,67.41,33.23,0,11,0.89,18.52,51.61,134.224,16.319,0.43,0,16,64.27,47.116,47.116
2025-12-01 14:30,33.1,,33.1,28.23,98.01,28.23,0,13,0.7,66.25,33.23,0,11,0.88,18.52,51.6,134.224,0,0.43,0,16,64.27,47.114,47.111
2025-12-01 14:40,33.1,,33.1,28.23,96.68,28.23,0,13,0.7,82.52,33.23,0,11,0.89,18.52,51.61,134.223,0,0.43,0,16,64.27,47.114,47.115
2025-12-01 14:50,33.1,,33.1,28.23,96.02,28.23,0,13,0.69,81.19,33.22,0,11,0.88,18.52,51.6,134.223,0,0.43,0,16,64.27,47.112,47.111
2025-12-01 15:00,33.1,,33.1,28.23,92.71,28.23,0,13,0.7,77.87,33.23,0,11,0.88,18.52,51.6,134.221,0,5.634,0,16,64.27,47.113,47.113
2025-12-01 15:10,33.1,,33.1,28.23,99.33,28.23,0,13,0.7,89.5,33.23,0,11,0.88,18.52,51.6,134.22,0,154.592,0,16,64.27,47.213,47.416
2025-12-01 15:20,33.1,,33.1,28.23,101.98,28.23,0,13,0.69,84.67,33.22,0,11,0.89,18.52,51.61,134.22,0,159.996,0,16,64.269,44.07,47.682
2025-12-01 15:30,33.1,,33.1,28.23,101.32,28.23,0,13,0.7,83.69,33.23,0,11,0.88,18.52,51.6,134.221,121.325,156.722,0,16,64.268,40.953,47.76
2025-12-01 15:40,33.09,,33.09,28.23,100,28.23,0,13,0.7,81.36,33.23,0,11,0.89,18.52,51.61,134.219,149.078,154.351,0,16,64.26,14.338,47.74
2025-12-01 15:50,33.09,,33.09,28.23,101.32,28.23,0,13,0.69,81.19,33.22,0,11,0.89,18.52,51.61,134.217,36.826,157.404,0,16,64.26,17.705,47.783
2025-12-01 16:00,33.09,,33.09,28.23,103.31,28.23,0,13,0.7,80.2,33.23,0,11,0.89,18.52,51.61,134.216,0,156.145,0,16,64.26,21.059,47.821
2025-12-01 16:10,33.09,,33.09,28.23,102.64,28.23,0,13,0.7,77.87,33.23,0,11,0.9,18.52,51.62,134.216,15.665,151.281,0,16,64.26,47.805,47.81
2025-12-01 16:20,33.09,,33.09,28.23,101.98,28.23,0,13,0.69,78.87,33.22,0,11,0.91,18.52,51.63,134.215,79.848,158.784,0,16,64.26,47.821,47.831
2025-12-01 16:30,33.09,,33.09,28.23,98.01,28.23,0,13,0.69,80.03,33.22,0,11,0.91,18.52,51.63,134.215,122.958,154.311,0,16,64.26,47.822,47.824
2025-12-01 16:40,33.09,,33.09,28.23,98.01,28.23,0,13,0.7,80.2,33.23,0,11,0.91,18.52,51.63,134.215,108.645,156.008,0,16,64.26,47.829,47.831
2025-12-01 16:50,33.09,,33.09,28.23,96.02,28.23,0,13,0.7,69.74,33.23,0,11,0.91,18.52,51.63,134.215,138.499,153.012,0,16,64.26,47.829,47.831
2025-12-01 17:00,33.09,,33.09,28.23,93.37,28.23,0,13,0.69,67.27,33.22,0,11,0.91,18.52,51.63,134.215,150.135,153.386,0,16,64.27,81.252,47.927
2025-12-01 17:10,33.09,,33.09,28.23,92.05,28.23,0,13,0.69,64.95,33.22,0,11,0.91,18.52,51.63,134.215,150.145,155.869,0,16,64.284,128.215,48.053
2025-12-01 17:20,33.09,,33.09,28.23,91.39,28.23,0,13,0.69,68.43,33.22,0,11,0.91,18.52,51.63,134.214,115.619,156.934,0,16,64.296,168.668,48.191
2025-12-01 17:30,33.09,,33.09,28.23,88.74,28.23,0,13,0.7,60.44,33.23,0,11,0.92,18.52,51.64,134.212,64.57,155.406,0,16,64.303,159.019,48.314
2025-12-01 17:40,33.09,,33.09,28.23,88.74,28.23,0,13,0.7,63.93,33.23,0,11,0.92,18.52,51.64,134.211,23.094,150.775,0,16,64.31,135.852,48.384
2025-12-01 17:50,33.09,,33.09,28.23,86.09,28.23,0,13,0.7,59.28,33.23,0,11,0.92,18.52,51.64,134.209,0,151.797,0,16,64.319,126.104,48.448
2025-12-01 18:00,33.09,,33.09,28.23,86.75,28.23,0,13,0.7,61.6,33.23,0,11,0.92,18.52,51.64,134.209,0,150.991,0,16,64.328,133.034,48.436
2025-12-01 18:10,33.09,,33.09,28.23,82.78,28.23,0,13,0.7,60.44,33.23,0,11,0.92,18.52,51.64,134.208,9.358,142.951,0,16,64.34,150.186,48.175
2025-12-01 18:20,33.09,,33.09,28.23,89.4,28.23,0,13,0.7,61.6,33.23,0,11,0.92,18.52,51.64,134.206,12.472,149.142,0,16,64.353,164.083,48.306
2025-12-01 18:30,33.09,,33.09,28.23,84.76,28.23,0,13,0.7,65.09,33.23,0,11,0.93,18.52,51.65,134.205,0,129.526,0,16,64.365,174.681,48.395
2025-12-01 18:40,33.09,,33.09,28.23,85.43,28.23,0,13,0.7,62.76,33.23,0,11,0.93,18.52,51.65,134.206,17.477,0.43,0,16,64.375,168.232,48.329
2025-12-01 18:50,33.09,,33.09,28.23,83.44,28.23,0,13,0.7,61.6,33.23,0,11,0.93,18.52,51.65,134.206,35.462,0.43,0,16,64.383,151.387,48.27
2025-12-01 19:00,33.09,,33.09,28.23,83.44,28.23,0,13,0.7,65.09,33.23,0,11,0.93,18.52,51.65,134.204,0,0.43,0,16,64.393,144.735,48.272
2025-12-01 19:10,33.09,,33.09,28.23,84.81,28.23,0,13,0.69,63.79,33.22,0,11,0.93,18.52,51.65,134.201,0,0.43,0,16,64.403,145.049,48.273
2025-12-01 19:20,33.09,,33.09,28.23,84.15,28.23,0,13,0.69,64.95,33.22,0,11,0.93,18.52,51.65,134.203,0,0.43,0,16,64.414,155.615,48.3
2025-12-01 19:30,33.09,,33.09,28.22,84.81,28.22,0,13,0.7,61.6,33.23,0,11,0.94,18.52,51.66,134.203,0,0.43,0,16,64.427,166.432,48.391
2025-12-01 19:40,33.09,,33.09,28.22,86.78,28.22,0,13,0.69,66.11,33.22,0,11,0.94,18.52,51.66,134.204,103.819,0.43,0,16,64.435,159.828,48.46
2025-12-01 19:50,33.09,,33.09,28.23,85.47,28.23,0,13,0.69,63.79,33.22,0,11,0.94,18.52,51.66,134.205,79.986,0.43,0,16,64.44,139.214,48.459
2025-12-01 20:00,33.09,,33.09,28.22,86.78,28.22,0,13,0.69,55.67,33.22,0,11,0.94,18.52,51.66,134.207,167.486,0.43,0,16,64.44,93.96,48.461
2025-12-01 20:10,33.09,,33.09,28.22,84.81,28.22,0,13,0.69,53.35,33.22,0,11,0.94,18.52,51.66,134.207,135.652,0.43,0,16,64.44,65.959,48.458
2025-12-01 20:20,33.09,,33.09,28.22,84.81,28.22,0,13,0.69,59.15,33.22,0,11,0.94,18.52,51.66,134.207,107.763,0.43,0,16,64.44,48.459,48.457
2025-12-01 20:30,33.09,,33.09,28.22,86.78,28.22,0,13,0.69,57.99,33.22,0,11,0.95,18.52,51.67,134.208,40.208,0.43,0,16,64.44,48.456,48.452
2025-12-01 20:40,33.09,,33.09,28.22,80.86,28.22,0,13,0.68,60.18,33.21,0,11,0.95,18.52,51.67,134.208,28.263,0.43,0,16,64.448,76.449,48.438
2025-12-01 20:50,33.09,,33.09,28.22,86.12,28.22,0,13,0.69,61.47,33.22,0,11,0.95,18.52,51.67,134.206,0,0.43,0,16,64.45,83.505,48.457
2025-12-01 21:00,33.09,,33.09,28.22,84.81,28.22,0,13,0.69,63.79,33.22,0,11,0.95,18.52,51.67,134.207,0,0.43,0,16,64.45,83.505,48.454
2025-12-01 21:10,33.09,,33.09,28.22,82.84,28.22,0,13,0.68,62.49,33.21,0,11,0.95,18.52,51.67,134.208,0,0.43,0,16,64.45,55.511,48.454
2025-12-01 21:20,33.09,,33.09,28.22,84.81,28.22,0,13,0.68,63.65,33.21,0,11,0.95,18.52,51.67,134.208,56.097,0.43,0,16,64.446,34.4,48.458
2025-12-01 21:30,33.09,,33.09,28.22,80.86,28.22,0,13,0.69,62.63,33.22,0,11,0.96,18.52,51.68,134.208,36.208,0.43,0,16,64.44,13.366,48.353
2025-12-01 21:40,33.09,,33.09,28.22,80.86,28.22,0,13,0.68,64.81,33.21,0,11,0.96,18.52,51.68,134.209,48.152,0.43,0,16,64.44,13.334,48.357
2025-12-01 21:50,33.09,,33.09,28.22,79.55,28.22,0,13,0.68,64.81,33.21,0,11,0.96,18.52,51.68,134.209,48.152,0.43,0,16,64.44,27.355,48.354
2025-12-01 22:00,33.09,,33.09,28.21,76.92,28.21,0,13,0.68,62.49,33.21,0,11,0.96,18.52,51.68,134.209,28.263,0.43,0,16,64.44,48.355,48.355
2025-12-01 22:10,33.09,,33.09,28.21,77.58,28.21,0,13,0.68,63.65,33.21,0,11,0.96,18.52,51.68,134.21,44.152,0.43,0,16,64.44,48.351,48.343
2025-12-01 22:20,33.09,,33.09,28.21,81.52,28.21,0,13,0.68,62.49,33.21,0,11,0.96,18.52,51.68,134.21,36.208,0.43,0,16,64.44,48.351,48.354
2025-12-01 22:30,33.09,,33.09,28.21,76.26,28.21,0,13,0.68,60.18,33.21,0,11,0.96,18.52,51.68,134.212,123.763,0.43,0,16,64.44,48.352,48.36
2025-12-01 22:40,33.09,,33.09,28.21,75.6,28.21,0,13,0.68,62.49,33.21,0,11,0.96,18.52,51.68,134.213,103.874,0.43,0,16,64.44,48.355,48.352
2025-12-01 22:50,33.09,,33.09,28.21,75.6,28.21,0,13,0.67,62.36,33.2,0,11,0.96,18.52,51.68,134.212,95.93,0.43,0,16,64.44,48.356,48.357
2025-12-01 23:00,33.09,,33.09,28.21,78.89,28.21,0,13,0.67,64.67,33.2,0,11,0.96,18.52,51.68,134.213,28.263,0.43,0,16,64.432,20.328,48.276
2025-12-01 23:10,33.09,,33.09,28.21,76.92,28.21,0,13,0.67,61.2,33.2,0,11,0.96,18.52,51.68,134.214,60.097,0.43,0,16,64.43,13.287,48.229
2025-12-01 23:20,33.08,,33.08,28.21,79.55,28.21,0,13,0.67,62.36,33.2,0,11,0.96,18.52,51.68,134.214,68.041,0.43,0,16,64.43,13.218,48.15
2025-12-01 23:30,33.08,,33.08,28.21,75.6,28.21,0,13,0.67,62.36,33.2,0,11,0.96,18.52,51.68,134.213,28.263,0.43,0,16,64.43,41.175,48.145
2025-12-01 23:40,33.07,,33.07,28.19,77.58,28.19,0,13,0.67,60.05,33.2,0,11,0.96,18.52,51.68,134.214,0,0.43,0,16,64.43,48.149,48.153
2025-12-01 23:50,33.07,,33.07,28.17,76.26,28.17,0,13,0.67,58.89,33.2,0,11,0.96,18.52,51.68,134.214,8.374,0.43,0,16,64.43,48.15,48.151
2025-12-02 0:00,33.07,,33.07,28.16,73.09,28.16,0,13,0.68,57.87,33.21,0,11,0.96,18.52,51.68,134.214,24.319,0.43,0,16,64.43,48.152,48.152
2025-12-02 0:10,33.07,,33.07,28.16,60.69,28.16,0,13,0.68,59.02,33.21,0,11,0.96,18.52,51.68,134.215,36.263,0.43,0,16,64.421,16.757,48.135
2025-12-02 0:20,33.07,,33.07,28.15,57.43,28.15,0,13,0.68,53.24,33.21,0,11,0.96,18.52,51.68,134.214,0,0.43,0,16,64.42,13.223,48.048
2025-12-02 0:30,33.07,,33.07,28.15,55.47,28.15,0,13,0.69,53.35,33.22,0,11,0.96,18.52,51.68,134.213,0,0.43,0,16,64.42,13.19,48.055
2025-12-02 0:40,33.07,,33.07,28.15,54.82,28.15,0,13,0.69,55.67,33.22,0,11,0.96,18.52,51.68,134.217,103.874,0.43,0,16,64.42,44.551,48.051
2025-12-02 0:50,33.08,,33.08,28.16,54.82,28.16,0,13,0.69,55.67,33.22,0,11,0.96,18.52,51.68,134.215,75.986,0.43,0,16,64.42,48.051,48.048
2025-12-02 1:00,33.08,,33.08,28.16,54.17,28.16,0,13,0.69,56.83,33.22,0,11,0.96,18.52,51.68,134.216,111.819,0.43,0,16,64.42,48.052,48.058
2025-12-02 1:10,33.08,,33.08,28.17,57.2,28.17,0,13,0.69,51.03,33.22,0,11,0.96,18.52,51.68,134.217,0,0.43,0,16,64.416,34.111,48.059
2025-12-02 1:20,33.08,,33.08,28.17,57.85,28.17,0,13,0.69,52.19,33.22,0,11,0.96,18.52,51.68,134.218,99.93,0.43,0,16,64.41,13.251,47.97
2025-12-02 1:30,33.08,,33.08,28.17,63.11,28.17,0,13,0.69,48.71,33.22,0,11,0.96,18.52,51.68,134.217,60.097,0.43,0,16,64.41,13.216,47.953
2025-12-02 1:40,33.08,,33.08,28.17,62.46,28.17,0,13,0.69,55.67,33.22,0,11,0.96,18.52,51.68,134.218,48.152,0.43,0,16,64.41,27.123,47.945
2025-12-02 1:50,33.08,,33.08,28.17,61.14,28.17,0,13,0.69,55.67,33.22,0,11,0.96,18.52,51.68,134.218,0,0.43,0,16,64.41,47.95,47.953
2025-12-02 2:00,33.08,,33.08,28.17,61.14,28.17,0,13,0.7,54.63,33.23,0,11,0.96,18.52,51.68,134.218,8.374,0.43,0,16,64.41,47.949,47.949
2025-12-02 2:10,33.08,,33.08,28.17,63.77,28.17,0,13,0.7,53.47,33.23,0,11,0.96,18.52,51.68,134.218,0,0.43,0,16,64.41,47.95,47.947
2025-12-02 2:20,33.08,,33.08,28.18,59.17,28.18,0,13,0.69,52.19,33.22,0,11,0.96,18.52,51.68,134.217,0,0.43,0,16,64.4,13.212,47.906
2025-12-02 2:30,33.08,,33.08,28.17,59.17,28.17,0,13,0.69,54.51,33.22,0,11,0.96,18.52,51.68,134.218,8.374,0.43,0,16,64.4,13.18,47.855
2025-12-02 2:40,33.08,,33.08,28.17,58.51,28.17,0,13,0.69,54.51,33.22,0,11,0.96,18.52,51.68,134.218,20.319,0.43,0,16,64.4,13.148,47.85
2025-12-02 2:50,33.09,,33.09,28.17,58.51,28.17,0,13,0.69,57.99,33.22,0,11,0.97,18.52,51.69,134.218,32.208,0.43,0,16,64.4,47.852,47.851
2025-12-02 3:00,33.09,,33.09,28.18,58.51,28.18,0,13,0.69,54.51,33.22,0,11,0.97,18.52,51.69,134.217,0,0.43,0,16,64.4,47.85,47.849
2025-12-02 3:10,33.09,,33.09,28.18,58.51,28.18,0,13,0.69,55.67,33.22,0,11,0.97,18.52,51.69,134.217,0,0.43,0,16,64.394,27.122,47.832
2025-12-02 3:20,33.09,,33.09,28.18,57.85,28.18,0,13,0.69,55.67,33.22,0,11,0.97,18.52,51.69,134.217,0,0.43,0,16,64.39,13.255,47.752
2025-12-02 3:30,33.09,,33.09,28.18,59.17,28.18,0,13,0.7,52.3,33.23,0,11,0.97,18.52,51.69,134.218,16.374,0.43,0,16,64.39,13.224,47.755
2025-12-02 3:40,33.09,,33.09,28.18,58.51,28.18,0,13,0.7,53.47,33.23,0,11,0.97,18.52,51.69,134.219,48.152,0.43,0,16,64.39,33.919,47.75
2025-12-02 3:50,33.09,,33.09,28.18,60.48,28.18,0,13,0.7,51.14,33.23,0,11,0.97,18.52,51.69,134.219,72.041,0.43,0,16,64.39,47.754,47.756
2025-12-02 4:00,33.09,,33.09,28.18,58.51,28.18,0,13,0.7,52.3,33.23,0,11,0.97,18.52,51.69,134.219,60.097,0.43,0,16,64.381,16.619,47.684
2025-12-02 4:10,33.09,,33.09,28.18,60.92,28.18,0,13,0.7,53.47,33.23,0,11,0.97,18.52,51.69,134.219,36.263,0.43,0,16,64.38,13.139,47.644
2025-12-02 4:20,33.09,,33.09,28.18,59.6,28.18,0,13,0.7,53.47,33.23,0,11,0.97,18.52,51.69,134.219,0,0.43,0,16,64.38,13.105,47.655
2025-12-02 4:30,33.09,,33.09,28.18,60.26,28.18,0,13,0.7,52.3,33.23,0,11,0.97,18.52,51.69,134.219,0.43,0.43,0,16,64.38,44.207,47.655
2025-12-02 4:40,33.09,,33.09,28.18,58.28,28.18,0,13,0.7,55.79,33.23,0,11,0.97,18.52,51.69,134.221,56.097,0.43,0,16,64.38,47.653,47.648
2025-12-02 4:50,33.09,,33.09,28.18,57.61,28.18,0,13,0.69,53.35,33.22,0,11,0.97,18.52,51.69,134.221,91.93,0.43,0,16,64.378,40.759,47.641
2025-12-02 5:00,33.09,,33.09,28.18,59.6,28.18,0,13,0.7,53.47,33.23,0,11,0.97,18.52,51.69,134.222,115.819,0.43,0,16,64.375,30.39,47.548
2025-12-02 5:10,33.09,,33.09,28.18,60.92,28.18,0,13,0.7,54.63,33.23,0,11,0.97,18.52,51.69,134.222,52.152,0.43,0,16,64.37,13.192,47.553
2025-12-02 5:20,33.09,,33.09,28.19,58.28,28.19,0,13,0.71,57.08,33.24,0,11,0.97,18.52,51.69,134.222,28.319,0.43,0,16,64.37,20.052,47.555
2025-12-02 5:30,33.09,,33.09,28.19,58.94,28.19,0,13,0.71,53.58,33.24,0,11,0.97,18.52,51.69,134.222,0,0.43,0,16,64.37,30.386,47.55
2025-12-02 5:40,33.09,,33.09,28.19,58.94,28.19,0,13,0.71,48.92,33.24,0,11,0.97,18.52,51.69,134.222,0.43,0.43,0,16,64.369,44.078,47.461
2025-12-02 5:50,33.09,,33.09,28.19,58.94,28.19,0,13,0.71,53.58,33.24,0,11,0.97,18.52,51.69,134.223,28.263,0.43,0,16,64.362,20.042,47.447
2025-12-02 6:00,33.09,,33.09,28.19,58.28,28.19,0,13,0.71,57.08,33.24,0,11,0.97,18.52,51.69,134.223,48.208,0.43,0,16,64.36,13.117,47.443
2025-12-02 6:10,33.09,,33.09,28.19,58.94,28.19,0,13,0.71,59.41,33.24,0,11,0.97,18.52,51.69,134.224,60.152,0.43,0,16,64.36,16.561,47.46
2025-12-02 6:20,33.09,,33.09,28.19,57.61,28.19,0,13,0.7,58.12,33.23,0,11,0.97,18.52,51.69,134.224,44.208,0.43,0,16,64.36,40.526,47.341
2025-12-02 6:30,33.09,,33.09,28.19,58.94,28.19,0,13,0.71,57.08,33.24,0,11,0.97,18.52,51.69,134.222,0,0.43,0,16,64.352,19.995,47.352
2025-12-02 6:40,33.09,,33.09,28.19,62.91,28.19,0,13,0.71,60.57,33.24,0,11,0.97,18.52,51.69,134.223,0,0.43,0,16,64.35,13.096,47.263
2025-12-02 6:50,33.09,,33.09,28.19,62.25,28.19,0,13,0.71,59.41,33.24,0,11,0.97,18.52,51.69,134.224,20.319,0.43,0,16,64.35,13.065,47.247
2025-12-02 7:00,33.09,,33.09,28.19,58.28,28.19,0,13,0.71,62.9,33.24,0,11,0.97,18.52,51.69,134.224,48.208,0.43,0,16,64.35,40.421,47.253
2025-12-02 7:10,33.09,,33.09,28.19,59.6,28.19,0,13,0.7,56.95,33.23,0,11,0.97,18.52,51.69,134.225,56.097,0.43,0,16,64.35,47.249,47.246
2025-12-02 7:20,33.09,,33.09,28.19,59.6,28.19,0,13,0.71,59.41,33.24,0,11,0.97,18.52,51.69,134.225,28.263,0.43,0,16,64.347,36.973,47.254
2025-12-02 7:30,33.09,,33.09,28.19,57.61,28.19,0,13,0.71,59.41,33.24,0,11,0.97,18.52,51.69,134.225,60.097,0.43,0,16,64.34,13.067,47.202
2025-12-02 7:40,33.09,,33.09,28.19,56.95,28.19,0,13,0.71,54.75,33.24,0,11,0.97,18.52,51.69,134.226,40.263,0.43,0,16,64.34,13.174,47.566
2025-12-02 7:50,33.09,,33.09,28.19,64.9,28.19,0,13,0.71,57.08,33.24,0,11,0.96,18.52,51.68,134.227,68.097,0.43,0,16,64.34,23.57,47.609
2025-12-02 8:00,33.09,,33.09,28.19,58.28,28.19,0,13,0.71,54.75,33.24,0,11,0.96,18.52,51.68,134.225,7.753,10.399,0,16,64.34,47.601,47.628
2025-12-02 8:10,33.09,,33.09,28.19,58.28,28.19,0,13,0.71,52.42,33.24,0,11,0.96,18.52,51.68,134.223,0,155.396,0,16,64.34,47.764,48.055
2025-12-02 8:20,33.09,,33.09,28.19,59.6,28.19,0,13,0.71,52.42,33.24,0,11,0.96,18.52,51.68,134.221,0,155.23,0,16,64.337,37.778,48.317
2025-12-02 8:30,33.09,,33.09,28.19,58.94,28.19,0,13,0.71,52.42,33.24,0,11,0.96,18.52,51.68,134.222,44.705,157.822,0,16,64.33,14.245,48.362
2025-12-02 8:40,33.09,,33.09,28.19,63.57,28.19,0,13,0.71,48.92,33.24,0,11,0.96,18.52,51.68,134.221,61.3,157.18,0,16,64.33,14.367,48.421
2025-12-02 8:50,33.09,,33.09,28.19,61.59,28.19,0,13,0.71,48.92,33.24,0,11,0.96,18.52,51.68,134.22,115.952,152.188,0,16,64.33,24.624,48.422
2025-12-02 9:00,33.09,,33.09,28.19,57.61,28.19,0,13,0.71,50.09,33.24,0,11,0.96,18.52,51.68,134.22,78.874,165.92,0,16,64.33,48.448,48.5
2025-12-02 9:10,33.09,,33.09,28.19,58.94,28.19,0,13,0.71,48.92,33.24,0,11,0.96,18.52,51.68,134.216,22.872,299.675,0,16,64.33,48.574,48.8
2025-12-02 9:20,33.09,,33.09,28.19,59.6,28.19,0,13,0.71,47.76,33.24,0,11,0.96,18.52,51.68,134.216,78.898,308.098,0,16,64.32,14.801,48.935
2025-12-02 9:30,33.09,,33.09,28.19,59.6,28.19,0,13,0.7,53.47,33.23,0,11,0.96,18.52,51.68,134.216,134.579,309.131,0,16,64.32,14.948,48.941
2025-12-02 9:40,33.09,,33.09,28.19,70.2,28.19,0,13,0.7,55.79,33.23,0,11,0.95,18.52,51.67,134.214,225.477,297.868,0,16,64.32,14.998,48.95
2025-12-02 9:50,33.09,,33.09,28.19,72.18,28.19,0,13,0.7,56.95,33.23,0,11,0.95,18.52,51.67,134.211,104.682,303.715,0,16,64.32,48.976,49.037
2025-12-02 10:00,33.09,,33.09,28.19,67.55,28.19,0,13,0.71,55.91,33.24,0,11,0.95,18.52,51.67,134.211,78.22,301.409,0,16,64.32,49.009,49.041
2025-12-02 10:10,33.09,,33.09,28.19,70.86,28.19,0,13,0.71,57.08,33.24,0,11,0.95,18.52,51.67,134.209,116.738,305.922,0,16,64.32,49.043,49.051
2025-12-02 10:20,33.09,,33.09,28.2,76.16,28.2,0,13,0.71,61.74,33.24,0,11,0.96,18.52,51.68,134.208,175.631,313.397,0,16,64.34,117.035,49.179
2025-12-02 10:30,33.09,,33.09,28.2,73.37,28.2,0,13,0.7,65.09,33.23,0,11,0.95,18.52,51.67,134.206,148.781,316.193,0,16,64.365,202.723,49.44
2025-12-02 10:40,33.09,,33.09,28.2,80.04,28.2,0,13,0.71,66.39,33.24,0,11,0.95,18.52,51.67,134.208,193.732,154.439,0,16,64.39,288.999,49.545
2025-12-02 10:50,33.09,,33.09,28.2,86.05,28.2,0,13,0.7,67.41,33.23,0,11,0.95,18.52,51.67,134.205,104.3,152.434,0,16,64.407,280.022,49.581
2025-12-02 11:00,33.09,,33.09,28.2,95.38,28.2,0,13,0.7,75.55,33.23,0,11,0.95,18.52,51.67,134.203,0,143.311,0,16,64.42,239.761,49.658
2025-12-02 11:10,33.09,,33.09,28.2,94.05,28.2,0,13,0.71,73.38,33.24,0,11,0.95,18.52,51.67,134.199,0,150.532,0,16,64.44,223.615,49.772
2025-12-02 11:20,33.1,,33.1,28.2,88.08,28.2,0,13,0.7,73.23,33.23,0,11,0.94,18.52,51.66,134.198,0,134.827,0,16,64.46,235.114,49.911
2025-12-02 11:30,33.1,,33.1,28.2,86.05,28.2,0,13,0.71,73.38,33.24,0,11,0.94,18.52,51.66,134.197,0,136.811,0,16,64.49,296.049,50.131
2025-12-02 11:40,33.1,,33.1,28.2,86.05,28.2,0,13,0.71,67.56,33.24,0,11,0.94,18.52,51.66,134.198,39.023,0.43,0,16,64.51,297.412,50.193
2025-12-02 11:50,33.1,,33.1,28.2,79.38,28.2,0,13,0.71,64.07,33.24,0,11,0.95,18.52,51.67,134.198,14.057,0.43,0,16,64.522,270.159,50.152
2025-12-02 12:00,33.1,,33.1,28.19,80.04,28.19,0,13,0.71,66.39,33.24,0,11,0.94,18.52,51.66,134.196,0,0.43,0,16,64.53,192.773,50.142
2025-12-02 12:10,33.1,,33.1,28.2,76.71,28.2,0,13,0.71,71.05,33.24,0,11,0.94,18.52,51.66,134.195,0,0.43,0,16,64.54,157.535,50.145
2025-12-02 12:20,33.1,,33.1,28.2,78.04,28.2,0,13,0.71,69.89,33.24,0,11,0.94,18.52,51.66,134.194,0,0.43,0,16,64.551,154.281,50.223
2025-12-02 12:30,33.1,,33.1,28.2,78.71,28.2,0,13,0.71,68.72,33.24,0,11,0.94,18.52,51.66,134.198,87.93,0.43,0,16,64.564,172.6,50.264
2025-12-02 12:40,33.1,,33.1,28.21,82.04,28.21,0,13,0.72,68.87,33.25,0,11,0.95,18.52,51.67,134.194,0,0.43,0,16,64.577,183.899,50.377
2025-12-02 12:50,33.1,,33.1,28.21,91.38,28.21,0,13,0.71,69.89,33.24,0,11,0.95,18.52,51.67,134.193,0,0.43,0,16,64.586,177.023,50.429
2025-12-02 13:00,33.1,,33.1,28.21,91.38,28.21,0,13,0.71,73.38,33.24,0,11,0.95,18.52,51.67,134.193,0,0.43,0,16,64.581,112.019,50.417
2025-12-02 13:10,33.1,,33.1,28.2,92.72,28.2,0,13,0.71,74.55,33.24,0,11,0.94,18.52,51.66,134.195,44.152,0.43,0,16,64.58,61.222,50.319
2025-12-02 13:20,33.1,,33.1,28.21,86.05,28.21,0,13,0.72,77.04,33.25,0,11,0.94,18.52,51.66,134.196,119.708,0.43,0,16,64.58,28.52,50.323
2025-12-02 13:30,33.1,,33.1,28.21,86.71,28.21,0,13,0.72,73.54,33.25,0,11,0.95,18.52,51.67,134.198,203.208,0.43,0,16,64.58,46.652,50.315
2025-12-02 13:40,33.1,,33.1,28.21,89.38,28.21,0,13,0.71,71.05,33.24,0,11,0.94,18.52,51.66,134.197,95.874,0.43,0,16,64.58,50.319,50.32
2025-12-02 13:50,33.1,,33.1,28.2,89.38,28.2,0,13,0.72,72.37,33.25,0,11,0.94,18.52,51.66,134.198,60.041,0.43,0,16,64.587,75.761,50.314
2025-12-02 14:00,33.1,,33.1,28.21,90.05,28.21,0,13,0.71,74.55,33.24,0,11,0.95,18.52,51.67,134.197,0,0.43,0,16,64.59,86.718,50.353
2025-12-02 14:10,33.1,,33.1,28.21,91.38,28.21,0,13,0.71,72.22,33.24,0,11,0.94,18.52,51.66,134.197,4.43,0.43,0,16,64.59,86.716,50.313
2025-12-02 14:20,33.1,,33.1,28.21,90.05,28.21,0,13,0.71,71.05,33.24,0,11,0.94,18.52,51.66,134.197,0,0.43,0,16,64.58,24.873,50.287
2025-12-02 14:30,33.1,,33.1,28.21,88.05,28.21,0,13,0.71,73.38,33.24,0,11,0.94,18.52,51.66,134.197,0.43,0.43,0,16,64.58,13.88,50.206
2025-12-02 14:40,33.1,,33.1,28.21,89.38,28.21,0,13,0.71,71.05,33.24,0,11,0.94,18.52,51.66,134.197,0,0.43,0,16,64.57,0,50.554
2025-12-02 14:50,33.1,,33.1,28.21,88.05,28.21,0,13,0.7,69.74,33.23,0,11,0.94,18.52,51.66,134.197,0,0.43,0,16,64.556,0,80.25
2025-12-02 15:00,33.1,,33.1,28.21,86.71,28.21,0,13,0.72,71.21,33.25,0,11,0.94,18.52,51.66,134.197,0,0.43,0,16,64.56,0,59.523
2025-12-02 15:10,33.1,,33.1,28.21,89.38,28.21,0,13,0.71,68.72,33.24,0,11,0.94,18.52,51.66,134.194,0,136.259,0,16,64.56,30.095,59.013
2025-12-02 15:20,33.1,,33.1,28.21,85.38,28.21,0,13,0.7,72.06,33.23,0,11,0.94,18.52,51.66,134.194,0,157.931,0,16,64.561,77.376,59.425
2025-12-02 15:30,33.1,,33.1,28.21,83.38,28.21,0,13,0.72,67.71,33.25,0,11,0.94,18.52,51.66,134.194,26.045,153.611,0,16,64.557,48.393,59.24
2025-12-02 15:40,33.1,,33.1,28.21,82.04,28.21,0,13,0.71,72.22,33.24,0,11,0.94,18.52,51.66,134.194,124.472,157.205,0,16,64.55,23.23,59.191
2025-12-02 15:50,33.1,,33.1,28.21,86.05,28.21,0,13,0.71,67.56,33.24,0,11,0.95,18.52,51.67,134.192,101.21,159.813,0,16,64.542,0,59.432
2025-12-02 16:00,33.1,,33.1,28.21,84.65,28.21,0,13,0.72,71.21,33.25,0,11,0.96,18.52,51.68,134.192,98.149,156.429,0,16,64.538,0,58.91
2025-12-02 16:10,33.1,,33.1,28.21,83.31,28.21,0,13,0.71,68.72,33.24,0,11,0.94,18.52,51.66,134.19,0,146.443,0,16,64.534,1.369,58.266
2025-12-02 16:20,33.1,,33.1,28.22,75.24,28.22,0,13,0.72,64.2,33.25,0,11,0.94,18.52,51.66,134.184,0,155.935,0,16,64.53,15.62,59.016
2025-12-02 16:30,33.1,,33.1,28.22,90.02,28.22,0,13,0.73,67.85,33.26,0,11,0.93,18.52,51.65,134.182,0,156.075,0,16,64.53,30.051,59.039
2025-12-02 16:40,33.1,,33.1,28.22,98.09,28.22,0,13,0.71,73.38,33.24,0,11,0.94,18.52,51.66,134.182,0,153.982,0,16,64.53,44.684,59.162
2025-12-02 16:50,33.1,,33.1,28.21,103.46,28.21,0,13,0.71,80.37,33.24,0,11,0.94,18.52,51.66,134.18,0,157.217,0,16,64.533,69.91,59.196
2025-12-02 17:00,33.1,,33.1,28.21,100.72,28.21,0,13,0.7,75.55,33.23,0,11,0.93,18.52,51.65,134.183,138.376,56.26,0,16,64.542,102.305,59.222
2025-12-02 17:10,33.1,,33.1,28.21,93.38,28.21,0,13,0.72,68.87,33.25,0,11,0.94,18.52,51.66,134.189,365.469,0.43,0,16,64.55,131.061,59.099
2025-12-02 17:20,33.1,,33.1,28.21,88.71,28.21,0,13,0.71,67.56,33.24,0,11,0.94,18.52,51.66,134.192,484.151,0.43,0,16,64.558,149.211,59.479
2025-12-02 17:30,33.1,,33.1,28.2,85.38,28.2,0,13,0.71,64.07,33.24,0,11,0.95,18.52,51.67,134.191,322.43,0.43,0,16,64.561,127.815,59.532
2025-12-02 17:40,33.1,,33.1,28.2,81.38,28.2,0,13,0.71,62.9,33.24,0,11,0.96,18.52,51.68,134.191,71.986,0.43,0,16,64.57,131.717,59.472
2025-12-02 17:50,33.1,,33.1,28.2,78.04,28.2,0,13,0.71,62.9,33.24,0,11,0.96,18.52,51.68,134.189,0,0.43,0,16,64.575,121.051,59.648
2025-12-02 18:00,33.1,,33.1,28.2,78.04,28.2,0,13,0.71,71.05,33.24,0,11,0.95,18.52,51.67,134.185,0,0.43,0,16,64.58,128.357,59.619
2025-12-02 18:10,33.1,,33.1,28.2,77.37,28.2,0,13,0.72,68.87,33.25,0,11,0.94,18.52,51.66,134.185,0,0.43,0,16,64.584,110.397,59.591
2025-12-02 18:20,33.1,,33.1,28.2,79.38,28.2,0,13,0.72,66.54,33.25,0,11,0.94,18.52,51.66,134.186,0,0.43,0,16,64.589,110.457,59.662
2025-12-02 18:30,33.1,,33.1,28.2,80.71,28.2,0,13,0.71,65.23,33.24,0,11,0.94,18.52,51.66,134.187,48.097,0.43,0,16,64.589,92.375,59.707
2025-12-02 18:40,33.1,,33.1,28.2,86.05,28.2,0,13,0.71,69.89,33.24,0,11,0.94,18.52,51.66,134.187,71.93,0.43,0,16,64.583,56.073,59.682
2025-12-02 18:50,33.1,,33.1,28.2,82.71,28.2,0,13,0.71,69.89,33.24,0,11,0.96,18.52,51.68,134.188,68.041,0.43,0,16,64.58,27.026,59.857
2025-12-02 19:00,33.1,,33.1,28.2,82.71,28.2,0,13,0.7,66.25,33.23,0,11,0.96,18.52,51.68,134.189,79.93,0.43,0,16,64.58,27.059,59.805
2025-12-02 19:10,33.1,,33.1,28.2,80.71,28.2,0,13,0.72,67.71,33.25,0,11,0.95,18.52,51.67,134.189,75.986,0.43,0,16,64.58,49.072,60.386
2025-12-02 19:20,33.1,,33.1,28.2,77.37,28.2,0,13,0.71,67.56,33.24,0,11,0.95,18.52,51.67,134.189,48.152,0.43,0,16,64.58,60.359,60.885
2025-12-02 19:30,33.1,,33.1,28.2,75.37,28.2,0,13,0.72,68.87,33.25,0,11,0.95,18.52,51.67,134.189,24.319,0.43,0,16,64.58,60.716,60.877
2025-12-02 19:40,33.1,,33.1,28.2,73.37,28.2,0,13,0.71,69.89,33.24,0,11,0.94,18.52,51.66,134.19,32.208,0.43,0,16,64.57,24.977,61.835
2025-12-02 19:50,33.1,,33.1,28.2,73.37,28.2,0,13,0.71,72.22,33.24,0,11,0.94,18.52,51.66,134.191,83.874,0.43,0,16,64.57,24.764,60.246
2025-12-02 20:00,33.1,,33.1,28.2,71.37,28.2,0,13,0.71,71.05,33.24,0,11,0.94,18.52,51.66,134.19,40.152,0.43,0,16,64.562,0,60.081
2025-12-02 20:10,33.1,,33.1,28.2,73.37,28.2,0,13,0.72,66.54,33.25,0,11,0.94,18.52,51.66,134.19,32.263,0.43,0,16,64.56,23.97,60.083
2025-12-02 20:20,33.1,,33.1,28.2,75.37,28.2,0,13,0.71,64.07,33.24,0,11,0.94,18.52,51.66,134.191,0,0.43,0,16,64.56,23.963,60.224
2025-12-02 20:30,33.1,,33.1,28.2,78.71,28.2,0,13,0.72,64.2,33.25,0,11,0.94,18.52,51.66,134.191,16.374,0.43,0,16,64.56,52.911,60.094
2025-12-02 20:40,33.1,,33.1,28.2,78.71,28.2,0,13,0.71,64.07,33.24,0,11,0.95,18.52,51.67,134.191,28.263,0.43,0,16,64.554,38.538,60.297
2025-12-02 20:50,33.1,,33.1,28.2,78.71,28.2,0,13,0.71,64.07,33.24,0,11,0.94,18.52,51.66,134.191,24.263,0.43,0,16,64.55,24.186,60.334
2025-12-02 21:00,33.1,,33.1,28.2,82.04,28.2,0,13,0.71,67.56,33.24,0,11,0.94,18.52,51.66,134.191,0.43,0.43,0,16,64.549,20.624,60.24
2025-12-02 21:10,33.1,,33.1,28.2,80.71,28.2,0,13,0.71,60.57,33.24,0,11,0.93,18.52,51.65,134.191,0,0.43,0,16,64.542,17.055,60.09
2025-12-02 21:20,33.1,,33.1,28.21,80.71,28.21,0,13,0.71,61.74,33.24,0,11,0.94,18.52,51.66,134.191,0,0.43,0,16,64.54,24.164,60.161
2025-12-02 21:30,33.1,,33.1,28.2,80.04,28.2,0,13,0.72,64.2,33.25,0,11,0.95,18.52,51.67,134.19,0,0.43,0,16,64.539,24.264,60.374
2025-12-02 21:40,33.1,,33.1,28.2,76.71,28.2,0,13,0.71,61.74,33.24,0,11,0.94,18.52,51.66,134.189,0,0.43,0,16,64.532,24.368,60.403
2025-12-02 21:50,33.1,,33.1,28.2,74.71,28.2,0,13,0.71,64.07,33.24,0,11,0.95,18.52,51.67,134.19,0,0.43,0,16,64.528,17.273,60.208
2025-12-02 22:00,33.1,,33.1,28.2,82.04,28.2,0,13,0.71,68.72,33.24,0,11,0.95,18.52,51.67,134.191,36.208,0.43,0,16,64.52,0,60.219
2025-12-02 22:10,33.1,,33.1,28.2,84.04,28.2,0,13,0.72,71.21,33.25,0,11,0.95,18.52,51.67,134.192,103.819,0.43,0,16,64.52,17.454,60.769
2025-12-02 22:20,33.1,,33.1,28.2,84.71,28.2,0,13,0.72,71.21,33.25,0,11,0.95,18.52,51.67,134.193,115.708,0.43,0,16,64.516,17.552,60.334
2025-12-02 22:30,33.1,,33.1,28.21,84.04,28.21,0,13,0.72,70.04,33.25,0,11,0.94,18.52,51.66,134.192,68.041,0.43,0,16,64.511,28.33,60.22
2025-12-02 22:40,33.1,,33.1,28.21,78.71,28.21,0,13,0.71,65.23,33.24,0,11,0.94,18.52,51.66,134.193,52.097,0.43,0,16,64.51,24.496,60.101
2025-12-02 22:50,33.1,,33.1,28.21,77.37,28.21,0,13,0.72,66.54,33.25,0,11,0.95,18.52,51.67,134.192,0,0.43,0,16,64.503,13.79,60.215
2025-12-02 23:00,33.1,,33.1,28.21,81.29,28.21,0,13,0.72,64.2,33.25,0,11,0.94,18.52,51.66,134.193,20.319,0.43,0,16,64.496,6.707,60.14
2025-12-02 23:10,33.1,,33.1,28.21,84.65,28.21,0,13,0.71,64.07,33.24,0,11,0.95,18.52,51.67,134.193,8.374,0.43,0,16,64.49,0,60.309
2025-12-02 23:20,33.1,,33.1,28.21,83.98,28.21,0,13,0.71,73.38,33.24,0,11,0.95,18.52,51.67,134.194,75.986,0.43,0,16,64.49,13.971,59.963
2025-12-02 23:30,33.1,,33.1,28.21,90.7,28.21,0,13,0.72,74.71,33.25,0,11,0.94,18.52,51.66,134.195,67.986,0.43,0,16,64.486,24.749,60.307
2025-12-02 23:40,33.1,,33.1,28.21,90.02,28.21,0,13,0.71,73.38,33.24,0,11,0.94,18.52,51.66,134.196,103.819,0.43,0,16,64.481,28.257,60.169
2025-12-02 23:50,33.1,,33.1,28.21,88.71,28.21,0,13,0.7,72.06,33.23,0,11,0.94,18.52,51.66,134.197,103.819,0.43,0,16,64.48,24.75,60.108
2025-12-03 0:00,33.1,,33.1,28.21,89.38,28.21,0,13,0.72,67.71,33.25,0,11,0.94,18.52,51.66,134.198,135.652,0.43,0,16,64.475,21.135,59.962
2025-12-03 0:10,33.1,,33.1,28.21,88.71,28.21,0,13,0.72,67.71,33.25,0,11,0.94,18.52,51.66,134.198,95.874,0.43,0,16,64.47,20.946,59.435
2025-12-03 0:20,33.1,,33.1,28.21,86.66,28.21,0,13,0.71,64.07,33.24,0,11,0.94,18.52,51.66,134.197,16.319,0.43,0,16,64.467,13.232,57.966
2025-12-03 0:30,33.1,,33.1,28.21,82.04,28.21,0,13,0.72,70.04,33.25,0,11,0.95,18.52,51.67,134.196,0,0.43,0,16,64.46,5.535,57.87
2025-12-03 0:40,33.1,,33.1,28.21,90.05,28.21,0,13,0.72,70.04,33.25,0,11,0.94,18.52,51.66,134.196,0,0.43,0,16,64.46,22.646,57.769
2025-12-03 0:50,33.11,,33.11,28.21,90.05,28.21,0,13,0.72,65.37,33.25,0,11,0.95,18.52,51.67,134.198,52.097,0.43,0,16,64.454,12.082,57.94
2025-12-03 1:00,33.11,,33.11,28.21,86.05,28.21,0,13,0.72,68.87,33.25,0,11,0.94,18.52,51.66,134.201,191.319,0.43,0,16,64.45,22.712,57.926
2025-12-03 1:10,33.11,,33.11,28.21,82.71,28.21,0,13,0.72,70.04,33.25,0,11,0.93,18.52,51.65,134.202,258.874,0.43,0,16,64.448,15.725,57.974
2025-12-03 1:20,33.11,,33.11,28.21,78.71,28.21,0,13,0.72,72.37,33.25,0,11,0.93,18.52,51.65,134.204,215.208,0.43,0,16,64.441,12.35,57.984
2025-12-03 1:30,33.11,,33.11,28.21,76.71,28.21,0,13,0.72,67.71,33.25,0,11,0.95,18.52,51.67,134.206,199.263,0.43,0,16,64.438,15.89,58.044
2025-12-03 1:40,33.11,,33.11,28.21,76.71,28.21,0,13,0.72,66.54,33.25,0,11,0.96,18.52,51.68,134.204,72.041,0.43,0,16,64.432,1.976,57.899
2025-12-03 1:50,33.11,,33.11,28.21,76.71,28.21,0,13,0.72,64.2,33.25,0,11,0.95,18.52,51.67,134.204,0.43,0.43,0,16,64.43,19.378,57.692
2025-12-03 2:00,33.11,,33.11,28.21,74.04,28.21,0,13,0.72,65.37,33.25,0,11,0.94,18.52,51.66,134.203,0,0.43,0,16,64.429,26.37,57.853
2025-12-03 2:10,33.11,,33.11,28.21,74.71,28.21,0,13,0.73,65.51,33.26,0,11,0.94,18.52,51.66,134.203,0,0.43,0,16,64.42,15.972,58.037
2025-12-03 2:20,33.11,,33.11,28.21,77.37,28.21,0,13,0.73,72.53,33.26,0,11,0.95,18.52,51.67,134.203,0,0.43,0,16,64.42,22.965,57.673
2025-12-03 2:30,33.11,,33.11,28.22,86.05,28.22,0,13,0.73,67.85,33.26,0,11,0.95,18.52,51.67,134.203,0,0.43,0,16,64.414,5.489,57.592
2025-12-03 2:40,33.11,,33.11,28.22,88.68,28.22,0,13,0.72,73.54,33.25,0,11,0.96,18.52,51.68,134.203,8.374,0.43,0,16,64.41,22.756,57.336
2025-12-03 2:50,33.12,,33.12,28.22,92.04,28.22,0,13,0.73,76.04,33.26,0,11,0.95,18.52,51.67,134.203,20.319,0.43,0,16,64.409,19.112,57.243
2025-12-03 3:00,33.12,,33.12,28.23,93.38,28.23,0,13,0.73,76.04,33.26,0,11,0.95,18.52,51.67,134.203,8.374,0.43,0,16,64.4,8.673,57.273
2025-12-03 3:10,33.12,,33.12,28.24,94.05,28.24,0,13,0.73,69.02,33.26,0,11,0.94,18.52,51.66,134.203,0,0.43,0,16,64.4,22.518,57.205
2025-12-03 3:20,33.12,,33.12,28.24,94.05,28.24,0,13,0.74,73.86,33.27,0,11,0.95,18.52,51.67,134.203,4.374,0.43,0,16,64.392,0,57.357
2025-12-03 3:30,33.12,,33.12,28.24,96.07,28.24,0,13,0.73,72.53,33.26,0,11,0.95,18.52,51.67,134.204,60.097,0.43,0,16,64.39,22.745,57.338
2025-12-03 3:40,33.12,,33.12,28.24,104.2,28.24,0,13,0.74,79.72,33.27,0,11,0.95,18.52,51.67,134.204,64.041,0.43,0,16,64.383,0,57.701
2025-12-03 3:50,33.12,,33.12,28.24,100.1,28.24,0,13,0.74,78.55,33.27,0,11,0.95,18.52,51.67,134.204,40.208,0.43,0,16,64.38,16.063,57.484
2025-12-03 4:00,33.13,,33.13,28.24,99.43,28.24,0,13,0.74,72.69,33.27,0,11,0.96,18.52,51.68,134.205,24.263,0.43,0,16,64.38,22.929,57.269
2025-12-03 4:10,33.13,,33.13,28.24,97.41,28.24,0,13,0.74,76.2,33.27,0,11,0.96,18.52,51.68,134.205,40.208,0.43,0,16,64.376,33.23,57.437
2025-12-03 4:20,33.13,,33.13,28.24,95.4,28.24,0,13,0.74,71.51,33.27,0,11,0.96,18.52,51.68,134.207,87.93,0.43,0,16,64.372,29.896,57.483
2025-12-03 4:30,33.13,,33.13,28.24,94.05,28.24,0,13,0.74,73.86,33.27,0,11,0.96,18.52,51.68,134.207,72.041,0.43,0,16,64.37,23.021,57.309
2025-12-03 4:40,33.13,,33.13,28.24,90.67,28.24,0,13,0.74,70.34,33.27,0,11,0.97,18.52,51.69,134.208,107.819,0.43,0,16,64.361,5.773,57.028
2025-12-03 4:50,33.13,,33.13,28.24,85.25,28.24,0,13,0.74,71.51,33.27,0,11,0.97,18.52,51.69,134.208,48.152,0.43,0,16,64.359,12.538,57.278
2025-12-03 5:00,33.13,,33.13,28.24,81.87,28.24,0,13,0.75,70.49,33.28,0,11,0.96,18.52,51.68,134.208,52.097,0.43,0,16,64.35,0,57.282
2025-12-03 5:10,33.13,,33.13,28.24,84.58,28.24,0,13,0.75,70.49,33.28,0,11,0.96,18.52,51.68,134.208,16.319,0.43,0,16,64.35,19.711,57.572
2025-12-03 5:20,33.13,,33.13,28.24,79.84,28.24,0,13,0.74,71.51,33.27,0,11,0.96,18.52,51.68,134.208,12.374,0.43,0,16,64.349,23.178,57.348
2025-12-03 5:30,33.14,,33.14,28.25,83.9,28.25,0,13,0.75,70.49,33.28,0,11,0.95,18.52,51.67,134.208,0.43,0.43,0,16,64.343,33.358,56.821
2025-12-03 5:40,33.14,,33.14,28.25,83.82,28.25,0,13,0.75,74.02,33.28,0,11,0.95,18.52,51.67,134.207,0,0.43,0,16,64.339,19.678,57.533
2025-12-03 5:50,33.14,,33.14,28.25,83.82,28.25,0,13,0.75,72.84,33.28,0,11,0.95,18.52,51.67,134.207,0,0.43,0,16,64.331,0,56.943
2025-12-03 6:00,33.14,,33.14,28.25,85.18,28.25,0,13,0.75,72.84,33.28,0,11,0.96,18.52,51.68,134.208,0,0.43,0,16,64.33,12.908,57.082
2025-12-03 6:10,33.14,,33.14,28.25,85.86,28.25,0,13,0.75,74.02,33.28,0,11,0.96,18.52,51.68,134.207,8.374,0.43,0,16,64.326,12.922,57.408
2025-12-03 6:20,33.14,,33.14,28.25,83.82,28.25,0,13,0.75,74.02,33.28,0,11,0.96,18.52,51.68,134.209,64.097,0.43,0,16,64.32,19.884,57.162
2025-12-03 6:30,33.14,,33.14,28.25,85.18,28.25,0,13,0.76,71.82,33.29,0,11,0.96,18.52,51.68,134.208,16.319,0.43,0,16,64.32,23.246,57.002
2025-12-03 6:40,33.14,,33.14,28.26,83.13,28.26,0,13,0.75,71.67,33.28,0,11,0.96,18.52,51.68,134.209,52.152,0.43,0,16,64.313,13.036,57.11
2025-12-03 6:50,33.14,,33.14,28.26,82.45,28.26,0,13,0.76,68.29,33.29,0,11,0.96,18.52,51.68,134.21,32.263,0.43,0,16,64.31,23.22,57.216
2025-12-03 7:00,33.14,,33.14,28.26,83.03,28.26,0,13,0.77,67.25,33.3,0,11,0.95,18.52,51.67,134.21,52.152,0.43,0,16,64.305,6.436,57.317
2025-12-03 7:10,33.14,,33.14,28.26,83.72,28.26,0,13,0.76,68.29,33.29,0,11,0.95,18.52,51.67,134.21,36.263,0.43,0,16,64.3,13.37,57.243
2025-12-03 7:20,33.15,,33.15,28.26,83.03,28.26,0,13,0.76,67.11,33.29,0,11,0.95,18.52,51.67,134.209,0,0.43,0,16,64.297,13.416,57.189
2025-12-03 7:30,33.15,,33.15,28.26,82.35,28.26,0,13,0.76,68.29,33.29,0,11,0.96,18.52,51.68,134.211,52.152,0.43,0,16,64.29,6.805,57.484
2025-12-03 7:40,33.15,,33.15,28.26,83.03,28.26,0,13,0.76,61.22,33.29,0,11,0.96,18.52,51.68,134.211,68.041,0.43,0,16,64.29,23.626,57.205
2025-12-03 7:50,33.15,,33.15,28.27,83.03,28.27,0,13,0.76,60.05,33.29,0,11,0.95,18.52,51.67,134.211,83.93,0.43,0,16,64.282,6.94,57.466
2025-12-03 8:00,33.15,,33.15,28.27,85.09,28.27,0,13,0.76,63.58,33.29,0,11,0.94,18.52,51.66,134.211,0,7.329,0,16,64.28,23.743,57.392
2025-12-03 8:10,33.15,,33.15,28.27,85,28.27,0,13,0.76,67.11,33.29,0,11,0.94,18.52,51.66,134.206,0,153.871,0,16,64.278,17.077,57.208
2025-12-03 8:20,33.15,,33.15,28.27,87.07,28.27,0,13,0.76,67.11,33.29,0,11,0.95,18.52,51.67,134.205,0,156.938,0,16,64.27,17.076,57.128
2025-12-03 8:30,33.15,,33.15,28.27,87.07,28.27,0,13,0.76,68.29,33.29,0,11,0.94,18.52,51.66,134.205,0,155.176,0,16,64.269,20.354,57.06
2025-12-03 8:40,33.15,,33.15,28.27,86.38,28.27,0,13,0.76,65.93,33.29,0,11,0.95,18.52,51.67,134.205,108.907,157.775,0,16,64.264,10.275,57.138
2025-12-03 8:50,33.15,,33.15,28.27,87.07,28.27,0,13,0.77,68.43,33.3,0,11,0.95,18.52,51.67,134.204,128.411,155.783,0,16,64.26,23.664,56.96
2025-12-03 9:00,33.15,,33.15,28.28,84.31,28.28,0,13,0.77,64.89,33.3,0,11,0.95,18.52,51.67,134.206,180.113,155.281,0,16,64.26,26.96,56.949
2025-12-03 9:10,33.15,,33.15,28.28,85,28.28,0,13,0.76,69.46,33.29,0,11,0.95,18.52,51.67,134.203,67.864,155.03,0,16,64.254,23.056,55.259
2025-12-03 9:20,33.15,,33.15,28.29,85.69,28.29,0,13,0.77,69.61,33.3,0,11,0.94,18.52,51.66,134.202,85.322,148.489,0,16,64.25,22.074,53.848
2025-12-03 9:30,33.15,,33.15,28.29,89.07,28.29,0,13,0.76,76.53,33.29,0,11,0.95,18.52,51.67,134.202,147.643,139.411,0,16,64.248,14.272,53.544
2025-12-03 9:40,33.15,,33.15,28.29,87.68,28.29,0,13,0.77,80.23,33.3,0,11,0.95,18.52,51.67,134.2,146.208,150.723,0,16,64.241,10.724,54.28
2025-12-03 9:50,33.15,,33.15,28.29,93.24,28.29,0,13,0.76,74.17,33.29,0,11,0.97,18.52,51.69,134.199,149.236,157.573,0,16,64.24,20.799,54.24
2025-12-03 10:00,33.15,,33.15,28.3,93.24,28.3,0,13,0.77,77.87,33.3,0,11,0.96,18.52,51.68,134.199,154.474,155.126,0,16,64.236,14.506,54.331
2025-12-03 10:10,33.15,,33.15,28.3,97.42,28.3,0,13,0.77,79.05,33.3,0,11,0.95,18.52,51.67,134.199,106.76,150.749,0,16,64.234,30.754,53.191
2025-12-03 10:20,33.15,,33.15,28.3,97.42,28.3,0,13,0.76,77.71,33.29,0,11,0.95,18.52,51.67,134.2,186.139,145.21,0,16,64.243,63.231,52.336
2025-12-03 10:30,33.15,,33.15,28.29,92.48,28.29,0,13,0.76,78.88,33.29,0,11,0.95,18.52,51.67,134.199,170.051,154.693,0,16,64.256,119.242,53.032
2025-12-03 10:40,33.15,,33.15,28.3,94.59,28.3,0,13,0.75,89.29,33.28,0,11,0.95,18.52,51.67,134.197,59.139,151.848,0,16,64.27,172.654,53.429
2025-12-03 10:50,33.15,,33.15,28.3,95.29,28.3,0,13,0.76,73,33.29,0,11,0.95,18.52,51.67,134.195,0,151.293,0,16,64.27,143.55,54.356
2025-12-03 11:00,33.15,,33.15,28.3,102.99,28.3,0,13,0.76,84.77,33.29,0,11,0.95,18.52,51.67,134.194,0,152.777,0,16,64.27,101.486,56.507
2025-12-03 11:10,33.15,,33.15,28.3,102.99,28.3,0,13,0.76,93.01,33.29,0,11,0.95,18.52,51.67,134.191,0,155.446,0,16,64.272,62.767,57.438
2025-12-03 11:20,33.15,,33.15,28.3,107.2,28.3,0,13,0.76,90.66,33.29,0,11,0.95,18.52,51.67,134.188,0,156.727,0,16,64.282,97.355,57.621
2025-12-03 11:30,33.15,,33.15,28.3,112.1,28.3,0,13,0.76,91.83,33.29,0,11,0.95,18.52,51.67,134.187,0,153.089,0,16,64.296,144.841,57.796
2025-12-03 11:40,33.15,,33.15,28.3,111.4,28.3,0,13,0.77,89.67,33.3,0,11,0.95,18.52,51.67,134.19,55.693,0.43,0,16,64.309,182.283,58.265
2025-12-03 11:50,33.15,,33.15,28.3,107.9,28.3,0,13,0.76,85.95,33.29,0,11,0.95,18.52,51.67,134.19,162.65,0.43,0,16,64.314,165.531,57.033
2025-12-03 12:00,33.15,,33.15,28.3,112.8,28.3,0,13,0.76,83.59,33.29,0,11,0.95,18.52,51.67,134.19,107.763,0.43,0,16,64.32,138.583,57.119
2025-12-03 12:10,33.15,,33.15,28.3,109.3,28.3,0,13,0.77,86.13,33.3,0,11,0.95,18.52,51.67,134.19,28.263,0.43,0,16,64.32,94.592,57.791
2025-12-03 12:20,33.15,,33.15,28.3,110,28.3,0,13,0.76,80.06,33.29,0,11,0.95,18.52,51.67,134.194,147.541,0.43,0,16,64.33,111.824,57.728
2025-12-03 12:30,33.15,,33.15,28.3,113.5,28.3,0,13,0.76,70.64,33.29,0,11,0.95,18.52,51.67,134.192,91.874,0.43,0,16,64.34,125.692,57.723
2025-12-03 12:40,33.15,,33.15,28.3,112.1,28.3,0,13,0.76,74.17,33.29,0,11,0.95,18.52,51.67,134.188,0,0.43,0,16,64.353,170.293,58.261
2025-12-03 12:50,33.15,,33.15,28.3,105.1,28.3,0,13,0.76,76.53,33.29,0,11,0.95,18.52,51.67,134.191,0,0.43,0,16,64.36,160.618,58.705
2025-12-03 13:00,33.15,,33.15,28.29,105.8,28.29,0,13,0.75,84.59,33.28,0,11,0.95,18.52,51.67,134.191,0,0.43,0,16,64.36,126.745,58.102
2025-12-03 13:10,33.15,,33.15,28.29,102.29,28.29,0,13,0.76,83.59,33.29,0,11,0.95,18.52,51.67,134.191,119.708,0.43,0,16,64.351,51.497,58.351
2025-12-03 13:20,33.15,,33.15,28.29,95.99,28.29,0,13,0.76,82.42,33.29,0,11,0.94,18.52,51.66,134.191,0.43,0.43,0,16,64.35,24.029,58.3
2025-12-03 13:30,33.15,,33.15,28.29,100.19,28.29,0,13,0.76,89.48,33.29,0,11,0.95,18.52,51.67,134.191,0,0.43,0,16,64.35,23.921,57.78
2025-12-03 13:40,33.15,,33.15,28.3,102.99,28.3,0,13,0.76,90.66,33.29,0,11,0.95,18.52,51.67,134.191,4.374,0.43,0,16,64.35,54.604,57.897
2025-12-03 13:50,33.15,,33.15,28.31,105.8,28.31,0,13,0.76,87.13,33.29,0,11,0.95,18.52,51.67,134.19,0,0.43,0,16,64.355,75.011,58.021
2025-12-03 14:00,33.15,,33.15,28.31,110.7,28.31,0,13,0.76,91.83,33.29,0,11,0.95,18.52,51.67,134.189,0,0.43,0,16,64.354,71.659,58.058
2025-12-03 14:10,33.15,,33.15,28.3,111.46,28.3,0,13,0.76,89.48,33.29,0,11,0.95,18.52,51.67,134.189,0,0.43,0,16,64.35,58.095,58.204
2025-12-03 14:20,33.15,,33.15,28.31,110,28.31,0,13,0.76,91.83,33.29,0,11,0.94,18.52,51.66,134.189,0,0.43,0,16,64.345,23.846,57.777
2025-12-03 14:30,33.15,,33.15,28.31,112.8,28.31,0,13,0.77,96.75,33.3,0,11,0.94,18.52,51.66,134.19,8.374,0.43,0,16,64.338,3.343,57.881
2025-12-03 14:40,33.15,,33.15,28.31,114.9,28.31,0,13,0.75,102.21,33.28,0,11,0.94,18.52,51.66,134.191,71.986,0.43,0,16,64.334,3.262,57.794
2025-12-03 14:50,33.15,,33.15,28.31,116.4,28.31,0,13,0.76,105.96,33.29,0,11,0.95,18.52,51.67,134.193,143.541,0.43,0,16,64.334,20.267,57.625
2025-12-03 15:00,33.15,,33.15,28.31,117.1,28.31,0,13,0.76,97.72,33.29,0,11,0.94,18.52,51.66,134.194,171.43,0.43,0,16,64.334,44.116,57.762
2025-12-03 15:10,33.15,,33.15,28.31,118.51,28.31,0,13,0.76,90.66,33.29,0,11,0.94,18.52,51.66,134.196,207.152,0.43,0,16,64.331,47.341,57.303
2025-12-03 15:20,33.15,,33.15,28.31,122.75,28.31,0,13,0.76,90.66,33.29,0,11,0.94,18.52,51.66,134.195,99.874,0.43,0,16,64.327,33.761,57.717
2025-12-03 15:30,33.14,,33.14,28.31,120.63,28.31,0,13,0.75,90.46,33.28,0,11,0.94,18.52,51.66,134.195,60.041,0.43,0,16,64.321,13.451,57.833
2025-12-03 15:40,33.14,,33.14,28.3,119.93,28.3,0,13,0.76,97.72,33.29,0,11,0.94,18.52,51.66,134.194,0,72.216,0,16,64.32,20.385,57.605
2025-12-03 15:50,33.14,,33.14,28.3,115.61,28.3,0,13,0.76,102.43,33.29,0,11,0.94,18.52,51.66,134.186,0,158.147,0,16,64.317,23.883,57.879
2025-12-03 16:00,33.14,,33.14,28.3,112.8,28.3,0,13,0.75,104.56,33.28,0,11,0.94,18.52,51.66,134.18,0,160.154,0,16,64.319,50.764,57.141
2025-12-03 16:10,33.14,,33.14,28.31,110.05,28.31,0,13,0.76,104.79,33.29,0,11,0.94,18.52,51.66,134.179,0,151.751,0,16,64.317,47.15,56.93
2025-12-03 16:20,33.14,,33.14,28.32,109.34,28.32,0,13,0.75,101.04,33.28,0,11,0.94,18.52,51.66,134.176,0,158.67,0,16,64.313,43.752,57.85
2025-12-03 16:30,33.14,,33.14,28.32,111.46,28.32,0,13,0.76,102.43,33.29,0,11,0.94,18.52,51.66,134.175,0,155.18,0,16,64.307,16.869,57.661
2025-12-03 16:40,33.14,,33.14,28.33,122.04,28.33,0,13,0.76,103.61,33.29,0,11,0.94,18.52,51.66,134.175,14.057,157.487,0,16,64.301,3.683,57.87
2025-12-03 16:50,33.14,,33.14,28.33,127.52,28.33,0,13,0.75,106.91,33.28,0,11,0.94,18.52,51.66,134.175,112.709,156.627,0,16,64.3,13.74,57.357
2025-12-03 17:00,33.14,,33.14,28.33,119.81,28.33,0,13,0.75,108.09,33.28,0,11,0.94,18.52,51.66,134.176,184.267,155.187,0,16,64.3,33.899,57.304
2025-12-03 17:10,33.14,,33.14,28.33,127.52,28.33,0,13,0.76,105.96,33.29,0,11,0.94,18.52,51.66,134.176,171.016,153.567,0,16,64.299,50.543,57.135
2025-12-03 17:20,33.14,,33.14,28.32,131.02,28.32,0,13,0.74,105.51,33.27,0,11,0.94,18.52,51.66,134.174,91.496,156.568,0,16,64.299,54.007,57.749
2025-12-03 17:30,33.14,,33.14,28.32,131.72,28.32,0,13,0.74,103.17,33.27,0,11,0.95,18.52,51.67,134.172,154.988,154.828,0,16,64.308,84.465,57.512
2025-12-03 17:40,33.14,,33.14,28.32,133.12,28.32,0,13,0.75,103.39,33.28,0,11,0.93,18.52,51.65,134.172,155.445,154.938,0,16,64.315,111.658,57.545
2025-12-03 17:50,33.14,,33.14,28.31,130.12,28.31,0,13,0.75,104.56,33.28,0,11,0.96,18.52,51.68,134.171,153.569,150.941,0,16,64.321,131.944,57.608
2025-12-03 18:00,33.14,,33.14,28.31,123.86,28.31,0,13,0.74,103.17,33.27,0,11,0.95,18.52,51.67,134.17,153.763,155.409,0,16,64.328,125.335,57.684
2025-12-03 18:10,33.14,,33.14,28.31,122.47,28.31,0,13,0.74,101.99,33.27,0,11,0.96,18.52,51.68,134.17,74.358,143.225,0,16,64.331,111.858,57.449
2025-12-03 18:20,33.14,,33.14,28.31,121.62,28.31,0,13,0.74,101.99,33.27,0,11,0.96,18.52,51.68,134.169,65.512,148.234,0,16,64.339,118.773,57.687
2025-12-03 18:30,33.14,,33.14,28.31,125.08,28.31,0,13,0.73,93.59,33.26,0,11,0.95,18.52,51.67,134.167,49.92,156.302,0,16,64.349,129.235,57.903
2025-12-03 18:40,33.14,,33.14,28.3,125.77,28.3,0,13,0.75,95.16,33.28,0,11,0.94,18.52,51.66,134.166,0,146.763,0,16,64.359,153.368,57.846
2025-12-03 18:50,33.14,,33.14,28.3,119.55,28.3,0,13,0.74,89.1,33.27,0,11,0.95,18.52,51.67,134.163,0,149.123,0,16,64.367,153.65,57.867
2025-12-03 19:00,33.14,,33.14,28.29,121.62,28.29,0,13,0.73,92.42,33.26,0,11,0.93,18.52,51.65,134.159,0,153.794,0,16,64.377,153.954,57.982
2025-12-03 19:10,33.14,,33.14,28.29,122.31,28.29,0,13,0.73,88.91,33.26,0,11,0.96,18.52,51.68,134.158,0,149.447,0,16,64.381,133.546,57.954
2025-12-03 19:20,33.14,,33.14,28.29,120.78,28.29,0,13,0.74,93.79,33.27,0,11,0.93,18.52,51.65,134.157,0,151.792,0,16,64.389,133.763,58.019
2025-12-03 19:30,33.14,,33.14,28.29,118.03,28.29,0,13,0.73,97.1,33.26,0,11,0.96,18.52,51.68,134.156,5.885,157.417,0,16,64.398,130.675,58.386
2025-12-03 19:40,33.14,,33.14,28.29,115.29,28.29,0,13,0.74,97.31,33.27,0,11,0.95,18.52,51.67,134.156,81.852,150.849,0,16,64.406,144.722,58.261
2025-12-03 19:50,33.14,,33.14,28.29,118.72,28.29,0,13,0.74,91.44,33.27,0,11,0.93,18.52,51.65,134.156,135.905,147.117,0,16,64.412,138.032,58.283
2025-12-03 20:00,33.13,,33.13,28.28,118.72,28.28,0,13,0.73,90.08,33.26,0,11,0.92,18.52,51.64,134.157,135.818,109.489,0,16,64.42,134.704,58.401
2025-12-03 20:10,33.13,,33.13,28.28,116.66,28.28,0,13,0.73,93.59,33.26,0,11,0.94,18.52,51.66,134.162,85.679,0.43,0,16,64.428,134.944,58.482
2025-12-03 20:20,33.13,,33.13,28.28,115.16,28.28,0,13,0.75,93.99,33.28,0,11,0.94,18.52,51.66,134.164,36.783,0.43,0,16,64.436,142.08,58.189
2025-12-03 20:30,33.13,,33.13,28.28,116.52,28.28,0,13,0.74,96.13,33.27,0,11,0.94,18.52,51.66,134.165,0.43,0.43,0,16,64.444,142.288,58.526
2025-12-03 20:40,33.13,,33.13,28.27,114.48,28.27,0,13,0.73,97.1,33.26,0,11,0.95,18.52,51.67,134.166,159.374,0.43,0,16,64.451,139.074,58.84
2025-12-03 20:50,33.13,,33.13,28.28,112.43,28.28,0,13,0.73,95.93,33.26,0,11,0.94,18.52,51.66,134.167,123.597,0.43,0,16,64.459,139.472,59.049
2025-12-03 21:00,33.13,,33.13,28.27,111.07,28.27,0,13,0.73,93.59,33.26,0,11,0.95,18.52,51.67,134.166,59.986,0.43,0,16,64.468,143.293,58.822
2025-12-03 21:10,33.13,,33.13,28.27,112.43,28.27,0,13,0.74,91.44,33.27,0,11,0.93,18.52,51.65,134.167,16.319,0.43,0,16,64.475,143.431,58.756
2025-12-03 21:20,33.13,,33.13,28.27,110.29,28.27,0,13,0.74,90.27,33.27,0,11,0.94,18.52,51.66,134.169,91.819,0.43,0,16,64.48,132.887,58.751
2025-12-03 21:30,33.13,,33.13,28.27,113.67,28.27,0,13,0.73,92.42,33.26,0,11,0.94,18.52,51.66,134.169,123.597,0.43,0,16,64.478,94.051,58.648
2025-12-03 21:40,33.13,,33.13,28.27,113,28.27,0,13,0.74,93.79,33.27,0,11,0.94,18.52,51.66,134.17,139.486,0.43,0,16,64.47,41.018,58.656
2025-12-03 21:50,33.13,,33.13,28.27,112.32,28.27,0,13,0.73,90.08,33.26,0,11,0.94,18.52,51.66,134.168,0,0.43,0,16,64.47,23.31,58.626
2025-12-03 22:00,33.13,,33.13,28.27,108.94,28.27,0,13,0.73,90.08,33.26,0,11,0.95,18.52,51.67,134.166,0,0.43,0,16,64.47,30.365,58.648
2025-12-03 22:10,33.13,,33.13,28.27,106.82,28.27,0,13,0.73,91.25,33.26,0,11,0.95,18.52,51.67,134.166,0,0.43,0,16,64.47,58.65,58.675
2025-12-03 22:20,33.13,,33.13,28.27,107.49,28.27,0,13,0.73,88.91,33.26,0,11,0.96,18.52,51.68,134.164,0,0.43,0,16,64.47,58.681,58.719
2025-12-03 22:30,33.13,,33.13,28.27,108.83,28.27,0,13,0.73,84.23,33.26,0,11,0.96,18.52,51.68,134.163,0,0.43,0,16,64.47,58.633,58.504
2025-12-03 22:40,33.13,,33.13,28.26,116.22,28.26,0,13,0.73,83.06,33.26,0,11,0.96,18.52,51.68,134.163,0,0.43,0,16,64.46,23.355,58.509
2025-12-03 22:50,33.13,,33.13,28.26,110.85,28.26,0,13,0.72,85.22,33.25,0,11,0.96,18.52,51.68,134.166,67.986,0.43,0,16,64.46,23.343,58.682
2025-12-03 23:00,33.13,,33.13,28.26,107.49,28.26,0,13,0.73,83.06,33.26,0,11,0.96,18.52,51.68,134.167,175.263,0.43,0,16,64.459,19.785,58.496
2025-12-03 23:10,33.13,,33.13,28.26,107.49,28.26,0,13,0.73,83.06,33.26,0,11,0.96,18.52,51.68,134.168,214.986,0.43,0,16,64.452,30.26,58.101
2025-12-03 23:20,33.13,,33.13,28.26,103.39,28.26,0,13,0.73,78.38,33.26,0,11,0.95,18.52,51.67,134.17,151.43,0.43,0,16,64.45,23.053,58.061
2025-12-03 23:30,33.13,,33.13,28.26,103.39,28.26,0,13,0.73,77.21,33.26,0,11,0.96,18.52,51.68,134.17,103.708,0.43,0,16,64.45,26.484,58.124
2025-12-03 23:40,33.13,,33.13,28.26,100.72,28.26,0,13,0.73,73.7,33.26,0,11,0.94,18.52,51.66,134.17,79.874,0.43,0,16,64.45,51.069,58.021
2025-12-03 23:50,33.13,,33.13,28.26,102.05,28.26,0,13,0.73,78.38,33.26,0,11,0.94,18.52,51.66,134.17,28.263,0.43,0,16,64.447,47.486,57.978
2025-12-04 0:00,33.13,,33.13,28.26,102.72,28.26,0,0,0.72,80.55,33.25,0,0,0.96,18.52,51.68,134.171,67.986,0.43,0,0,64.44,22.948,58.011
2025-12-04 0:10,33.13,,33.13,28.26,100.72,28.26,0,0,0.73,83.06,33.26,0,0,0.96,18.52,51.68,134.171,40.152,0.43,0,0,64.436,8.885,57.833
2025-12-04 0:20,33.13,,33.13,28.26,100.72,28.26,0,0,0.72,79.38,33.25,0,0,0.96,18.52,51.68,134.172,67.986,0.43,0,0,64.43,0,57.766
2025-12-04 0:30,33.13,,33.13,28.26,102.05,28.26,0,0,0.72,80.55,33.25,0,0,0.96,18.52,51.68,134.176,191.208,0.43,0,0,64.43,22.871,58.015
2025-12-04 0:40,33.13,,33.13,28.26,100.05,28.26,0,0,0.73,84.23,33.26,0,0,0.96,18.52,51.68,134.175,151.43,0.43,0,0,64.43,36.782,57.566
2025-12-04 0:50,33.13,,33.13,28.26,102.72,28.26,0,0,0.73,83.06,33.26,0,0,0.96,18.52,51.68,134.172,0,0.43,0,0,64.425,40.297,57.643
2025-12-04 1:00,33.13,,33.13,28.26,101.39,28.26,0,0,0.73,81.89,33.26,0,0,0.96,18.52,51.68,134.17,0,0.43,0,0,64.42,22.79,57.829
2025-12-04 1:10,33.13,,33.13,28.25,102.05,28.25,0,0,0.73,81.89,33.26,0,0,0.96,18.52,51.68,134.169,0,0.43,0,0,64.419,19.408,57.919
2025-12-04 1:20,33.13,,33.13,28.25,98.72,28.25,0,0,0.73,77.21,33.26,0,0,0.96,18.52,51.68,134.17,0,0.43,0,0,64.41,5.601,57.723
2025-12-04 1:30,33.13,,33.13,28.25,98.72,28.25,0,0,0.73,76.04,33.26,0,0,0.96,18.52,51.68,134.17,0,0.43,0,0,64.41,23.036,57.799
2025-12-04 1:40,33.13,,33.13,28.25,102.72,28.25,0,0,0.73,74.87,33.26,0,0,0.96,18.52,51.68,134.172,103.763,0.43,0,0,64.401,0,57.818
2025-12-04 1:50,33.13,,33.13,28.25,103.39,28.25,0,0,0.73,73.7,33.26,0,0,0.96,18.52,51.68,134.174,175.263,0.43,0,0,64.4,23.078,57.784
2025-12-04 2:00,33.13,,33.13,28.25,100.66,28.25,0,0,0.73,72.53,33.26,0,0,0.96,18.52,51.68,134.174,179.263,0.43,0,0,64.4,23.066,57.764
2025-12-04 2:10,33.13,,33.13,28.25,103.31,28.25,0,0,0.73,70.19,33.26,0,0,0.96,18.52,51.68,134.176,151.43,0.43,0,0,64.398,47.406,57.835
2025-12-04 2:20,33.13,,33.13,28.25,98.01,28.25,0,0,0.73,66.68,33.26,0,0,0.96,18.52,51.68,134.175,40.152,0.43,0,0,64.391,26.635,57.64
2025-12-04 2:30,33.13,,33.13,28.25,98.01,28.25,0,0,0.73,70.19,33.26,0,0,0.96,18.52,51.68,134.176,67.986,0.43,0,0,64.389,19.581,57.433
2025-12-04 2:40,33.13,,33.13,28.25,96.02,28.25,0,0,0.73,70.19,33.26,0,0,0.96,18.52,51.68,134.176,24.263,0.43,0,0,64.38,0,57.686
2025-12-04 2:50,33.13,,33.13,28.25,96.68,28.25,0,0,0.73,69.02,33.26,0,0,0.96,18.52,51.68,134.176,24.319,0.43,0,0,64.38,19.657,57.852
2025-12-04 3:00,33.13,,33.13,28.25,95.36,28.25,0,0,0.73,70.19,33.26,0,0,0.96,18.52,51.68,134.176,0.43,0.43,0,0,64.376,12.916,57.709
2025-12-04 3:10,33.13,,33.13,28.25,95.36,28.25,0,0,0.73,73.7,33.26,0,0,0.96,18.52,51.68,134.176,0,0.43,0,0,64.371,26.719,57.428
2025-12-04 3:20,33.13,,33.13,28.25,94.7,28.25,0,0,0.73,72.53,33.26,0,0,0.96,18.52,51.68,134.177,32.208,0.43,0,0,64.37,23.135,57.435
2025-12-04 3:30,33.13,,33.13,28.25,94.7,28.25,0,0,0.73,72.53,33.26,0,0,0.96,18.52,51.68,134.176,8.374,0.43,0,0,64.369,33.283,57.152
2025-12-04 3:40,33.13,,33.13,28.25,94.7,28.25,0,0,0.73,71.36,33.26,0,0,0.96,18.52,51.68,134.176,4.374,0.43,0,0,64.36,19.498,57.24
2025-12-04 3:50,33.13,,33.13,28.25,94.7,28.25,0,0,0.73,70.19,33.26,0,0,0.96,18.52,51.68,134.177,16.319,0.43,0,0,64.356,9.212,57.41
2025-12-04 4:00,33.13,,33.13,28.25,92.71,28.25,0,0,0.72,73.54,33.25,0,0,0.96,18.52,51.68,134.177,32.208,0.43,0,0,64.35,0,57.311
2025-12-04 4:10,33.13,,33.13,28.25,87.41,28.25,0,0,0.73,71.36,33.26,0,0,0.96,18.52,51.68,134.177,8.374,0.43,0,0,64.35,23.116,57.296
2025-12-04 4:20,33.13,,33.13,28.25,90.72,28.25,0,0,0.73,70.19,33.26,0,0,0.96,18.52,51.68,134.176,0,0.43,0,0,64.345,19.793,57.439
2025-12-04 4:30,33.13,,33.13,28.25,87.41,28.25,0,0,0.72,73.54,33.25,0,0,0.96,18.52,51.68,134.177,0,0.43,0,0,64.34,23.205,57.379
2025-12-04 4:40,33.13,,33.13,28.25,85.43,28.25,0,0,0.73,72.53,33.26,0,0,0.96,18.52,51.68,134.177,24.319,0.43,0,0,64.34,23.132,57.076
2025-12-04 4:50,33.13,,33.13,28.25,87.44,28.25,0,0,0.72,72.37,33.25,0,0,0.97,18.52,51.69,134.178,60.041,0.43,0,0,64.33,6.22,57.537
2025-12-04 5:00,33.13,,33.13,28.24,89.41,28.24,0,0,0.73,70.19,33.26,0,0,0.97,18.52,51.69,134.179,91.819,0.43,0,0,64.33,23.265,57.182
2025-12-04 5:10,33.13,,33.13,28.24,86.78,28.24,0,0,0.73,70.19,33.26,0,0,0.97,18.52,51.69,134.179,87.819,0.43,0,0,64.322,0,57.115
2025-12-04 5:20,33.13,,33.13,28.24,86.78,28.24,0,0,0.72,68.87,33.25,0,0,0.97,18.52,51.69,134.18,111.708,0.43,0,0,64.32,23.193,57.117
2025-12-04 5:30,33.13,,33.13,28.24,84.76,28.24,0,0,0.72,68.87,33.25,0,0,0.97,18.52,51.69,134.181,52.097,0.43,0,0,64.32,23.248,57.345
2025-12-04 5:40,33.13,,33.13,28.24,80.79,28.24,0,0,0.72,64.2,33.25,0,0,0.97,18.52,51.69,134.181,68.041,0.43,0,0,64.313,26.632,56.934
2025-12-04 5:50,33.13,,33.13,28.25,81.45,28.25,0,0,0.72,68.87,33.25,0,0,0.97,18.52,51.69,134.179,0,0.43,0,0,64.31,23.271,57.201
2025-12-04 6:00,33.13,,33.13,28.25,83.44,28.25,0,0,0.72,64.2,33.25,0,0,0.97,18.52,51.69,134.179,0,0.43,0,0,64.308,16.512,57.235
2025-12-04 6:10,33.13,,33.13,28.25,82.04,28.25,0,0,0.72,65.37,33.25,0,0,0.97,18.52,51.69,134.179,0,0.43,0,0,64.3,13.263,57.019
2025-12-04 6:20,33.13,,33.13,28.25,83.38,28.25,0,0,0.72,64.2,33.25,0,0,0.97,18.52,51.69,134.179,16.319,0.43,0,0,64.297,13.348,57.289
2025-12-04 6:30,33.13,,33.13,28.25,79.38,28.25,0,0,0.72,67.71,33.25,0,0,0.97,18.52,51.69,134.18,44.152,0.43,0,0,64.29,0,57.026
2025-12-04 6:40,33.13,,33.13,28.25,82.71,28.25,0,0,0.72,67.71,33.25,0,0,0.97,18.52,51.69,134.18,40.208,0.43,0,0,64.29,23.4,56.886
2025-12-04 6:50,33.13,,33.13,28.25,78.71,28.25,0,0,0.72,70.04,33.25,0,0,0.97,18.52,51.69,134.181,52.097,0.43,0,0,64.289,29.975,56.846
2025-12-04 7:00,33.13,,33.13,28.25,86.05,28.25,0,0,0.72,68.87,33.25,0,0,0.97,18.52,51.69,134.181,24.263,0.43,0,0,64.28,23.322,57.066
2025-12-04 7:10,33.13,,33.13,28.25,82.04,28.25,0,0,0.73,67.85,33.26,0,0,0.97,18.52,51.69,134.18,0,0.43,0,0,64.28,23.561,57.603
2025-12-04 7:20,33.13,,33.13,28.25,83.98,28.25,0,0,0.73,73.7,33.26,0,0,0.97,18.52,51.69,134.18,0,0.43,0,0,64.271,0,57.414
2025-12-04 7:30,33.13,,33.13,28.25,82.04,28.25,0,0,0.73,72.53,33.26,0,0,0.97,18.52,51.69,134.181,4.43,0.43,0,0,64.27,24.07,57.527
2025-12-04 7:40,33.13,,33.13,28.25,84.65,28.25,0,0,0.73,69.02,33.26,0,0,0.97,18.52,51.69,134.181,32.208,0.43,0,0,64.262,0,57.76
2025-12-04 7:50,33.13,,33.13,28.25,83.98,28.25,0,0,0.73,69.02,33.26,0,0,0.97,18.52,51.69,134.182,56.097,0.43,0,0,64.26,20.931,57.672
2025-12-04 8:00,33.13,,33.13,28.25,84.65,28.25,0,0,0.72,71.21,33.25,0,0,0.97,18.52,51.69,134.182,71.121,9.836,0,0,64.26,24.181,57.278
2025-12-04 8:10,33.13,,33.13,28.26,75.92,28.26,0,0,0.72,73.54,33.25,0,0,0.97,18.52,51.69,134.18,9.85,150.449,0,0,64.257,40.799,57.448
2025-12-04 8:20,33.13,,33.13,28.25,83.98,28.25,0,0,0.72,71.21,33.25,0,0,0.97,18.52,51.69,134.179,0,155.846,0,0,64.25,24.169,57.614
2025-12-04 8:30,33.13,,33.13,28.25,79.27,28.25,0,0,0.72,71.21,33.25,0,0,0.97,18.52,51.69,134.179,7.902,158.578,0,0,64.248,17.526,57.35
2025-12-04 8:40,33.13,,33.13,28.26,82.63,28.26,0,0,0.72,70.04,33.25,0,0,0.97,18.52,51.69,134.176,21.007,153.93,0,0,64.24,0.883,57.185
2025-12-04 8:50,33.13,,33.13,28.26,78.6,28.26,0,0,0.72,71.21,33.25,0,0,0.97,18.52,51.69,134.176,23.58,151.733,0,0,64.24,24.009,57.16
2025-12-04 9:00,33.13,,33.13,28.26,83.98,28.26,0,0,0.72,71.21,33.25,0,0,0.97,18.52,51.69,134.176,26.15,154.289,0,0,64.236,17.315,56.933
2025-12-04 9:10,33.13,,33.13,28.26,81.29,28.26,0,0,0.72,73.54,33.25,0,0,0.97,18.52,51.69,134.176,128.405,150.692,0,0,64.231,27.241,56.962
2025-12-04 9:20,33.13,,33.13,28.26,82.63,28.26,0,0,0.72,70.04,33.25,0,0,0.97,18.52,51.69,134.174,109.44,154.505,0,0,64.23,23.885,56.928
2025-12-04 9:30,33.13,,33.13,28.26,85.32,28.26,0,0,0.72,70.04,33.25,0,0,0.96,18.52,51.68,134.175,150.523,146.371,0,0,64.228,30.441,56.583
2025-12-04 9:40,33.13,,33.13,28.25,81.29,28.25,0,0,0.73,70.19,33.26,0,0,0.96,18.52,51.68,134.172,150.447,150.465,0,0,64.23,53.555,56.48
2025-12-04 9:50,33.13,,33.13,28.25,86.66,28.25,0,0,0.73,66.68,33.26,0,0,0.96,18.52,51.68,134.17,149.981,153.107,0,0,64.23,56.584,56.472
2025-12-04 10:00,33.13,,33.13,28.25,86.66,28.25,0,0,0.73,73.7,33.26,0,0,0.95,18.52,51.67,134.169,153.294,156.311,0,0,64.23,8.632,56.479
2025-12-04 10:10,33.13,,33.13,28.26,84.65,28.26,0,0,0.73,72.53,33.26,0,0,0.94,18.52,51.66,134.168,152.446,147.919,0,0,64.23,2.017,56.469
2025-12-04 10:20,33.13,,33.13,28.26,85.99,28.26,0,0,0.73,67.85,33.26,0,0,0.95,18.52,51.67,134.168,149.692,144.847,0,0,64.224,36.936,56.774
2025-12-04 10:30,33.13,,33.13,28.26,89.35,28.26,0,0,0.73,69.02,33.26,0,0,0.94,18.52,51.66,134.168,148.497,152.726,0,0,64.238,83.485,57.288
2025-12-04 10:40,33.13,,33.13,28.26,92.04,28.26,0,0,0.73,65.51,33.26,0,0,0.94,18.52,51.66,134.168,146.223,141.096,0,0,64.25,123.393,57.248
2025-12-04 10:50,33.13,,33.13,28.26,89.31,28.26,0,0,0.73,66.68,33.26,0,0,0.94,18.52,51.66,134.166,147.363,148.267,0,0,64.25,143.448,57.473
2025-12-04 11:00,33.13,,33.13,28.26,90.67,28.26,0,0,0.73,71.36,33.26,0,0,0.94,18.52,51.66,134.165,18.368,135.241,0,0,64.253,107.225,57.621
2025-12-04 11:10,33.13,,33.13,28.26,87.96,28.26,0,0,0.73,76.04,33.26,0,0,0.94,18.52,51.66,134.163,0,133.556,0,0,64.259,87.238,56.785
2025-12-04 11:20,33.13,,33.13,28.26,84.58,28.26,0,0,0.72,67.71,33.25,0,0,0.95,18.52,51.67,134.162,0,143.946,0,0,64.266,110.318,56.714
2025-12-04 11:30,33.13,,33.13,28.26,87.28,28.26,0,0,0.73,67.85,33.26,0,0,0.93,18.52,51.65,134.16,0,146.013,0,0,64.275,130.35,57.219
2025-12-04 11:40,33.13,,33.13,28.26,82.55,28.26,0,0,0.73,66.68,33.26,0,0,0.93,18.52,51.65,134.159,0,119.282,0,0,64.287,150.802,57.474
2025-12-04 11:50,33.13,,33.13,28.26,79.16,28.26,0,0,0.73,62,33.26,0,0,0.93,18.52,51.65,134.158,0,121.639,0,0,64.295,154.394,56.822
2025-12-04 12:00,33.13,,33.13,28.26,80.52,28.26,0,0,0.73,65.51,33.26,0,0,0.93,18.52,51.65,134.158,20.932,119.707,0,0,64.3,141.042,56.829
2025-12-04 12:10,33.13,,33.13,28.26,85.25,28.26,0,0,0.73,65.51,33.26,0,0,0.92,18.52,51.64,134.156,0,141.183,0,0,64.309,131.281,57.859
2025-12-04 12:20,33.13,,33.13,28.26,85.25,28.26,0,0,0.73,66.68,33.26,0,0,0.93,18.52,51.65,134.152,0,128.215,0,0,64.312,114.873,57.764
2025-12-04 12:30,33.13,,33.13,28.26,87.28,28.26,0,0,0.73,63.17,33.26,0,0,0.92,18.52,51.64,134.148,0,123.1,0,0,64.32,125.422,57.809
2025-12-04 12:40,33.13,,33.13,28.26,85.25,28.26,0,0,0.73,63.17,33.26,0,0,0.92,18.52,51.64,134.151,0,128.398,0,0,64.326,115.409,57.82
2025-12-04 12:50,33.13,,33.13,28.26,87.96,28.26,0,0,0.73,62,33.26,0,0,0.92,18.52,51.64,134.153,136.789,135.037,0,0,64.338,146.196,58.127
2025-12-04 13:00,33.13,,33.13,28.26,83.9,28.26,0,0,0.73,60.83,33.26,0,0,0.92,18.52,51.64,134.153,324.589,150.332,0,0,64.343,136.3,58.286
2025-12-04 13:10,33.13,,33.13,28.26,83.9,28.26,0,0,0.73,60.83,33.26,0,0,0.92,18.52,51.64,134.153,219.717,147.447,0,0,64.35,140.083,58.503
2025-12-04 13:20,33.13,,33.13,28.26,83.9,28.26,0,0,0.73,62,33.26,0,0,0.92,18.52,51.64,134.153,151.507,156.741,0,0,64.352,106.012,57.914
2025-12-04 13:30,33.13,,33.13,28.26,87.28,28.26,0,0,0.73,60.83,33.26,0,0,0.92,18.52,51.64,134.152,106.163,157.301,0,0,64.36,116.418,58.505
2025-12-04 13:40,33.13,,33.13,28.26,84.58,28.26,0,0,0.73,59.66,33.26,0,0,0.92,18.52,51.64,134.15,30.463,134.679,0,0,64.363,102.657,58.051
2025-12-04 13:50,33.13,,33.13,28.26,86.61,28.26,0,0,0.73,58.49,33.26,0,0,0.92,18.52,51.64,134.149,26.515,156.899,0,0,64.372,126.825,58.086
2025-12-04 14:00,33.13,,33.13,28.25,87.28,28.25,0,0,0.73,57.32,33.26,0,0,0.92,18.52,51.64,134.149,54.495,157.741,0,0,64.38,126.855,58.263
2025-12-04 14:10,33.13,,33.13,28.26,81.87,28.26,0,0,0.73,59.66,33.26,0,0,0.92,18.52,51.64,134.149,125.86,158.274,0,0,64.389,147.729,58.34
2025-12-04 14:20,33.13,,33.13,28.26,86.61,28.26,0,0,0.73,62,33.26,0,0,0.91,18.52,51.63,134.148,114.844,159.516,0,0,64.394,134.222,58.398
2025-12-04 14:30,33.13,,33.13,28.26,87.28,28.26,0,0,0.73,71.36,33.26,0,0,0.93,18.52,51.65,134.147,82.973,157.464,0,0,64.4,127.457,58.299
2025-12-04 14:40,33.13,,33.13,28.26,89.31,28.26,0,0,0.73,60.83,33.26,0,0,0.92,18.52,51.64,134.146,15.768,147.324,0,0,64.408,124.249,58.568
2025-12-04 14:50,33.13,,33.13,28.26,85.99,28.26,0,0,0.73,67.85,33.26,0,0,0.92,18.52,51.64,134.144,0,157.812,0,0,64.411,117.352,58.372
2025-12-04 15:00,33.13,,33.13,28.26,86.66,28.26,0,0,0.73,66.68,33.26,0,0,0.92,18.52,51.64,134.141,0,157.02,0,0,64.422,134.919,58.333
2025-12-04 15:10,33.13,,33.13,28.26,86.66,28.26,0,0,0.73,63.17,33.26,0,0,0.93,18.52,51.65,134.141,0,156.385,0,0,64.43,134.93,58.25
2025-12-04 15:20,33.13,,33.13,28.25,84.65,28.25,0,0,0.72,60.7,33.25,0,0,0.92,18.52,51.64,134.139,0,166.153,0,0,64.439,156.095,58.701
2025-12-04 15:30,33.13,,33.13,28.25,85.99,28.25,0,0,0.72,65.37,33.25,0,0,0.93,18.52,51.65,134.14,98.762,164.414,0,0,64.447,145.992,58.859
2025-12-04 15:40,33.13,,33.13,28.25,83.31,28.25,0,0,0.72,67.71,33.25,0,0,0.93,18.52,51.65,134.14,102.097,154.392,0,0,64.453,139.274,58.597
2025-12-04 15:50,33.13,,33.13,28.25,86.66,28.25,0,0,0.72,64.2,33.25,0,0,0.94,18.52,51.66,134.138,122.649,156.307,0,0,64.461,135.922,58.645
2025-12-04 16:00,33.13,,33.13,28.25,86.66,28.25,0,0,0.72,61.87,33.25,0,0,0.96,18.52,51.68,134.137,51.752,142.222,0,0,64.47,139.695,59.009
2025-12-04 16:10,33.13,,33.13,28.25,88.68,28.25,0,0,0.72,66.54,33.25,0,0,0.94,18.52,51.66,134.139,71.875,0.43,0,0,64.48,153.801,58.084
2025-12-04 16:20,33.13,,33.13,28.25,86.66,28.25,0,0,0.72,70.04,33.25,0,0,0.93,18.52,51.65,134.138,35.805,0.43,0,0,64.486,147.021,58.972
2025-12-04 16:30,33.13,,33.13,28.25,87.34,28.25,0,0,0.72,66.54,33.25,0,0,0.94,18.52,51.66,134.136,0,7.045,0,0,64.496,150.704,58.891
2025-12-04 16:40,33.13,,33.13,28.25,89.35,28.25,0,0,0.72,67.71,33.25,0,0,0.96,18.52,51.68,134.137,0,0.43,0,0,64.503,140.543,58.932
2025-12-04 16:50,33.13,,33.13,28.25,88.01,28.25,0,0,0.72,65.37,33.25,0,0,0.95,18.52,51.67,134.136,0,47.912,0,0,64.513,154.912,58.914
2025-12-04 17:00,33.13,,33.13,28.25,88.68,28.25,0,0,0.73,63.17,33.26,0,0,0.95,18.52,51.67,134.134,0,97.987,0,0,64.521,147.835,58.325
2025-12-04 17:10,33.13,,33.13,28.25,89.35,28.25,0,0,0.73,64.34,33.26,0,0,0.95,18.52,51.67,134.133,0,86.136,0,0,64.53,155.164,58.919
2025-12-04 17:20,33.13,,33.13,28.25,83.98,28.25,0,0,0.73,66.68,33.26,0,0,0.94,18.52,51.66,134.134,0,0.43,0,0,64.53,119.537,59.035
2025-12-04 17:30,33.13,,33.13,28.25,86.66,28.25,0,0,0.73,64.34,33.26,0,0,0.94,18.52,51.66,134.134,24.999,0.43,0,0,64.53,91.096,58.668
2025-12-04 17:40,33.13,,33.13,28.25,87.34,28.25,0,0,0.72,67.71,33.25,0,0,0.94,18.52,51.66,134.133,12.319,0.43,0,0,64.53,58.953,59.156
2025-12-04 17:50,33.13,,33.13,28.25,86.66,28.25,0,0,0.72,68.87,33.25,0,0,0.94,18.52,51.66,134.136,59.93,0.43,0,0,64.525,41.076,59.073
2025-12-04 18:00,33.13,,33.13,28.25,86.66,28.25,0,0,0.72,67.71,33.25,0,0,0.94,18.52,51.66,134.137,145.279,6.143,0,0,64.529,55.494,58.919
2025-12-04 18:10,33.13,,33.13,28.25,84.65,28.25,0,0,0.72,68.87,33.25,0,0,0.93,18.52,51.65,134.134,76.179,138.629,0,0,64.53,58.953,58.868
2025-12-04 18:20,33.13,,33.13,28.25,79.95,28.25,0,0,0.72,70.04,33.25,0,0,0.93,18.52,51.65,134.131,0,140.187,0,0,64.533,87.527,58.793
2025-12-04 18:30,33.13,,33.13,28.25,81.29,28.25,0,0,0.72,70.04,33.25,0,0,0.93,18.52,51.65,134.131,0,145.314,0,0,64.54,98.392,59.181
2025-12-04 18:40,33.13,,33.13,28.25,79.27,28.25,0,0,0.71,72.22,33.24,0,0,0.91,18.52,51.63,134.129,0,116.05,0,0,64.536,80.656,59.326
2025-12-04 18:50,33.13,,33.13,28.25,81.29,28.25,0,0,0.71,74.55,33.24,0,0,0.91,18.52,51.63,134.135,210.32,0.43,0,0,64.53,48.399,59.024
2025-12-04 19:00,33.13,,33.13,28.25,77.93,28.25,0,0,0.72,73.54,33.25,0,0,0.92,18.52,51.64,134.138,312.914,0.43,0,0,64.526,9.002,59.156
2025-12-04 19:10,33.13,,33.13,28.25,83.98,28.25,0,0,0.72,68.87,33.25,0,0,0.93,18.52,51.65,134.14,409.374,0.43,0,0,64.52,1.772,59.138
2025-12-04 19:20,33.13,,33.13,28.25,94.05,28.25,0,0,0.72,72.37,33.25,0,0,0.93,18.52,51.65,134.141,258.486,0.43,0,0,64.52,23.371,59.153
2025-12-04 19:30,33.13,,33.13,28.25,100.77,28.25,0,0,0.72,67.71,33.25,0,0,0.92,18.52,51.64,134.14,67.93,0.43,0,0,64.527,62.718,59.196
2025-12-04 19:40,33.13,,33.13,28.25,102.12,28.25,0,0,0.72,72.37,33.25,0,0,0.92,18.52,51.64,134.136,0,0.43,0,0,64.532,102.079,59.055
2025-12-04 19:50,33.13,,33.13,28.25,101.44,28.25,0,0,0.73,70.19,33.26,0,0,0.92,18.52,51.64,134.132,0,0.43,0,0,64.54,130.79,59.118
2025-12-04 20:00,33.13,,33.13,28.25,99.43,28.25,0,0,0.72,75.88,33.25,0,0,0.94,18.52,51.66,134.132,0,0.43,0,0,64.54,105.68,59.033
2025-12-04 20:10,33.13,,33.13,28.25,98.09,28.25,0,0,0.72,87.55,33.25,1,1,0.94,18.52,51.66,134.132,0,0.43,0,0,64.536,73.468,59.086
2025-12-04 20:20,33.13,,33.13,28.26,100.77,28.26,0,0,0.72,91.05,33.25,0,1,0.94,18.52,51.66,134.133,28.208,0.43,0,0,64.53,23.177,59.08
2025-12-04 20:30,33.13,,33.13,28.26,106.82,28.26,1,1,0.72,91.05,33.25,0,1,0.93,18.52,51.65,134.134,95.708,0.43,0,0,64.528,16.045,59.137
2025-12-04 20:40,33.13,,33.13,28.26,106.15,28.26,0,1,0.73,91.25,33.26,0,1,0.93,18.52,51.65,134.133,32.208,0.43,0,0,64.522,8.915,59.027
2025-12-04 20:50,33.13,,33.13,28.26,102.12,28.26,0,1,0.72,92.22,33.25,0,1,0.92,18.52,51.64,134.134,36.152,0.43,0,0,64.52,23.331,59.161
2025-12-04 21:00,33.13,,33.13,28.26,100.77,28.26,0,1,0.71,89.69,33.24,0,1,0.92,18.52,51.64,134.133,0,0.43,0,0,64.52,30.474,59.067
2025-12-04 21:10,33.13,,33.13,28.26,101.44,28.26,0,1,0.73,88.91,33.26,0,1,0.92,18.52,51.64,134.133,0.43,0.43,0,0,64.526,73.382,58.886
2025-12-04 21:20,33.13,,33.13,28.25,100.77,28.25,0,1,0.73,86.57,33.26,0,1,0.93,18.52,51.65,134.13,0,0.43,0,0,64.528,87.592,58.956
2025-12-04 21:30,33.13,,33.13,28.25,101.44,28.25,0,1,0.73,84.23,33.26,0,1,0.92,18.52,51.64,134.128,0,0.43,0,0,64.52,58.984,59.076
2025-12-04 21:40,33.13,,33.13,28.25,101.44,28.25,0,1,0.73,86.57,33.26,0,1,0.92,18.52,51.64,134.128,0,0.43,0,0,64.513,12.509,58.996
2025-12-04 21:50,33.13,,33.13,28.25,99.43,28.25,0,1,0.73,85.4,33.26,0,1,0.92,18.52,51.64,134.13,0,0.43,0,0,64.51,0,58.858
2025-12-04 22:00,33.13,,33.13,28.25,102.79,28.25,0,1,0.73,84.23,33.26,0,1,0.92,18.52,51.64,134.133,167.152,0.43,0,0,64.508,16.037,58.759
2025-12-04 22:10,33.13,,33.13,28.25,102.12,28.25,0,1,0.73,84.23,33.26,0,1,0.92,18.52,51.64,134.135,266.374,0.43,0,0,64.506,33.921,58.98
2025-12-04 22:20,33.13,,33.13,28.25,100.77,28.25,0,1,0.73,85.4,33.26,0,1,0.92,18.52,51.64,134.138,325.93,0.43,0,0,64.5,23.22,58.755
2025-12-04 22:30,33.12,,33.12,28.25,97.41,28.25,0,1,0.73,86.57,33.26,0,1,0.93,18.52,51.65,134.14,298.152,0.43,0,0,64.5,30.338,58.778
2025-12-04 22:40,33.12,,33.12,28.25,96.07,28.25,0,1,0.73,84.23,33.26,0,1,0.93,18.52,51.65,134.141,234.708,0.43,0,0,64.496,23.093,58.58
2025-12-04 22:50,33.12,,33.12,28.25,96.07,28.25,0,1,0.73,80.72,33.26,0,1,0.93,18.52,51.65,134.141,119.541,0.43,0,0,64.49,23.215,58.788
2025-12-04 23:00,33.12,,33.12,28.25,97.41,28.25,0,1,0.73,76.04,33.26,0,1,0.93,18.52,51.65,134.139,0,0.43,0,0,64.483,0,58.472
2025-12-04 23:10,33.12,,33.12,28.25,98.09,28.25,0,1,0.73,77.21,33.26,0,1,0.93,18.52,51.65,134.139,0,0.43,0,0,64.48,1.983,58.856
2025-12-04 23:20,33.12,,33.12,28.25,101.44,28.25,0,1,0.73,74.87,33.26,0,1,0.93,18.52,51.65,134.14,0,0.43,0,0,64.48,23.212,58.64
2025-12-04 23:30,33.12,,33.12,28.26,109.51,28.26,0,1,0.72,72.37,33.25,0,1,0.94,18.52,51.66,134.138,0,0.43,0,0,64.48,48.091,58.61
2025-12-04 23:40,33.12,,33.12,28.26,108.26,28.26,0,1,0.72,70.04,33.25,0,1,0.93,18.52,51.65,134.136,0,0.43,0,0,64.471,26.834,58.584
2025-12-04 23:50,33.12,,33.12,28.26,109.61,28.26,0,1,0.73,70.19,33.26,0,1,0.94,18.52,51.66,134.136,0,0.43,0,0,64.466,9.145,58.573
2025-12-05 0:00,33.12,,33.12,28.26,104.88,28.26,0,1,0.72,71.21,33.25,0,1,0.94,18.52,51.66,134.136,0,0.43,0,0,64.46,0,58.506
2025-12-05 0:10,33.12,,33.12,28.26,100.14,28.26,0,1,0.72,80.55,33.25,0,1,0.93,18.52,51.65,134.138,48.097,0.43,0,0,64.455,2.07,58.296
2025-12-05 0:20,33.12,,33.12,28.26,106.23,28.26,0,1,0.72,87.55,33.25,0,1,0.93,18.52,51.65,134.143,270.43,0.43,0,0,64.45,2.161,58.515
2025-12-05 0:30,33.12,,33.12,28.26,119.09,28.26,0,1,0.72,87.55,33.25,0,1,0.92,18.52,51.64,134.143,286.319,0.43,0,0,64.45,23.262,58.475
2025-12-05 0:40,33.12,,33.12,28.26,121.12,28.26,0,1,0.73,91.25,33.26,0,1,0.92,18.52,51.64,134.135,0,0.43,0,0,64.449,37.489,58.644
2025-12-05 0:50,33.12,,33.12,28.26,116.38,28.26,0,1,0.72,91.05,33.25,0,1,0.92,18.52,51.64,134.133,0,0.43,0,0,64.442,30.493,58.527
2025-12-05 1:00,33.12,,33.12,28.26,111.64,28.26,0,1,0.72,84.05,33.25,0,1,0.93,18.52,51.65,134.132,0,0.43,0,0,64.439,19.884,58.147
2025-12-05 1:10,33.12,,33.12,28.26,114.35,28.26,0,1,0.73,80.72,33.26,0,1,0.94,18.52,51.66,134.133,0,0.43,0,0,64.43,0,58.569
2025-12-05 1:20,33.12,,33.12,28.26,109.51,28.26,0,1,0.73,91.25,33.26,0,1,0.93,18.52,51.65,134.135,83.763,0.43,0,0,64.43,16.466,58.683
2025-12-05 1:30,33.12,,33.12,28.26,103.46,28.26,0,1,0.73,93.59,33.26,0,1,0.92,18.52,51.64,134.14,341.819,0.43,0,0,64.43,26.977,58.18
2025-12-05 1:40,33.12,,33.12,28.26,101.44,28.26,0,1,0.72,84.05,33.25,0,1,0.92,18.52,51.64,134.143,401.43,0.43,0,0,64.426,44.382,58.118
2025-12-05 1:50,33.12,,33.12,28.26,100.77,28.26,0,1,0.72,82.88,33.25,0,1,0.93,18.52,51.65,134.143,329.986,0.43,0,0,64.42,23.344,58.403
2025-12-05 2:00,33.12,,33.12,28.26,98.76,28.26,0,1,0.73,80.72,33.26,0,1,0.95,18.52,51.67,134.141,12.374,0.43,0,0,64.419,19.937,58.456
2025-12-05 2:10,33.12,,33.12,28.26,96.74,28.26,0,1,0.72,78.21,33.25,0,1,0.96,18.52,51.68,134.139,0,0.43,0,0,64.412,9.736,58.684
2025-12-05 2:20,33.12,,33.12,28.26,100.77,28.26,0,1,0.73,73.7,33.26,0,1,0.94,18.52,51.66,134.136,0,0.43,0,0,64.41,23.752,58.45
2025-12-05 2:30,33.12,,33.12,28.26,100.14,28.26,0,1,0.72,73.54,33.25,0,1,0.93,18.52,51.65,134.138,0,0.43,0,0,64.41,27.111,58.032
2025-12-05 2:40,33.12,,33.12,28.26,99.46,28.26,0,1,0.73,74.87,33.26,0,1,0.93,18.52,51.65,134.141,91.763,0.43,0,0,64.402,23.5,58.186
2025-12-05 2:50,33.12,,33.12,28.26,100.82,28.26,0,1,0.72,78.21,33.25,0,1,0.93,18.52,51.65,134.144,314.097,0.43,0,0,64.4,23.49,58.419
2025-12-05 3:00,33.12,,33.12,28.26,100.82,28.26,0,1,0.73,77.21,33.26,0,1,0.95,18.52,51.67,134.143,206.93,0.43,0,0,64.39,0,58.761
2025-12-05 3:10,33.12,,33.12,28.26,98.11,28.26,0,1,0.73,76.04,33.26,0,1,0.94,18.52,51.66,134.142,44.097,0.43,0,0,64.39,17.007,58.34
2025-12-05 3:20,33.12,,33.12,28.26,97.43,28.26,0,1,0.73,72.53,33.26,0,1,0.93,18.52,51.65,134.141,0,0.43,0,0,64.387,13.416,57.98
2025-12-05 3:30,33.12,,33.12,28.26,98.11,28.26,0,1,0.73,71.36,33.26,0,1,0.93,18.52,51.65,134.141,0,0.43,0,0,64.381,27.055,58.176
2025-12-05 3:40,33.12,,33.12,28.26,98.11,28.26,0,1,0.72,73.54,33.25,0,1,0.94,18.52,51.66,134.141,0,0.43,0,0,64.38,23.488,57.973
2025-12-05 3:50,33.12,,33.12,28.26,94.05,28.26,0,1,0.72,75.88,33.25,0,1,0.93,18.52,51.65,134.14,0,0.43,0,0,64.375,16.689,58.084
2025-12-05 4:00,33.12,,33.12,28.26,96.08,28.26,0,1,0.72,79.38,33.25,0,1,0.94,18.52,51.66,134.141,0.43,0.43,0,0,64.37,20.127,57.807
2025-12-05 4:10,33.12,,33.12,28.26,96.08,28.26,0,1,0.72,81.71,33.25,0,1,0.95,18.52,51.67,134.143,63.986,0.43,0,0,64.364,3.082,58.339
2025-12-05 4:20,33.12,,33.12,28.26,97.43,28.26,0,1,0.72,86.38,33.25,0,1,0.95,18.52,51.67,134.145,198.986,0.43,0,0,64.361,10.039,58.122
2025-12-05 4:30,33.12,,33.12,28.26,93.37,28.26,0,1,0.72,87.55,33.25,0,1,0.95,18.52,51.67,134.147,218.819,0.43,0,0,64.36,23.933,58.338
2025-12-05 4:40,33.12,,33.12,28.26,94.05,28.26,0,1,0.73,86.57,33.26,0,1,0.95,18.52,51.67,134.147,163.208,0.43,0,0,64.354,24.006,58.393
2025-12-05 4:50,33.12,,33.12,28.26,92.7,28.26,0,1,0.72,85.22,33.25,0,1,0.96,18.52,51.68,134.147,52.041,0.43,0,0,64.35,20.541,57.893
2025-12-05 5:00,33.12,,33.12,28.26,94.05,28.26,0,1,0.73,86.57,33.26,0,1,0.93,18.52,51.65,134.147,0,0.43,0,0,64.346,10.13,57.77
2025-12-05 5:10,33.12,,33.12,28.26,96.76,28.26,0,1,0.73,85.4,33.26,0,1,0.96,18.52,51.68,134.147,0,0.43,0,0,64.34,9.968,57.742
2025-12-05 5:20,33.12,,33.12,28.26,92.02,28.26,0,1,0.72,78.21,33.25,0,1,0.96,18.52,51.68,134.147,36.208,0.43,0,0,64.34,23.616,57.835
2025-12-05 5:30,33.12,,33.12,28.26,92.02,28.26,0,1,0.72,75.88,33.25,0,1,0.96,18.52,51.68,134.148,67.93,0.43,0,0,64.331,6.608,57.579
2025-12-05 5:40,33.12,,33.12,28.26,94.73,28.26,0,1,0.73,74.87,33.26,0,1,0.95,18.52,51.67,134.149,83.819,0.43,0,0,64.33,23.653,57.544
2025-12-05 5:50,33.12,,33.12,28.26,92.7,28.26,0,1,0.73,71.36,33.26,0,1,0.95,18.52,51.67,134.149,55.986,0.43,0,0,64.321,0,57.677
2025-12-05 6:00,33.12,,33.12,28.26,89.31,28.26,0,1,0.73,71.36,33.26,0,1,0.96,18.52,51.68,134.15,87.819,0.43,0,0,64.32,20.344,57.81
2025-12-05 6:10,33.12,,33.12,28.26,90.67,28.26,0,1,0.73,72.53,33.26,0,1,0.96,18.52,51.68,134.151,71.93,0.43,0,0,64.318,17.026,57.758
2025-12-05 6:20,33.12,,33.12,28.26,88.64,28.26,0,1,0.72,73.54,33.25,0,1,0.96,18.52,51.68,134.149,0,0.43,0,0,64.31,20.508,57.789
2025-12-05 6:30,33.12,,33.12,28.26,89.31,28.26,0,1,0.72,70.04,33.25,0,1,0.96,18.52,51.68,134.148,0,0.43,0,0,64.31,23.832,57.615
2025-12-05 6:40,33.12,,33.12,28.26,92.7,28.26,0,1,0.73,69.02,33.26,0,1,0.96,18.52,51.68,134.147,0,0.43,0,0,64.303,7.033,57.861
2025-12-05 6:50,33.12,,33.12,28.26,89.31,28.26,0,1,0.72,70.04,33.25,0,1,0.96,18.52,51.68,134.147,0,0.43,0,0,64.3,24.036,57.799
2025-12-05 7:00,33.12,,33.12,28.26,89.31,28.26,0,1,0.73,70.19,33.26,0,1,0.96,18.52,51.68,134.149,20.319,0.43,0,0,64.295,7.108,57.497
2025-12-05 7:10,33.12,,33.12,28.26,90.67,28.26,0,1,0.72,73.54,33.25,0,1,0.96,18.52,51.68,134.149,67.93,0.43,0,0,64.29,13.841,57.559
2025-12-05 7:20,33.12,,33.12,28.26,87.96,28.26,0,1,0.72,74.71,33.25,0,1,0.96,18.52,51.68,134.148,32.152,0.43,0,0,64.29,23.729,57.132
2025-12-05 7:30,33.12,,33.12,28.26,92.7,28.26,0,1,0.73,69.02,33.26,0,1,0.96,18.52,51.68,134.147,0,0.43,0,0,64.28,7,57.475
2025-12-05 7:40,33.12,,33.12,28.26,91.34,28.26,0,1,0.73,66.68,33.26,0,1,0.96,18.52,51.68,134.145,0,159.373,0,0,64.28,23.807,57.648
2025-12-05 7:50,33.12,,33.12,28.26,89.99,28.26,0,1,0.72,66.54,33.25,0,1,0.96,18.52,51.68,134.145,0,155.152,0,0,64.273,0.429,57.331
2025-12-05 8:00,33.12,,33.12,28.26,91.34,28.26,0,1,0.72,67.71,33.25,0,1,0.96,18.52,51.68,134.146,85.212,155.612,0,0,64.27,23.985,57.309
2025-12-05 8:10,33.12,,33.12,28.26,87.96,28.26,0,1,0.72,68.87,33.25,0,1,0.96,18.52,51.68,134.146,186.539,153.687,0,0,64.269,20.51,57.225
2025-12-05 8:20,33.12,,33.12,28.26,86.61,28.26,0,1,0.73,65.51,33.26,0,1,0.96,18.52,51.68,134.146,201.212,151.339,0,0,64.261,17.415,57.877
2025-12-05 8:30,33.12,,33.12,28.26,87.9,28.26,0,1,0.73,63.17,33.26,0,1,0.96,18.52,51.68,134.147,199.363,150.065,0,0,64.26,24.233,57.764
2025-12-05 8:40,33.12,,33.12,28.26,89.95,28.26,0,1,0.73,62,33.26,0,1,0.96,18.52,51.68,134.147,193.43,135.886,0,0,64.253,4.423,57.795
2025-12-05 8:50,33.12,,33.12,28.26,89.95,28.26,0,1,0.72,64.2,33.25,0,1,0.96,18.52,51.68,134.148,166.905,0.43,0,0,64.25,21.119,57.631
2025-12-05 9:00,33.12,,33.12,28.26,87.9,28.26,0,1,0.73,63.17,33.26,0,1,0.96,18.52,51.68,134.149,121.026,0.43,0,0,64.246,10.899,56.938
2025-12-05 9:10,33.12,,33.12,28.26,89.95,28.26,0,1,0.73,63.17,33.26,0,1,0.96,18.52,51.68,134.145,0,0.43,0,0,64.24,13.851,56.483
2025-12-05 9:20,33.12,,33.12,28.26,88.59,28.26,0,1,0.72,64.2,33.25,0,1,0.96,18.52,51.68,134.145,0,0.43,0,0,64.24,23.596,57.035
2025-12-05 9:30,33.12,,33.12,28.26,91.31,28.26,0,1,0.72,60.7,33.25,0,1,0.96,18.52,51.68,134.146,0,0.43,0,0,64.236,23.472,56.398
2025-12-05 9:40,33.12,,33.12,28.26,88.59,28.26,0,1,0.72,57.2,33.25,0,1,0.93,18.52,51.65,134.143,0,36.423,0,0,64.232,30.187,56.462
2025-12-05 9:50,33.12,,33.12,28.26,91.31,28.26,0,1,0.72,56.03,33.25,0,1,0.94,18.52,51.66,134.139,0,88.583,0,0,64.243,66.377,56.438
2025-12-05 10:00,33.12,,33.12,28.26,89.95,28.26,0,1,0.72,57.2,33.25,0,1,0.93,18.52,51.65,134.138,0,144.78,0,0,64.255,119.35,55.983
2025-12-05 10:10,33.12,,33.12,28.26,92.67,28.26,0,1,0.72,58.37,33.25,0,1,0.93,18.52,51.65,134.137,0,141.098,0,0,64.26,149.294,56.629
2025-12-05 10:20,33.12,,33.12,28.26,91.31,28.26,0,1,0.72,58.37,33.25,0,1,0.93,18.52,51.65,134.14,188.848,90.166,0,0,64.253,89.737,56.931
2025-12-05 10:30,33.12,,33.12,28.26,89.95,28.26,0,1,0.72,56.03,33.25,0,1,0.93,18.52,51.65,134.143,264.421,26,0,0,64.243,15.458,57.315
2025-12-05 10:40,33.12,,33.12,28.26,90.63,28.26,0,1,0.72,56.03,33.25,0,1,0.93,18.52,51.65,134.143,304.865,0.43,0,0,64.24,0,57.084
2025-12-05 10:50,33.12,,33.12,28.26,88.59,28.26,0,1,0.73,60.83,33.26,0,1,0.94,18.52,51.66,134.141,55.602,33.21,0,0,64.24,14.104,57.411
2025-12-05 11:00,33.12,,33.12,28.26,89.95,28.26,0,1,0.72,57.2,33.25,0,1,0.94,18.52,51.66,134.137,0,168.692,0,0,64.24,48.837,57.015
2025-12-05 11:10,33.12,,33.12,28.26,89.95,28.26,0,1,0.73,57.2,33.26,0,1,0.93,18.52,51.65,134.133,0,168.752,1,1,64.244,70.467,57.143
2025-12-05 11:20,33.12,,33.12,28.26,92.67,28.26,0,1,0.73,58.49,33.26,0,1,0.94,18.52,51.66,134.132,0,168.793,0,1,64.25,90.325,57.149
2025-12-05 11:30,33.12,,33.12,28.26,89.95,28.26,0,1,0.73,62,33.26,0,1,0.93,18.52,51.65,134.132,0,168.725,0,1,64.254,103.583,56.956
2025-12-05 11:40,33.12,,33.12,28.26,89.27,28.26,0,1,0.73,59.66,33.26,0,1,0.94,18.52,51.66,134.13,37.726,168.659,0,1,64.252,83.631,56.955
2025-12-05 11:50,33.12,,33.12,28.26,90.63,28.26,0,1,0.72,59.53,33.25,0,1,0.93,18.52,51.65,134.133,180.473,168.368,0,1,64.25,56.839,56.605
2025-12-05 12:00,33.12,,33.12,28.26,91.31,28.26,0,1,0.73,58.49,33.26,0,1,0.94,18.52,51.66,134.136,319.419,168.73,0,1,64.25,43.523,56.842
2025-12-05 12:10,33.12,,33.12,28.26,89.95,28.26,0,1,0.73,59.66,33.26,0,1,0.94,18.52,51.66,134.135,354.719,95.892,0,1,64.25,50.338,57.568
2025-12-05 12:20,33.12,,33.12,28.26,85.86,28.26,0,1,0.73,60.83,33.26,0,1,0.94,18.52,51.66,134.133,104.239,0.43,0,1,64.255,74.055,57.923
2025-12-05 12:30,33.12,,33.12,28.26,87.9,28.26,0,1,0.73,59.66,33.26,0,1,0.94,18.52,51.66,134.131,0,0.43,0,1,64.262,97.77,57.986
2025-12-05 12:40,33.12,,33.12,28.26,87.9,28.26,0,1,0.72,60.7,33.25,0,1,0.94,18.52,51.66,134.124,0,0.43,0,1,64.274,138.089,58.192
2025-12-05 12:50,33.12,,33.12,28.26,84.5,28.26,0,1,0.73,60.83,33.26,0,1,0.94,18.52,51.66,134.124,0,0.43,0,1,64.28,141.669,58.33
2025-12-05 13:00,33.12,,33.12,28.26,87.9,28.26,0,1,0.73,59.66,33.26,0,1,0.93,18.52,51.65,134.124,0,0.43,0,1,64.289,148.598,58.105
2025-12-05 13:10,33.12,,33.12,28.26,84.5,28.26,0,1,0.72,59.53,33.25,0,1,0.94,18.52,51.66,134.126,121.189,100.706,0,1,64.293,121.942,58.223
2025-12-05 13:20,33.12,,33.12,28.26,83.82,28.26,0,1,0.72,61.87,33.25,0,1,0.94,18.52,51.66,134.125,129.191,167.27,0,1,64.3,125.323,57.807
2025-12-05 13:30,33.12,,33.12,28.26,85.18,28.26,0,1,0.73,60.83,33.26,0,1,0.94,18.52,51.66,134.127,244.336,167.366,0,1,64.303,105.178,58.002
2025-12-05 13:40,33.12,,33.12,28.26,79.73,28.26,0,1,0.73,63.17,33.26,0,1,0.96,18.52,51.68,134.126,151.524,167.603,0,1,64.306,101.866,58.289
2025-12-05 13:50,33.12,,33.12,28.26,87.9,28.26,0,1,0.72,60.7,33.25,0,1,0.96,18.52,51.68,134.128,290.423,167.3,0,1,64.303,68.208,58
2025-12-05 14:00,33.12,,33.12,28.26,87.9,28.26,0,1,0.73,57.32,33.26,0,1,0.96,18.52,51.68,134.128,219.076,167.492,0,1,64.3,48.031,58.137
2025-12-05 14:10,33.12,,33.12,28.26,87.9,28.26,0,1,0.72,57.2,33.25,0,1,0.96,18.52,51.68,134.125,147.591,167.48,0,1,64.3,37.912,58.265
2025-12-05 14:20,33.12,,33.12,28.26,83.82,28.26,0,1,0.73,59.66,33.26,0,1,0.96,18.52,51.68,134.125,20.573,167.246,0,1,64.3,48.016,57.981
2025-12-05 14:30,33.12,,33.12,28.26,83.82,28.26,0,1,0.73,59.66,33.26,0,1,0.95,18.52,51.67,134.122,0,167.282,0,1,64.3,58.071,57.969
2025-12-05 14:40,33.12,,33.12,28.26,85.86,28.26,0,1,0.73,60.83,33.26,0,1,0.95,18.52,51.67,134.119,0,167.228,0,1,64.307,81.641,58.141
2025-12-05 14:50,33.12,,33.12,28.26,82.45,28.26,0,1,0.73,60.83,33.26,0,1,0.95,18.52,51.67,134.12,0,167.353,0,1,64.318,118.951,58.244
2025-12-05 15:00,33.12,,33.12,28.26,77.68,28.26,0,1,0.73,60.83,33.26,0,1,0.95,18.52,51.67,134.119,32.479,167.522,0,1,64.323,136.073,58.5
2025-12-05 15:10,33.12,,33.12,28.26,82.45,28.26,0,1,0.73,62,33.26,0,1,0.96,18.52,51.68,134.118,92.056,167.459,0,1,64.331,139.717,58.407
2025-12-05 15:20,33.12,,33.12,28.26,83.82,28.26,0,1,0.73,62,33.26,0,1,0.96,18.52,51.68,134.119,159.623,167.722,0,1,64.34,133.243,58.655
2025-12-05 15:30,33.12,,33.12,28.26,80.41,28.26,0,1,0.73,64.34,33.26,0,1,0.95,18.52,51.67,134.121,235.197,168.079,0,1,64.346,135.938,58.917
2025-12-05 15:40,33.12,,33.12,28.26,84.5,28.26,0,1,0.73,63.17,33.26,0,1,0.94,18.52,51.66,134.118,187.587,167.461,0,1,64.354,137.148,58.536
2025-12-05 15:50,33.12,,33.12,28.26,85.18,28.26,0,1,0.73,64.34,33.26,0,1,0.94,18.52,51.66,134.117,64.455,167.326,0,1,64.365,144.12,58.236
2025-12-05 16:00,33.12,,33.12,28.26,81.09,28.26,0,1,0.73,62,33.26,0,1,0.93,18.52,51.65,134.113,0,167.279,0,1,64.375,158.787,58.422
2025-12-05 16:10,33.12,,33.12,28.26,83.13,28.26,0,1,0.73,66.68,33.26,0,1,0.94,18.52,51.66,134.111,0,167.093,0,1,64.383,157.848,57.886
2025-12-05 16:20,33.12,,33.12,28.26,87.9,28.26,0,1,0.73,64.34,33.26,0,1,0.94,18.52,51.66,134.107,0,164.355,0,1,64.39,144.374,58.479
2025-12-05 16:30,33.12,,33.12,28.26,83.13,28.26,0,1,0.73,60.83,33.26,0,1,0.94,18.52,51.66,134.102,0,164.571,0,1,64.4,144.384,57.778
2025-12-05 16:40,33.12,,33.12,28.26,86.54,28.26,0,1,0.73,60.83,33.26,0,1,0.94,18.52,51.66,134.098,0,164.881,0,1,64.408,144.636,58.15
2025-12-05 16:50,33.12,,33.12,28.26,86.54,28.26,0,1,0.73,60.83,33.26,0,1,0.94,18.52,51.66,134.097,0,164.933,0,1,64.417,151.682,58.285
2025-12-05 17:00,33.12,,33.12,28.26,85.86,28.26,0,1,0.73,59.66,33.26,0,1,0.94,18.52,51.66,134.096,0,164.782,0,1,64.428,155.608,58.224
2025-12-05 17:10,33.12,,33.12,28.26,85.86,28.26,0,1,0.73,62,33.26,0,1,0.94,18.52,51.66,134.097,117.183,164.501,0,1,64.436,155.795,58.044
2025-12-05 17:20,33.12,,33.12,28.26,87.9,28.26,0,1,0.73,65.51,33.26,0,1,0.94,18.52,51.66,134.096,140.944,165.05,0,1,64.447,163.094,58.515
2025-12-05 17:30,33.12,,33.12,28.26,89.95,28.26,0,1,0.73,66.68,33.26,0,1,0.94,18.52,51.66,134.094,81.538,164.895,0,1,64.456,156.53,58.697
2025-12-05 17:40,33.12,,33.12,28.26,87.9,28.26,0,1,0.73,66.68,33.26,0,1,0.94,18.52,51.66,134.091,0,164.963,0,1,64.462,149.842,58.647
2025-12-05 17:50,33.12,,33.12,28.26,85.18,28.26,0,1,0.73,65.51,33.26,0,1,0.93,18.52,51.65,134.09,0,164.821,0,1,64.472,146.625,58.53
2025-12-05 18:00,33.12,,33.12,28.26,86.54,28.26,0,1,0.73,63.17,33.26,0,1,0.93,18.52,51.65,134.089,0,160.836,0,1,64.481,146.783,58.505
2025-12-05 18:10,33.12,,33.12,28.26,86.54,28.26,0,1,0.73,65.51,33.26,0,1,0.93,18.52,51.65,134.093,192.573,49.895,0,1,64.491,161.094,58.58
2025-12-05 18:20,33.12,,33.12,28.26,85.86,28.26,0,1,0.72,67.71,33.25,0,1,0.93,18.52,51.65,134.102,534.387,0.43,0,1,64.501,161.348,58.626
2025-12-05 18:30,33.12,,33.12,28.26,87.9,28.26,0,1,0.73,65.51,33.26,0,1,0.93,18.52,51.65,134.104,635.585,0.43,0,1,64.51,161.71,58.922
2025-12-05 18:40,33.12,,33.12,28.26,85.86,28.26,0,1,0.73,64.34,33.26,0,1,0.93,18.52,51.65,134.105,456.541,0.43,0,1,64.519,158.467,58.684
2025-12-05 18:50,33.12,,33.12,28.26,81.87,28.26,0,1,0.73,65.51,33.26,0,1,0.93,18.52,51.65,134.104,95.597,0.43,0,1,64.527,151.527,58.473
2025-12-05 19:00,33.12,,33.12,28.26,85.25,28.26,0,1,0.73,65.51,33.26,0,1,0.93,18.52,51.65,134.101,0,0.43,0,1,64.536,151.691,58.749
2025-12-05 19:10,33.12,,33.12,28.26,85.93,28.26,0,1,0.73,67.85,33.26,0,1,0.93,18.52,51.65,134.098,0,0.43,0,1,64.543,144.826,59.256
2025-12-05 19:20,33.12,,33.12,28.26,86.61,28.26,0,1,0.73,66.68,33.26,0,1,0.93,18.52,51.65,134.096,0,0.43,0,1,64.55,141.517,58.713
2025-12-05 19:30,33.12,,33.12,28.26,85.25,28.26,0,1,0.73,65.51,33.26,0,1,0.93,18.52,51.65,134.096,0,0.43,0,1,64.55,109.232,58.728
2025-12-05 19:40,33.12,,33.12,28.26,81.87,28.26,0,1,0.72,65.37,33.25,0,1,0.93,18.52,51.65,134.097,0,0.43,0,1,64.55,84.246,59.629
2025-12-05 19:50,33.12,,33.12,28.26,81.87,28.26,0,1,0.72,63.04,33.25,0,1,0.93,18.52,51.65,134.1,135.319,0.43,0,1,64.541,26.854,59.371
2025-12-05 20:00,33.12,,33.12,28.26,83.22,28.26,0,1,0.72,67.71,33.25,0,1,0.93,18.52,51.65,134.101,174.986,0.43,0,1,64.54,23.437,59.311
2025-12-05 20:10,33.12,,33.12,28.26,83.22,28.26,0,1,0.72,66.54,33.25,0,1,0.93,18.52,51.65,134.101,143.208,0.43,0,1,64.54,23.347,59.358
2025-12-05 20:20,33.12,,33.12,28.26,89.99,28.26,0,1,0.72,66.54,33.25,0,1,0.92,18.52,51.64,134.1,16.263,0.43,0,1,64.54,55.757,59.436
2025-12-05 20:30,33.12,,33.12,28.26,84.58,28.26,0,1,0.72,64.2,33.25,0,1,0.92,18.52,51.64,134.099,0,0.43,0,1,64.54,59.405,59.421
2025-12-05 20:40,33.12,,33.12,28.26,88.64,28.26,0,1,0.72,64.2,33.25,0,1,0.92,18.52,51.64,134.1,0,0.43,0,1,64.54,59.39,59.311
2025-12-05 20:50,33.12,,33.12,28.26,89.99,28.26,0,1,0.72,61.87,33.25,0,1,0.92,18.52,51.64,134.099,0,0.43,0,1,64.535,41.299,58.998
2025-12-05 21:00,33.12,,33.12,28.26,90.67,28.26,0,1,0.73,64.34,33.26,0,1,0.92,18.52,51.64,134.1,32.152,0.43,0,1,64.53,23.307,59.277
2025-12-05 21:10,33.12,,33.12,28.26,90.67,28.26,0,1,0.73,65.51,33.26,0,1,0.92,18.52,51.64,134.101,51.986,0.43,0,1,64.53,23.294,59.274
2025-12-05 21:20,33.12,,33.12,28.26,89.99,28.26,0,1,0.73,62,33.26,0,1,0.92,18.52,51.64,134.102,127.319,0.43,0,1,64.526,27.016,59.165
2025-12-05 21:30,33.12,,33.12,28.26,91.34,28.26,0,1,0.72,63.04,33.25,0,1,0.92,18.52,51.64,134.104,147.208,0.43,0,1,64.52,23.246,58.633
2025-12-05 21:40,33.12,,33.12,28.26,85.93,28.26,0,1,0.72,61.87,33.25,0,1,0.92,18.52,51.64,134.106,198.763,0.43,0,1,64.52,23.267,59.335
2025-12-05 21:50,33.12,,33.12,28.26,85.25,28.26,0,1,0.72,60.7,33.25,0,1,0.93,18.52,51.65,134.106,155.152,0.43,0,1,64.519,34.014,59.241
2025-12-05 22:00,33.12,,33.12,28.26,87.28,28.26,0,1,0.72,59.53,33.25,0,1,0.94,18.52,51.66,134.105,59.93,0.43,0,1,64.511,27.106,59.075
2025-12-05 22:10,33.12,,33.12,28.26,83.9,28.26,0,1,0.73,60.83,33.26,0,1,0.94,18.52,51.66,134.104,0,0.43,0,1,64.51,23.486,59.308
2025-12-05 22:20,33.12,,33.12,28.26,85.25,28.26,0,1,0.73,59.66,33.26,0,1,0.94,18.52,51.66,134.102,0,0.43,0,1,64.504,5.643,59.047
2025-12-05 22:30,33.12,,33.12,28.26,87.28,28.26,0,1,0.73,58.49,33.26,0,1,0.94,18.52,51.66,134.101,0,0.43,0,1,64.5,19.992,59.287
2025-12-05 22:40,33.12,,33.12,28.26,87.96,28.26,0,1,0.73,56.15,33.26,0,1,0.94,18.52,51.66,134.102,0,0.43,0,1,64.5,23.524,59.071
2025-12-05 22:50,33.12,,33.12,28.26,90.67,28.26,0,1,0.72,58.37,33.25,0,1,0.94,18.52,51.66,134.105,83.763,0.43,0,1,64.497,34.175,59.002
2025-12-05 23:00,33.12,,33.12,28.26,87.28,28.26,0,1,0.72,61.87,33.25,0,1,0.95,18.52,51.67,134.106,210.652,0.43,0,1,64.49,23.436,58.735
2025-12-05 23:10,33.12,,33.12,28.26,89.31,28.26,0,1,0.72,64.2,33.25,0,1,0.95,18.52,51.67,134.107,214.652,0.43,0,1,64.49,23.424,59.033
2025-12-05 23:20,33.12,,33.12,28.26,85.93,28.26,0,1,0.72,65.37,33.25,0,1,0.95,18.52,51.67,134.107,111.486,0.43,0,1,64.483,8.85,57.78
2025-12-05 23:30,33.12,,33.12,28.26,87.28,28.26,0,1,0.72,64.2,33.25,0,1,0.95,18.52,51.67,134.107,36.152,0.43,0,1,64.48,23.137,58.932
2025-12-05 23:40,33.12,,33.12,28.26,87.28,28.26,0,1,0.72,70.04,33.25,0,1,0.95,18.52,51.67,134.107,0,0.43,0,1,64.477,12.352,58.511
2025-12-05 23:50,33.12,,33.12,28.26,87.28,28.26,0,1,0.73,67.85,33.26,0,1,0.95,18.52,51.67,134.106,0,0.43,0,1,64.47,12.813,58.83
2025-12-06 0:00,33.12,,33.12,28.26,83.9,28.26,0,1,0.73,66.68,33.26,0,1,0.95,18.52,51.67,134.106,0,0.43,0,1,64.47,23.389,58.828
2025-12-06 0:10,33.12,,33.12,28.26,85.25,28.26,0,1,0.72,72.37,33.25,0,1,0.95,18.52,51.67,134.107,4.43,0.43,0,1,64.47,33.948,58.353
2025-12-06 0:20,33.12,,33.12,28.26,87.96,28.26,0,1,0.73,70.19,33.26,0,1,0.95,18.52,51.67,134.108,63.874,0.43,0,1,64.461,26.904,58.699
2025-12-06 0:30,33.12,,33.12,28.26,83.22,28.26,0,1,0.73,71.36,33.26,0,1,0.95,18.52,51.67,134.108,79.763,0.43,0,1,64.46,23.376,58.744
2025-12-06 0:40,33.12,,33.12,28.26,85.93,28.26,0,1,0.73,67.85,33.26,0,1,0.96,18.52,51.68,134.112,218.597,0.43,0,1,64.45,0,58.659
2025-12-06 0:50,33.12,,33.12,28.26,83.22,28.26,0,1,0.72,70.04,33.25,0,1,0.96,18.52,51.68,134.112,171.041,0.43,0,1,64.447,9.492,58.741
2025-12-06 1:00,33.12,,33.12,28.26,82.55,28.26,0,1,0.72,72.37,33.25,0,1,0.96,18.52,51.68,134.113,178.986,0.43,0,1,64.442,0,58.83
2025-12-06 1:10,33.12,,33.12,28.26,80.52,28.26,0,1,0.72,73.54,33.25,0,1,0.96,18.52,51.68,134.111,0,0.43,0,1,64.44,23.75,58.845
2025-12-06 1:20,33.12,,33.12,28.26,87.28,28.26,0,1,0.72,71.21,33.25,0,1,0.96,18.52,51.68,134.108,0,0.43,0,1,64.44,34.348,58.868
2025-12-06 1:30,33.12,,33.12,28.26,85.25,28.26,0,1,0.72,73.54,33.25,0,1,0.96,18.52,51.68,134.107,0,0.43,0,1,64.431,20.366,58.884
2025-12-06 1:40,33.12,,33.12,28.26,91.34,28.26,0,1,0.72,71.21,33.25,0,1,0.96,18.52,51.68,134.106,0,0.43,0,1,64.43,23.841,58.77
2025-12-06 1:50,33.12,,33.12,28.26,86.61,28.26,0,1,0.72,74.71,33.25,0,1,0.95,18.52,51.67,134.107,0,0.43,0,1,64.424,2.895,58.865
2025-12-06 2:00,33.12,,33.12,28.26,86.61,28.26,0,1,0.72,74.71,33.25,0,1,0.96,18.52,51.68,134.11,103.597,0.43,0,1,64.42,20.456,58.901
2025-12-06 2:10,33.12,,33.12,28.26,88.64,28.26,0,1,0.72,73.54,33.25,0,1,0.95,18.52,51.67,134.113,274.208,0.43,0,1,64.418,17.068,58.939
2025-12-06 2:20,33.12,,33.12,28.26,85.93,28.26,0,1,0.72,72.37,33.25,0,1,0.94,18.52,51.66,134.115,321.763,0.43,0,1,64.41,10.119,58.684
2025-12-06 2:30,33.12,,33.12,28.26,83.9,28.26,0,1,0.72,68.87,33.25,0,1,0.94,18.52,51.66,134.116,250.374,0.43,0,1,64.41,24.065,58.904
2025-12-06 2:40,33.12,,33.12,28.26,85.93,28.26,0,1,0.72,64.2,33.25,0,1,0.93,18.52,51.65,134.115,95.652,0.43,0,1,64.408,24.052,58.902
2025-12-06 2:50,33.12,,33.12,28.26,87.28,28.26,0,1,0.73,62,33.26,0,1,0.93,18.52,51.65,134.114,0,0.43,0,1,64.4,24.138,58.774
2025-12-06 3:00,33.12,,33.12,28.26,86.61,28.26,0,1,0.73,60.83,33.26,0,1,0.93,18.52,51.65,134.113,0,0.43,0,1,64.398,17.225,58.832
2025-12-06 3:10,33.12,,33.12,28.26,82.55,28.26,0,1,0.73,65.51,33.26,0,1,0.95,18.52,51.67,134.114,0,0.43,0,1,64.39,0,58.842
2025-12-06 3:20,33.12,,33.12,28.26,83.22,28.26,0,1,0.73,62,33.26,0,1,0.93,18.52,51.65,134.115,44.097,0.43,0,1,64.387,13.899,58.856
2025-12-06 3:30,33.12,,33.12,28.26,87.28,28.26,0,1,0.73,60.83,33.26,0,1,0.94,18.52,51.66,134.118,178.986,0.43,0,1,64.38,0,58.754
2025-12-06 3:40,33.12,,33.12,28.26,82.55,28.26,0,1,0.72,61.87,33.25,0,1,0.96,18.52,51.68,134.12,218.652,0.43,0,1,64.38,24.226,58.734
2025-12-06 3:50,33.12,,33.12,28.26,81.87,28.26,0,1,0.72,60.7,33.25,0,1,0.94,18.52,51.66,134.122,262.319,0.43,0,1,64.379,31.119,58.701
2025-12-06 4:00,33.12,,33.12,28.26,81.87,28.26,0,1,0.72,58.37,33.25,0,1,0.94,18.52,51.66,134.122,159.152,0.43,0,1,64.372,31.22,58.726
2025-12-06 4:10,33.12,,33.12,28.26,83.9,28.26,0,1,0.73,58.49,33.26,0,1,0.94,18.52,51.66,134.12,4.43,0.43,0,1,64.37,24.342,58.767
2025-12-06 4:20,33.12,,33.12,28.26,83.22,28.26,0,1,0.73,57.32,33.26,0,1,0.94,18.52,51.66,134.118,0,0.43,0,1,64.368,20.885,58.663
2025-12-06 4:30,33.12,,33.12,28.26,82.55,28.26,0,1,0.73,58.49,33.26,0,1,0.94,18.52,51.66,134.116,0,0.43,0,1,64.36,17.419,58.493
2025-12-06 4:40,33.12,,33.12,28.26,83.22,28.26,0,1,0.73,63.17,33.26,0,1,0.94,18.52,51.66,134.115,0,0.43,0,1,64.352,0,58.413
2025-12-06 4:50,33.12,,33.12,28.26,81.19,28.26,0,1,0.73,62,33.26,0,1,0.95,18.52,51.67,134.115,0,0.43,0,1,64.35,0,58.144
2025-12-06 5:00,33.12,,33.12,28.26,77.81,28.26,0,1,0.72,57.2,33.25,0,1,0.95,18.52,51.67,134.116,20.263,0.43,0,1,64.349,20.532,58.038
2025-12-06 5:10,33.12,,33.12,28.26,83.22,28.26,0,1,0.73,58.49,33.26,0,1,0.95,18.52,51.67,134.12,194.874,0.43,0,1,64.343,27.371,58.098
2025-12-06 5:20,33.12,,33.12,28.26,77.81,28.26,0,1,0.73,58.49,33.26,0,1,0.95,18.52,51.67,134.12,210.708,0.43,0,1,64.34,23.879,58.002
2025-12-06 5:30,33.12,,33.12,28.26,81.87,28.26,0,1,0.73,63.17,33.26,0,1,0.95,18.52,51.67,134.121,206.819,0.43,0,1,64.333,3.53,58.157
2025-12-06 5:40,33.12,,33.12,28.26,85.93,28.26,0,1,0.73,64.34,33.26,0,1,0.95,18.52,51.67,134.12,20.263,0.43,0,1,64.33,13.72,57.836
2025-12-06 5:50,33.12,,33.12,28.26,81.87,28.26,0,1,0.72,58.37,33.25,0,1,0.95,18.52,51.67,134.119,0,0.43,0,1,64.323,0.222,58.007
2025-12-06 6:00,33.12,,33.12,28.26,83.22,28.26,0,1,0.73,58.49,33.26,0,1,0.95,18.52,51.67,134.117,0,0.43,0,1,64.32,13.792,57.867
2025-12-06 6:10,33.12,,33.12,28.26,87.28,28.26,0,1,0.73,58.49,33.26,0,1,0.95,18.52,51.67,134.117,0,0.43,0,1,64.32,24.03,58.048
2025-12-06 6:20,33.12,,33.12,28.26,89.31,28.26,0,1,0.73,54.98,33.26,0,1,0.95,18.52,51.67,134.117,0,0.43,0,1,64.317,37.591,57.857
2025-12-06 6:30,33.12,,33.12,28.26,88.64,28.26,0,1,0.73,59.66,33.26,0,1,0.95,18.52,51.67,134.118,28.208,0.43,0,1,64.31,24.076,57.99
2025-12-06 6:40,33.12,,33.12,28.26,89.31,28.26,0,1,0.73,58.49,33.26,0,1,0.96,18.52,51.68,134.121,151.263,0.43,0,1,64.306,10.504,57.832
2025-12-06 6:50,33.12,,33.12,28.26,85.25,28.26,0,1,0.73,53.81,33.26,0,1,0.96,18.52,51.68,134.123,238.486,0.43,0,1,64.3,0.477,57.942
2025-12-06 7:00,33.12,,33.12,28.26,82.55,28.26,0,1,0.73,56.15,33.26,0,1,0.96,18.52,51.68,134.123,175.041,0.43,0,1,64.295,7.247,57.8
2025-12-06 7:10,33.12,,33.12,28.26,86.61,28.26,0,1,0.73,60.83,33.26,0,1,0.96,18.52,51.68,134.121,12.319,0.43,0,1,64.29,3.984,57.878
2025-12-06 7:20,33.12,,33.12,28.26,84.58,28.26,0,1,0.73,58.49,33.26,0,1,0.96,18.52,51.68,134.119,0,0.43,0,1,64.29,24.144,57.753
2025-12-06 7:30,33.12,,33.12,28.26,85.25,28.26,0,1,0.73,60.83,33.26,0,1,0.96,18.52,51.68,134.118,0,0.43,0,1,64.287,30.884,57.689
2025-12-06 7:40,33.12,,33.12,28.26,84.58,28.26,0,1,0.73,56.15,33.26,0,1,0.96,18.52,51.68,134.118,0,0.43,0,1,64.28,24.103,57.7
2025-12-06 7:50,33.12,,33.12,28.26,84.58,28.26,0,1,0.73,60.83,33.26,0,1,0.96,18.52,51.68,134.117,0,0.43,0,1,64.279,20.748,57.688
2025-12-06 8:00,33.12,,33.12,28.26,83.9,28.26,0,1,0.73,57.32,33.26,0,1,0.96,18.52,51.68,134.117,0,9.232,0,1,64.27,0.77,57.754
2025-12-06 8:10,33.12,,33.12,28.26,83.22,28.26,0,1,0.73,57.32,33.26,0,1,0.96,18.52,51.68,134.115,0,137.599,0,1,64.269,20.903,57.599
2025-12-06 8:20,33.12,,33.12,28.26,79.16,28.26,0,1,0.73,60.83,33.26,0,1,0.96,18.52,51.68,134.117,94.127,135.55,0,1,64.26,0,57.64
2025-12-06 8:30,33.12,,33.12,28.26,85.25,28.26,0,1,0.73,60.83,33.26,0,1,0.96,18.52,51.68,134.119,189.43,140.307,0,1,64.26,24.277,57.759
2025-12-06 8:40,33.12,,33.12,28.26,82.55,28.26,0,1,0.73,64.34,33.26,0,1,0.96,18.52,51.68,134.119,279.774,134.797,0,1,64.259,24.293,57.647
2025-12-06 8:50,33.12,,33.12,28.26,81.87,28.26,0,1,0.73,66.68,33.26,0,1,0.96,18.52,51.68,134.117,140.604,146.706,0,1,64.251,27.757,57.699
2025-12-06 9:00,33.12,,33.12,28.26,87.96,28.26,0,1,0.72,63.04,33.25,0,1,0.96,18.52,51.68,134.116,32.6,137.798,0,1,64.25,24.339,57.503
2025-12-06 9:10,33.12,,33.12,28.26,83.9,28.26,0,1,0.73,58.49,33.26,0,1,0.96,18.52,51.68,134.115,0,138.443,0,1,64.242,1.078,57.533
2025-12-06 9:20,33.12,,33.12,28.26,86.61,28.26,0,1,0.72,63.04,33.25,0,1,0.96,18.52,51.68,134.114,10.653,124.719,0,1,64.24,20.917,57.383
2025-12-06 9:30,33.12,,33.12,28.26,86.61,28.26,0,1,0.73,62,33.26,0,1,0.96,18.52,51.68,134.114,48.66,120.819,0,1,64.237,14.229,57.106
2025-12-06 9:40,33.12,,33.12,28.26,85.93,28.26,0,1,0.73,57.32,33.26,0,1,0.95,18.52,51.67,134.113,65.103,116.438,0,1,64.231,20.706,56.961
2025-12-06 9:50,33.12,,33.12,28.26,85.25,28.26,0,1,0.73,56.15,33.26,0,1,0.96,18.52,51.68,134.114,141.495,139.727,0,1,64.228,17.648,57.877
2025-12-06 10:00,33.12,,33.12,28.26,79.84,28.26,0,1,0.72,54.86,33.25,0,1,0.96,18.52,51.68,134.115,163.146,138.106,0,1,64.223,11.227,57.676
2025-12-06 10:10,33.12,,33.12,28.26,81.87,28.26,0,1,0.73,53.81,33.26,0,1,0.96,18.52,51.68,134.114,172.972,145.916,0,1,64.22,21.477,57.711
2025-12-06 10:20,33.12,,33.12,28.26,80.52,28.26,0,1,0.73,69.02,33.26,0,1,0.96,18.52,51.68,134.113,101.77,140.288,0,1,64.224,44.383,57.429
2025-12-06 10:30,33.12,,33.12,28.26,85.86,28.26,0,1,0.73,58.49,33.26,0,1,0.96,18.52,51.68,134.111,0,146.445,0,1,64.234,93.969,57.766
2025-12-06 10:40,33.12,,33.12,28.26,84.5,28.26,0,1,0.73,57.32,33.26,0,1,0.96,18.52,51.68,134.106,0,146.61,0,1,64.245,140.352,57.861
2025-12-06 10:50,33.12,,33.12,28.26,83.82,28.26,0,1,0.73,57.32,33.26,0,1,0.96,18.52,51.68,134.106,0,136.576,0,1,64.25,143.843,57.57
2025-12-06 11:00,33.12,,33.12,28.26,83.22,28.26,0,1,0.73,56.15,33.26,0,1,0.96,18.52,51.68,134.103,0,146.21,0,1,64.25,110.737,57.614
2025-12-06 11:10,33.12,,33.12,28.26,85.86,28.26,0,1,0.73,56.15,33.26,0,1,0.96,18.52,51.68,134.103,0,130.826,0,1,64.251,77.427,57.263
2025-12-06 11:20,33.12,,33.12,28.26,83.82,28.26,0,1,0.73,58.49,33.26,0,1,0.96,18.52,51.68,134.103,40.831,142.958,0,1,64.259,87.412,57.525
2025-12-06 11:30,33.12,,33.12,28.26,87.9,28.26,0,1,0.73,57.32,33.26,0,1,0.96,18.52,51.68,134.103,160.959,137.595,0,1,64.268,117.513,57.75
2025-12-06 11:40,33.12,,33.12,28.26,87.9,28.26,0,1,0.73,56.15,33.26,0,1,0.96,18.52,51.68,134.101,78.07,132.157,0,1,64.275,137.601,57.361
2025-12-06 11:50,33.12,,33.12,28.26,86.61,28.26,0,1,0.73,59.66,33.26,0,1,0.95,18.52,51.67,134.099,0,145.693,0,1,64.283,137.951,58.077
2025-12-06 12:00,33.12,,33.12,28.26,88.59,28.26,0,1,0.73,54.98,33.26,0,1,0.95,18.52,51.67,134.097,0,124.434,0,1,64.29,131.541,58.017
2025-12-06 12:10,33.12,,33.12,28.26,88.59,28.26,0,1,0.72,57.2,33.25,0,1,0.95,18.52,51.67,134.1,38.63,0.43,0,1,64.299,138.57,57.781
2025-12-06 12:20,33.12,,33.12,28.26,85.86,28.26,0,1,0.72,53.7,33.25,0,1,0.95,18.52,51.67,134.103,188.487,0.43,0,1,64.303,125.173,57.722
2025-12-06 12:30,33.12,,33.12,28.26,84.5,28.26,0,1,0.73,58.49,33.26,0,1,0.95,18.52,51.67,134.103,242.374,0.43,0,1,64.31,125.179,57.867
2025-12-06 12:40,33.12,,33.12,28.26,81.09,28.26,0,1,0.73,57.32,33.26,0,1,0.95,18.52,51.67,134.1,0,0.43,0,1,64.318,122.241,58.468
2025-12-06 12:50,33.12,,33.12,28.26,87.28,28.26,0,1,0.72,63.04,33.25,0,1,0.95,18.52,51.67,134.101,0,0.43,0,1,64.323,125.927,58.447
2025-12-06 13:00,33.12,,33.12,28.26,82.45,28.26,0,1,0.72,68.87,33.25,0,1,0.95,18.52,51.67,134.099,0,0.43,0,1,64.333,136.446,58.423
2025-12-06 13:10,33.12,,33.12,28.26,87.9,28.26,0,1,0.71,74.55,33.24,1,2,0.95,18.52,51.67,134.098,0,0.43,0,1,64.34,133.095,58.247
2025-12-06 13:20,33.12,,33.12,28.26,85.18,28.26,0,1,0.72,70.04,33.25,0,2,0.95,18.52,51.67,134.097,0,0.43,0,1,64.34,116.171,58.509
2025-12-06 13:30,33.12,,33.12,28.26,85.18,28.26,0,1,0.72,67.71,33.25,0,2,0.95,18.52,51.67,134.095,0,0.43,0,1,64.34,82.244,58.477
2025-12-06 13:40,33.12,,33.12,28.26,82.45,28.26,0,1,0.73,58.49,33.26,0,2,0.95,18.52,51.67,134.095,0,0.43,0,1,64.34,58.529,58.602
2025-12-06 13:50,33.12,,33.12,28.26,83.13,28.26,0,1,0.72,58.37,33.25,0,2,0.95,18.52,51.67,134.096,0,0.43,0,1,64.34,58.514,58.464
2025-12-06 14:00,33.12,,33.12,28.26,83.82,28.26,0,1,0.72,70.04,33.25,0,2,0.95,18.52,51.67,134.095,14.004,5.485,0,1,64.34,58.489,58.401
2025-12-06 14:10,33.12,,33.12,28.26,85.86,28.26,0,1,0.72,59.53,33.25,0,2,0.94,18.52,51.66,134.092,0,125.85,0,1,64.339,54.957,58.174
2025-12-06 14:20,33.12,,33.12,28.26,87.28,28.26,0,1,0.72,58.37,33.25,0,2,0.94,18.52,51.66,134.093,0,144.571,0,1,64.34,58.363,58.515
2025-12-06 14:30,33.12,,33.12,28.26,87.28,28.26,0,1,0.72,60.7,33.25,0,2,0.94,18.52,51.66,134.094,60.3,136.479,0,1,64.333,34.523,58.379
2025-12-06 14:40,33.12,,33.12,28.26,89.31,28.26,0,1,0.72,64.2,33.25,0,2,0.94,18.52,51.66,134.094,211.629,139.669,0,1,64.33,27.819,58.397
2025-12-06 14:50,33.12,,33.12,28.26,87.28,28.26,0,1,0.73,67.85,33.26,0,2,0.94,18.52,51.66,134.092,120.227,144.033,0,1,64.329,21.047,58.531
2025-12-06 15:00,33.12,,33.12,28.26,87.96,28.26,0,1,0.72,64.2,33.25,0,2,0.93,18.52,51.65,134.092,62.1,140.599,0,1,64.322,21.095,58.357
2025-12-06 15:10,33.12,,33.12,28.26,84.58,28.26,0,1,0.72,65.37,33.25,0,2,0.93,18.52,51.65,134.092,39.875,144.326,0,1,64.32,24.55,58.596
2025-12-06 15:20,33.12,,33.12,28.26,85.93,28.26,0,1,0.72,65.37,33.25,0,2,0.94,18.52,51.66,134.09,60.453,146.268,0,1,64.32,27.912,58.449
2025-12-06 15:30,33.12,,33.12,28.26,85.93,28.26,0,1,0.72,63.04,33.25,0,2,0.94,18.52,51.66,134.09,92.303,140.981,0,1,64.318,44.921,58.386
2025-12-06 15:40,33.12,,33.12,28.26,85.25,28.26,0,1,0.72,60.7,33.25,0,2,0.95,18.52,51.67,134.091,121.455,148.45,0,1,64.319,55.04,58.453
2025-12-06 15:50,33.12,,33.12,28.26,85.25,28.26,0,1,0.72,59.53,33.25,0,2,0.94,18.52,51.66,134.091,171.929,143.189,0,1,64.32,58.395,58.347
2025-12-06 16:00,33.12,,33.12,28.26,83.9,28.26,0,1,0.73,58.49,33.26,0,2,0.95,18.52,51.67,134.09,127.427,138.141,0,1,64.33,99.085,58.289
2025-12-06 16:10,33.12,,33.12,28.26,79.84,28.26,0,1,0.72,59.53,33.25,0,2,0.95,18.52,51.67,134.087,0,135.025,0,1,64.337,119.395,58.215
2025-12-06 16:20,33.12,,33.12,28.26,87.28,28.26,0,1,0.73,57.32,33.26,0,2,0.95,18.52,51.67,134.086,0,147.988,0,1,64.341,129.754,58.592
2025-12-06 16:30,33.12,,33.12,28.26,85.25,28.26,0,1,0.73,59.66,33.26,0,2,0.95,18.52,51.67,134.084,0,139.363,0,1,64.35,126.566,58.39
2025-12-06 16:40,33.12,,33.12,28.26,84.58,28.26,0,1,0.73,64.34,33.26,0,2,0.95,18.52,51.67,134.083,0,135.26,0,1,64.35,102.888,58.514
2025-12-06 16:50,33.12,,33.12,28.26,87.96,28.26,0,1,0.73,60.83,33.26,0,2,0.95,18.52,51.67,134.081,0,141.964,0,1,64.358,116.626,58.64
2025-12-06 17:00,33.12,,33.12,28.26,87.28,28.26,0,1,0.73,67.85,33.26,0,2,0.95,18.52,51.67,134.079,0,133.138,0,1,64.363,103.048,58.489
2025-12-06 17:10,33.12,,33.12,28.26,85.25,28.26,0,1,0.73,66.68,33.26,0,2,0.95,18.52,51.67,134.079,0,143.954,0,1,64.372,134.014,58.58
2025-12-06 17:20,33.12,,33.12,28.26,83.9,28.26,0,1,0.73,69.02,33.26,0,2,0.95,18.52,51.67,134.078,6.813,147.679,0,1,64.38,134.095,58.551
2025-12-06 17:30,33.12,,33.12,28.26,87.28,28.26,0,1,0.72,66.54,33.25,0,2,0.95,18.52,51.67,134.077,88.776,141.195,0,1,64.385,134.141,58.127
2025-12-06 17:40,33.12,,33.12,28.26,90.67,28.26,0,1,0.73,70.19,33.26,0,2,0.95,18.52,51.67,134.076,0,149.023,0,1,64.39,120.522,58.722
2025-12-06 17:50,33.12,,33.12,28.26,87.28,28.26,0,1,0.73,71.36,33.26,0,2,0.95,18.52,51.67,134.076,52.321,140.246,0,1,64.398,120.655,58.451
2025-12-06 18:00,33.12,,33.12,28.26,85.93,28.26,0,1,0.73,72.53,33.26,0,2,0.95,18.52,51.67,134.075,54.29,147.102,0,1,64.401,113.959,58.704
2025-12-06 18:10,33.12,,33.12,28.26,87.96,28.26,0,1,0.73,69.02,33.26,0,2,0.95,18.52,51.67,134.074,84.464,144.376,0,1,64.41,127.89,58.683
2025-12-06 18:20,33.12,,33.12,28.26,93.37,28.26,0,1,0.73,66.68,33.26,0,2,0.95,18.52,51.67,134.073,42.243,144.419,0,1,64.419,131.653,58.906
2025-12-06 18:30,33.12,,33.12,28.26,86.61,28.26,0,1,0.73,62,33.26,0,2,0.95,18.52,51.67,134.073,48.271,141.351,0,1,64.428,152.65,58.696
2025-12-06 18:40,33.12,,33.12,28.26,82.55,28.26,0,1,0.73,66.68,33.26,0,2,0.95,18.52,51.67,134.073,95.403,131.274,0,1,64.432,135.495,58.885
2025-12-06 18:50,33.12,,33.12,28.26,88.64,28.26,0,1,0.73,62,33.26,0,2,0.95,18.52,51.67,134.073,154.896,144.564,0,1,64.439,128.741,58.976
2025-12-06 19:00,33.12,,33.12,28.26,92.7,28.26,0,1,0.73,65.51,33.26,0,2,0.95,18.52,51.67,134.073,153.69,137.732,0,1,64.449,132.492,58.949
2025-12-06 19:10,33.12,,33.12,28.26,87.96,28.26,0,1,0.73,63.17,33.26,0,2,0.95,18.52,51.67,134.071,81.902,141.743,0,1,64.452,129.037,59.02
2025-12-06 19:20,33.12,,33.12,28.26,89.99,28.26,0,1,0.73,62,33.26,0,2,0.95,18.52,51.67,134.069,0,136.591,0,1,64.46,132.753,59.123
2025-12-06 19:30,33.12,,33.12,28.26,86.61,28.26,0,1,0.73,62,33.26,0,2,0.95,18.52,51.67,134.068,0,56.05,0,1,64.467,121.288,59.02
2025-12-06 19:40,33.12,,33.12,28.26,87.96,28.26,0,1,0.73,67.85,33.26,0,2,0.95,18.52,51.67,134.069,0,0.43,0,1,64.478,150.573,58.722
2025-12-06 19:50,33.12,,33.12,28.26,87.28,28.26,0,1,0.73,71.36,33.26,0,2,0.95,18.52,51.67,134.069,7.081,0.43,0,1,64.481,132.909,58.8
2025-12-06 20:00,33.12,,33.12,28.26,85.25,28.26,0,1,0.73,64.34,33.26,0,2,0.95,18.52,51.67,134.069,24.208,0.43,0,1,64.49,141.241,58.869
2025-12-06 20:10,33.12,,33.12,28.26,87.28,28.26,0,1,0.73,64.34,33.26,0,2,0.95,18.52,51.67,134.069,0,0.43,0,1,64.497,126.137,58.742
2025-12-06 20:20,33.12,,33.12,28.26,83.22,28.26,0,1,0.72,71.21,33.25,0,2,0.95,18.52,51.67,134.068,0,0.43,0,1,64.5,126.251,58.975
2025-12-06 20:30,33.12,,33.12,28.26,88.64,28.26,0,1,0.73,70.19,33.26,0,2,0.95,18.52,51.67,134.067,0,0.43,0,1,64.508,122.879,58.92
2025-12-06 20:40,33.12,,33.12,28.26,81.87,28.26,0,1,0.73,65.51,33.26,0,2,0.95,18.52,51.67,134.066,0,0.43,0,1,64.51,105.118,58.625
2025-12-06 20:50,33.12,,33.12,28.26,85.93,28.26,0,1,0.73,70.19,33.26,0,2,0.95,18.52,51.67,134.064,0,0.43,0,1,64.512,101.629,59.009
2025-12-06 21:00,33.12,,33.12,28.26,88.64,28.26,0,1,0.73,70.19,33.26,0,2,0.95,18.52,51.67,134.065,0,0.43,0,1,64.51,65.971,58.945
2025-12-06 21:10,33.12,,33.12,28.26,85.93,28.26,0,1,0.73,69.02,33.26,0,2,0.95,18.52,51.67,134.067,36.097,0.43,0,1,64.51,58.889,58.713
2025-12-06 21:20,33.12,,33.12,28.26,85.25,28.26,0,1,0.73,69.02,33.26,0,2,0.95,18.52,51.67,134.068,158.93,0.43,0,1,64.51,51.665,58.836
2025-12-06 21:30,33.12,,33.12,28.26,85.99,28.26,0,1,0.73,69.02,33.26,0,2,0.95,18.52,51.67,134.068,139.097,0.43,0,1,64.507,48.072,58.668
2025-12-06 21:40,33.12,,33.12,28.26,88.01,28.26,0,1,0.73,66.68,33.26,0,2,0.95,18.52,51.67,134.069,83.652,0.43,0,1,64.507,48.14,58.918
2025-12-06 21:50,33.12,,33.12,28.26,88.01,28.26,0,1,0.73,64.34,33.26,0,2,0.95,18.52,51.67,134.068,0,0.43,0,1,64.506,44.515,58.628
2025-12-06 22:00,33.12,,33.12,28.26,86.66,28.26,0,1,0.73,59.66,33.26,0,2,0.95,18.52,51.67,134.068,0,0.43,0,1,64.501,37.423,58.891
2025-12-06 22:10,33.12,,33.12,28.26,86.66,28.26,0,1,0.73,57.32,33.26,0,2,0.95,18.52,51.67,134.068,0,0.43,0,1,64.5,33.872,58.93
2025-12-06 22:20,33.12,,33.12,28.26,83.31,28.26,0,1,0.73,56.15,33.26,0,2,0.95,18.52,51.67,134.067,0,0.43,0,1,64.492,9.027,58.594
2025-12-06 22:30,33.12,,33.12,28.26,86.66,28.26,0,1,0.73,56.15,33.26,0,2,0.95,18.52,51.67,134.067,0,0.43,0,1,64.49,19.674,58.666
2025-12-06 22:40,33.12,,33.12,28.26,79.27,28.26,0,1,0.73,57.32,33.26,0,2,0.95,18.52,51.67,134.067,0,0.43,0,1,64.49,23.137,58.652
2025-12-06 22:50,33.12,,33.12,28.26,83.98,28.26,0,1,0.73,50.3,33.26,0,2,0.95,18.52,51.67,134.067,0,0.43,0,1,64.488,44.402,58.553
2025-12-06 23:00,33.12,,33.12,28.26,83.98,28.26,0,1,0.73,52.64,33.26,0,2,0.95,18.52,51.67,134.069,87.597,0.43,0,1,64.482,30.241,58.519
2025-12-06 23:10,33.12,,33.12,28.26,81.29,28.26,0,1,0.73,57.32,33.26,0,2,0.95,18.52,51.67,134.07,147.097,0.43,0,1,64.48,23.227,58.941
2025-12-06 23:20,33.12,,33.12,28.26,83.31,28.26,0,1,0.73,57.32,33.26,0,2,0.95,18.52,51.67,134.07,107.43,0.43,0,1,64.476,16.236,58.582
2025-12-06 23:30,33.12,,33.12,28.26,85.32,28.26,0,1,0.73,52.64,33.26,0,2,0.95,18.52,51.67,134.07,32.152,0.43,0,1,64.47,16.225,58.484
2025-12-06 23:40,33.12,,33.12,28.26,85.99,28.26,0,1,0.73,71.36,33.26,0,2,0.95,18.52,51.67,134.07,0,0.43,0,1,64.465,5.632,58.664
2025-12-06 23:50,33.12,,33.12,28.26,85.99,28.26,0,1,0.72,92.22,33.25,0,2,0.94,18.52,51.66,134.07,4.43,0.43,0,1,64.46,2.076,58.413
2025-12-07 0:00,33.12,,33.12,28.25,83.98,28.25,0,1,0.73,98.27,33.26,0,2,0.94,18.52,51.66,134.071,28.208,0.43,0,1,64.46,23.261,58.372
2025-12-07 0:10,33.12,,33.12,28.25,83.31,28.25,0,1,0.73,95.93,33.26,0,2,0.94,18.52,51.66,134.072,71.763,0.43,0,1,64.46,40.965,58.942
2025-12-07 0:20,33.12,,33.12,28.26,81.96,28.26,0,1,0.72,92.22,33.25,0,2,0.92,18.52,51.64,134.071,43.986,0.43,0,1,64.452,30.635,59.09
2025-12-07 0:30,33.12,,33.12,28.26,81.96,28.26,0,1,0.73,84.23,33.26,0,2,0.93,18.52,51.65,134.073,99.486,0.43,0,1,64.45,23.707,58.589
2025-12-07 0:40,33.12,,33.12,28.26,83.31,28.26,0,1,0.72,80.55,33.25,0,2,0.93,18.52,51.65,134.07,0,0.43,0,1,64.444,2.468,58.394
2025-12-07 0:50,33.12,,33.12,28.26,84.65,28.26,0,1,0.72,78.21,33.25,0,2,0.93,18.52,51.65,134.071,12.319,0.43,0,1,64.44,16.439,58.5
2025-12-07 1:00,33.12,,33.12,28.25,83.31,28.25,0,1,0.73,81.89,33.26,0,2,0.93,18.52,51.65,134.072,0,0.43,0,1,64.437,12.893,58.453
2025-12-07 1:10,33.12,,33.12,28.25,84.65,28.25,0,1,0.73,84.23,33.26,0,2,0.93,18.52,51.65,134.071,40.041,0.43,0,1,64.43,9.406,58.264
2025-12-07 1:20,33.12,,33.12,28.26,85.99,28.26,0,1,0.73,80.72,33.26,0,2,0.93,18.52,51.65,134.071,0,0.43,0,1,64.43,23.296,58.171
2025-12-07 1:30,33.12,,33.12,28.26,86.66,28.26,0,1,0.73,81.89,33.26,0,2,0.93,18.52,51.65,134.071,0,0.43,0,1,64.43,33.759,58.342
2025-12-07 1:40,33.12,,33.12,28.26,84.65,28.26,0,1,0.73,79.55,33.26,0,2,0.93,18.52,51.65,134.072,36.097,0.43,0,1,64.42,23.341,58.177
2025-12-07 1:50,33.12,,33.12,28.26,81.29,28.26,0,1,0.73,83.06,33.26,0,2,0.93,18.52,51.65,134.072,51.986,0.43,0,1,64.419,19.782,57.995
2025-12-07 2:00,33.12,,33.12,28.25,81.29,28.25,0,1,0.73,83.06,33.26,0,2,0.93,18.52,51.65,134.072,63.819,0.43,0,1,64.411,0,58.203
2025-12-07 2:10,33.12,,33.12,28.25,82.63,28.25,0,1,0.73,80.72,33.26,0,2,0.93,18.52,51.65,134.073,55.93,0.43,0,1,64.409,19.892,58.311
2025-12-07 2:20,33.12,,33.12,28.25,82.63,28.25,0,1,0.73,83.06,33.26,0,2,0.93,18.52,51.65,134.075,127.263,0.43,0,1,64.401,0,58.305
2025-12-07 2:30,33.12,,33.12,28.26,82.63,28.26,0,1,0.73,78.38,33.26,0,2,0.93,18.52,51.65,134.076,158.986,0.43,0,1,64.4,19.976,57.979
2025-12-07 2:40,33.12,,33.12,28.26,79.27,28.26,0,1,0.73,74.87,33.26,0,2,0.93,18.52,51.65,134.076,111.43,0.43,0,1,64.4,26.905,58.097
2025-12-07 2:50,33.12,,33.12,28.26,79.27,28.26,0,1,0.73,77.21,33.26,0,2,0.93,18.52,51.65,134.075,0.43,0.43,0,1,64.393,30.27,57.9
2025-12-07 3:00,33.12,,33.12,28.26,79.95,28.26,0,1,0.73,73.7,33.26,0,2,0.94,18.52,51.66,134.076,0.43,0.43,0,1,64.39,23.419,57.926
2025-12-07 3:10,33.12,,33.12,28.26,76.59,28.26,0,1,0.73,71.36,33.26,0,2,0.94,18.52,51.66,134.076,12.319,0.43,0,1,64.382,0,58.086
2025-12-07 3:20,33.12,,33.12,28.26,77.26,28.26,0,1,0.73,70.19,33.26,0,2,0.94,18.52,51.66,134.077,59.874,0.43,0,1,64.38,13.052,57.811
2025-12-07 3:30,33.12,,33.12,28.26,79.27,28.26,0,1,0.73,67.85,33.26,0,2,0.94,18.52,51.66,134.077,28.152,0.43,0,1,64.373,0,57.776
2025-12-07 3:40,33.12,,33.12,28.26,81.96,28.26,0,1,0.73,69.02,33.26,0,2,0.94,18.52,51.66,134.077,32.152,0.43,0,1,64.37,16.365,57.507
2025-12-07 3:50,33.12,,33.12,28.26,81.29,28.26,0,1,0.73,63.17,33.26,0,2,0.94,18.52,51.66,134.08,115.374,0.43,0,1,64.37,23.239,57.6
2025-12-07 4:00,33.12,,33.12,28.26,79.27,28.26,0,1,0.73,64.34,33.26,0,2,0.94,18.52,51.66,134.08,119.374,0.43,0,1,64.366,33.593,57.839
2025-12-07 4:10,33.12,,33.12,28.26,77.26,28.26,0,1,0.73,64.34,33.26,0,2,0.94,18.52,51.66,134.08,103.486,0.43,0,1,64.36,23.409,57.789
2025-12-07 4:20,33.12,,33.12,28.26,81.87,28.26,0,1,0.73,60.83,33.26,0,2,0.94,18.52,51.66,134.079,0,0.43,0,1,64.356,9.719,57.697
2025-12-07 4:30,33.12,,33.12,28.26,77.81,28.26,0,1,0.73,63.17,33.26,0,2,0.94,18.52,51.66,134.077,0,0.43,0,1,64.35,2.973,57.933
2025-12-07 4:40,33.12,,33.12,28.26,83.22,28.26,0,1,0.73,58.49,33.26,0,2,0.94,18.52,51.66,134.076,0,0.43,0,1,64.347,13.308,57.791
2025-12-07 4:50,33.12,,33.12,28.26,79.16,28.26,0,1,0.73,65.51,33.26,0,2,0.94,18.52,51.66,134.076,0,0.43,0,1,64.342,9.962,57.658
2025-12-07 5:00,33.12,,33.12,28.26,77.13,28.26,0,1,0.73,57.32,33.26,0,2,0.94,18.52,51.66,134.078,24.208,0.43,0,1,64.34,23.613,57.892
2025-12-07 5:10,33.12,,33.12,28.26,79.84,28.26,0,1,0.73,56.15,33.26,0,2,0.94,18.52,51.66,134.08,158.986,0.43,0,1,64.333,9.958,57.491
2025-12-07 5:20,33.12,,33.12,28.26,77.81,28.26,0,1,0.73,65.51,33.26,0,2,0.94,18.52,51.66,134.081,198.652,0.43,0,1,64.33,16.856,57.685
2025-12-07 5:30,33.12,,33.12,28.26,77.13,28.26,0,1,0.73,63.17,33.26,0,2,0.94,18.52,51.66,134.081,143.152,0.43,0,1,64.324,3.271,57.805
2025-12-07 5:40,33.12,,33.12,28.26,82.55,28.26,0,1,0.73,59.66,33.26,0,2,0.94,18.52,51.66,134.081,44.041,0.43,0,1,64.32,13.607,57.664
2025-12-07 5:50,33.12,,33.12,28.26,81.87,28.26,0,1,0.73,71.36,33.26,0,2,0.94,18.52,51.66,134.081,0,0.43,0,1,64.319,20.438,57.846
2025-12-07 6:00,33.12,,33.12,28.26,79.84,28.26,0,1,0.73,58.49,33.26,0,2,0.94,18.52,51.66,134.08,0,0.43,0,1,64.31,10.452,58.18
2025-12-07 6:10,33.12,,33.12,28.26,81.19,28.26,0,1,0.73,57.32,33.26,0,2,0.95,18.52,51.67,134.08,0,0.43,0,1,64.31,24.325,58.616
2025-12-07 6:20,33.12,,33.12,28.26,75.78,28.26,0,1,0.73,69.02,33.26,0,2,0.95,18.52,51.67,134.081,0,0.43,0,1,64.305,11.078,58.606
2025-12-07 6:30,33.12,,33.12,28.26,77.13,28.26,0,1,0.73,63.17,33.26,0,2,0.95,18.52,51.67,134.082,63.874,0.43,0,1,64.3,24.728,58.129
2025-12-07 6:40,33.12,,33.12,28.26,84.58,28.26,0,1,0.73,60.83,33.26,0,2,0.95,18.52,51.67,134.083,99.541,0.43,0,1,64.296,11.065,58.126
2025-12-07 6:50,33.12,,33.12,28.26,74.43,28.26,0,1,0.73,69.02,33.26,0,2,0.95,18.52,51.67,134.083,83.708,0.43,0,1,64.29,7.578,57.98
2025-12-07 7:00,33.12,,33.12,28.26,81.87,28.26,0,1,0.73,65.51,33.26,0,2,0.95,18.52,51.67,134.083,24.208,0.43,0,1,64.289,20.985,58.015
2025-12-07 7:10,33.12,,33.12,28.26,79.84,28.26,0,1,0.73,60.83,33.26,0,2,0.95,18.52,51.67,134.082,0,0.43,0,1,64.281,7.659,58.147
2025-12-07 7:20,33.12,,33.12,28.26,78.49,28.26,0,1,0.73,59.66,33.26,0,2,0.95,18.52,51.67,134.082,0,0.43,0,1,64.28,24.457,58.043
2025-12-07 7:30,33.12,,33.12,28.26,80.52,28.26,0,1,0.73,59.66,33.26,0,2,0.95,18.52,51.67,134.081,0,0.43,0,1,64.272,1.103,58.118
2025-12-07 7:40,33.12,,33.12,28.26,81.87,28.26,0,1,0.73,59.66,33.26,0,2,0.95,18.52,51.67,134.081,0,0.43,0,1,64.27,21.19,57.91
2025-12-07 7:50,33.12,,33.12,28.26,82.55,28.26,0,1,0.73,53.81,33.26,0,2,0.95,18.52,51.67,134.081,0,0.43,0,1,64.266,11.152,57.93
2025-12-07 8:00,33.12,,33.12,28.26,81.87,28.26,0,1,0.73,57.32,33.26,0,2,0.96,18.52,51.68,134.082,13.355,3.538,0,1,64.26,17.828,57.811
2025-12-07 8:10,33.12,,33.12,28.26,80.52,28.26,0,1,0.73,56.15,33.26,0,2,0.96,18.52,51.68,134.077,0,134.395,0,1,64.26,24.464,57.818
2025-12-07 8:20,33.12,,33.12,28.26,84.58,28.26,0,1,0.73,53.81,33.26,0,2,0.96,18.52,51.68,134.073,0,146.711,0,1,64.251,7.938,58.02
2025-12-07 8:30,33.12,,33.12,28.26,81.87,28.26,0,1,0.73,52.64,33.26,0,2,0.96,18.52,51.68,134.073,0,141.201,0,1,64.25,24.638,57.912
2025-12-07 8:40,33.12,,33.12,28.26,84.58,28.26,0,1,0.73,56.15,33.26,0,2,0.96,18.52,51.68,134.072,0,143.062,0,1,64.245,8.029,57.824
2025-12-07 8:50,33.12,,33.12,28.26,82.55,28.26,0,1,0.73,58.49,33.26,0,2,0.96,18.52,51.68,134.07,13.339,136.253,0,1,64.24,21.246,57.671
2025-12-07 9:00,33.12,,33.12,28.26,81.87,28.26,0,1,0.73,59.66,33.26,0,2,0.96,18.52,51.68,134.07,47.826,137.664,0,1,64.24,24.533,57.772
2025-12-07 9:10,33.12,,33.12,28.26,85.25,28.26,0,1,0.73,58.49,33.26,0,2,0.95,18.52,51.67,134.07,61.822,137.382,0,1,64.231,11.324,57.696
2025-12-07 9:20,33.12,,33.12,28.26,87.28,28.26,0,1,0.73,60.83,33.26,0,2,0.95,18.52,51.67,134.069,107.231,141.815,0,1,64.23,24.578,57.433
2025-12-07 9:30,33.12,,33.12,28.26,89.31,28.26,0,1,0.73,58.49,33.26,0,2,0.96,18.52,51.68,134.067,22.727,145.651,0,1,64.221,0,57.055
2025-12-07 9:40,33.12,,33.12,28.26,89.31,28.26,0,1,0.73,63.17,33.26,0,2,0.95,18.52,51.67,134.067,19.991,141.174,0,1,64.22,20.924,57.118
2025-12-07 9:50,33.12,,33.12,28.26,89.31,28.26,0,1,0.73,59.66,33.26,0,2,0.95,18.52,51.67,134.067,51.013,139.715,0,1,64.216,11.017,57.377
2025-12-07 10:00,33.12,,33.12,28.26,87.28,28.26,0,1,0.73,70.19,33.26,0,2,0.95,18.52,51.67,134.066,75.587,136.039,0,1,64.21,21.051,57.158
2025-12-07 10:10,33.12,,33.12,28.26,90.67,28.26,0,1,0.73,58.49,33.26,0,2,0.95,18.52,51.67,134.064,30.447,148.42,0,1,64.21,24.43,57.422
2025-12-07 10:20,33.12,,33.12,28.26,87.96,28.26,0,1,0.73,56.15,33.26,0,2,0.94,18.52,51.66,134.063,1.782,136.887,0,1,64.216,57.248,57.165
2025-12-07 10:30,33.12,,33.12,28.26,83.22,28.26,0,1,0.72,49.03,33.25,0,2,0.94,18.52,51.66,134.063,31.591,142.3,0,1,64.228,116.629,57.468
2025-12-07 10:40,33.12,,33.12,28.26,89.31,28.26,0,1,0.73,49.13,33.26,0,2,0.94,18.52,51.66,134.06,0,142.882,0,1,64.237,146.465,57.595
2025-12-07 10:50,33.12,,33.12,28.26,87.28,28.26,0,1,0.72,51.36,33.25,0,2,0.94,18.52,51.66,134.058,0,145.627,0,1,64.24,136.711,57.405
2025-12-07 11:00,33.12,,33.12,28.26,87.28,28.26,0,1,0.72,44.36,33.25,0,2,0.93,18.52,51.65,134.057,0,139.017,0,1,64.245,113.722,57.333
2025-12-07 11:10,33.12,,33.12,28.26,87.28,28.26,0,1,0.72,50.2,33.25,0,2,0.93,18.52,51.65,134.056,0,139.951,0,1,64.25,100.505,57.443
2025-12-07 11:20,33.12,,33.12,28.26,87.28,28.26,0,1,0.72,54.86,33.25,0,2,0.93,18.52,51.65,134.055,37.579,142.768,0,1,64.253,100.57,57.433
2025-12-07 11:30,33.12,,33.12,28.26,81.87,28.26,0,1,0.72,60.7,33.25,0,2,0.93,18.52,51.65,134.055,56.978,137.88,0,1,64.261,110.597,57.249
2025-12-07 11:40,33.12,,33.12,28.26,85.25,28.26,0,1,0.73,71.36,33.26,0,2,0.94,18.52,51.66,134.054,35.274,146.005,0,1,64.27,124.188,57.882
2025-12-07 11:50,33.12,,33.12,28.26,81.19,28.26,0,1,0.72,75.88,33.25,0,2,0.96,18.52,51.68,134.053,41.059,136.457,0,1,64.281,151.041,57.325
2025-12-07 12:00,33.12,,33.12,28.26,83.22,28.26,0,1,0.72,75.88,33.25,0,2,0.94,18.52,51.66,134.052,27.771,145.517,0,1,64.288,148.06,57.806
2025-12-07 12:10,33.12,,33.12,28.26,85.93,28.26,0,1,0.73,72.53,33.26,0,2,0.93,18.52,51.65,134.051,24.028,146.777,0,1,64.29,124.791,58.076
2025-12-07 12:20,33.12,,33.12,28.26,84.5,28.26,0,1,0.73,77.21,33.26,0,2,0.93,18.52,51.65,134.05,32.248,137.283,0,1,64.3,121.84,57.972
2025-12-07 12:30,33.12,,33.12,28.26,81.19,28.26,0,1,0.73,70.19,33.26,0,2,0.93,18.52,51.65,134.05,49.357,137.344,0,1,64.303,108.561,58.134
2025-12-07 12:40,33.12,,33.12,28.26,81.19,28.26,0,1,0.73,81.89,33.26,0,2,0.93,18.52,51.65,134.046,0,140.883,0,1,64.312,132.297,58.285
2025-12-07 12:50,33.12,,33.12,28.26,86.61,28.26,0,1,0.73,65.51,33.26,0,2,0.93,18.52,51.65,134.047,29.166,141.937,0,1,64.32,125.866,58.345
2025-12-07 13:00,33.12,,33.12,28.26,83.9,28.26,0,1,0.73,59.66,33.26,0,2,0.93,18.52,51.65,134.047,33.826,139.492,0,1,64.328,143.037,58.647
2025-12-07 13:10,33.12,,33.12,28.26,81.77,28.26,0,1,0.73,59.66,33.26,0,2,0.93,18.52,51.65,134.046,142.533,146.17,0,1,64.337,143.256,58.275
2025-12-07 13:20,33.12,,33.12,28.26,73.75,28.26,0,1,0.73,59.66,33.26,0,2,0.93,18.52,51.65,134.046,83.616,143.352,0,1,64.342,133.262,58.53
2025-12-07 13:30,33.12,,33.12,28.26,76.32,28.26,0,1,0.73,58.49,33.26,0,2,0.93,18.52,51.65,134.045,49.502,132.317,0,1,64.35,133.402,58.402
2025-12-07 13:40,33.12,,33.12,28.26,78.36,28.26,0,1,0.72,54.86,33.25,0,2,0.93,18.52,51.65,134.043,11.43,138.952,0,1,64.351,106.259,58.511
2025-12-07 13:50,33.12,,33.12,28.26,80.41,28.26,0,1,0.73,56.15,33.26,0,2,0.93,18.52,51.65,134.041,0,142.005,0,1,64.36,120.022,58.486
2025-12-07 14:00,33.12,,33.12,28.26,71.55,28.26,0,1,0.73,74.87,33.26,0,2,0.93,18.52,51.65,134.039,0,136.114,0,1,64.368,120.198,58.597
2025-12-07 14:10,33.12,,33.12,28.26,76.32,28.26,0,1,0.73,60.83,33.26,0,2,0.93,18.52,51.65,134.038,0,136.144,0,1,64.379,154.724,58.756
2025-12-07 14:20,33.12,,33.12,28.26,81.09,28.26,0,1,0.72,61.87,33.25,0,2,0.93,18.52,51.65,134.038,8.124,144.281,0,1,64.385,144.726,58.825
2025-12-07 14:30,33.12,,33.12,28.26,80.41,28.26,0,1,0.72,73.54,33.25,0,2,0.93,18.52,51.65,134.037,62.067,143.442,0,1,64.39,134.55,58.57
2025-12-07 14:40,33.12,,33.12,28.26,90.63,28.26,0,1,0.72,65.37,33.25,0,2,0.93,18.52,51.65,134.036,72.203,142.718,0,1,64.398,124.256,58.374
2025-12-07 14:50,33.12,,33.12,28.26,94.04,28.26,0,1,0.73,67.85,33.26,0,2,0.93,18.52,51.65,134.035,31.822,141.807,0,1,64.402,117.172,58.238
2025-12-07 15:00,33.12,,33.12,28.26,85.25,28.26,0,1,0.72,78.21,33.25,0,2,0.92,18.52,51.64,134.035,56.661,134.793,0,1,64.41,127.56,58.235
2025-12-07 15:10,33.12,,33.12,28.26,78.49,28.26,0,1,0.72,73.54,33.25,0,2,0.93,18.52,51.65,134.036,109.973,136.486,0,1,64.417,124.226,58.373
2025-12-07 15:20,33.12,,33.12,28.26,78.49,28.26,0,1,0.72,71.21,33.25,0,2,0.93,18.52,51.65,134.035,117.606,141.039,0,1,64.425,138.411,58.626
2025-12-07 15:30,33.12,,33.12,28.26,75.78,28.26,0,1,0.73,65.51,33.26,0,2,0.93,18.52,51.65,134.034,107.922,141.409,0,1,64.431,131.682,58.547
2025-12-07 15:40,33.12,,33.12,28.26,70.37,28.26,0,1,0.72,73.54,33.25,0,2,0.93,18.52,51.65,134.033,40.777,136.883,0,1,64.439,135.408,58.551
2025-12-07 15:50,33.12,,33.12,28.26,67.66,28.26,0,1,0.72,67.71,33.25,0,2,0.93,18.52,51.65,134.032,37.465,142.936,0,1,64.443,121.534,58.671
2025-12-07 16:00,33.12,,33.12,28.26,68.34,28.26,0,1,0.72,66.54,33.25,0,2,0.93,18.52,51.65,134.03,0,137.653,0,1,64.451,128.625,58.488
2025-12-07 16:10,33.12,,33.12,28.26,76.46,28.26,0,1,0.73,85.4,33.26,0,2,0.93,18.52,51.65,134.029,0,135.261,0,1,64.458,125.129,58.229
2025-12-07 16:20,33.12,,33.12,28.26,79.84,28.26,0,1,0.73,74.87,33.26,0,2,0.93,18.52,51.65,134.028,0,136.204,0,1,64.465,135.732,58.478
2025-12-07 16:30,33.12,,33.12,28.26,71.05,28.26,0,1,0.73,70.19,33.26,0,2,0.93,18.52,51.65,134.027,23.664,132.194,0,1,64.473,135.881,58.436
2025-12-07 16:40,33.12,,33.12,28.26,76.46,28.26,0,1,0.72,75.88,33.25,0,2,0.93,18.52,51.65,134.026,35.192,134.178,0,1,64.48,136.124,58.626
2025-12-07 16:50,33.12,,33.12,28.26,76.46,28.26,0,1,0.73,80.72,33.26,0,2,0.94,18.52,51.66,134.026,56.171,139.639,0,1,64.487,136.361,58.854
2025-12-07 17:00,33.12,,33.12,28.26,74.43,28.26,0,1,0.73,67.85,33.26,0,2,0.94,18.52,51.66,134.026,77.29,136.22,0,1,64.49,118.912,58.757
2025-12-07 17:10,33.12,,33.12,28.26,76.46,28.26,0,1,0.73,70.19,33.26,0,2,0.95,18.52,51.67,134.025,61.067,133.009,0,1,64.498,122.612,58.725
2025-12-07 17:20,33.12,,33.12,28.26,78.49,28.26,0,1,0.73,69.02,33.26,0,2,0.94,18.52,51.66,134.023,1.238,138.319,0,1,64.505,122.752,58.773
2025-12-07 17:30,33.12,,33.12,28.26,77.81,28.26,0,1,0.73,73.7,33.26,0,2,0.94,18.52,51.66,134.026,130.736,37.713,0,1,64.514,144.267,59.135
2025-12-07 17:40,33.12,,33.12,28.26,76.46,28.26,0,1,0.72,73.54,33.25,0,2,0.94,18.52,51.66,134.031,304.321,0.43,0,1,64.52,137.422,59.024
2025-12-07 17:50,33.12,,33.12,28.26,86.61,28.26,0,1,0.73,71.36,33.26,0,2,0.93,18.52,51.65,134.034,460.247,0.43,0,1,64.528,141.142,58.934
2025-12-07 18:00,33.12,,33.12,28.26,79.84,28.26,0,1,0.72,67.71,33.25,0,2,0.93,18.52,51.65,134.035,333.041,0.43,0,1,64.531,119.805,58.957
2025-12-07 18:10,33.12,,33.12,28.26,80.52,28.26,0,1,0.72,70.04,33.25,0,2,0.93,18.52,51.65,134.035,150.874,0.43,0,1,64.539,127.071,58.989
2025-12-07 18:20,33.12,,33.12,28.26,84.58,28.26,0,1,0.72,65.37,33.25,0,2,0.93,18.52,51.65,134.034,0,0.43,0,1,64.547,127.332,59.217
2025-12-07 18:30,33.12,,33.12,28.26,87.28,28.26,0,1,0.72,66.54,33.25,0,2,0.93,18.52,51.65,134.034,0,0.43,0,1,64.552,134.619,59.152
2025-12-07 18:40,33.12,,33.12,28.26,85.25,28.26,0,1,0.72,66.54,33.25,0,2,0.93,18.52,51.65,134.034,0,0.43,0,1,64.56,134.783,59.146
2025-12-07 18:50,33.12,,33.12,28.26,79.84,28.26,0,1,0.72,64.2,33.25,0,2,0.93,18.52,51.65,134.033,0,0.43,0,1,64.56,105.973,59.121
2025-12-07 19:00,33.12,,33.12,28.26,86.61,28.26,0,1,0.72,60.7,33.25,0,2,0.93,18.52,51.65,134.033,0,0.43,0,1,64.552,59.206,59.352
2025-12-07 19:10,33.12,,33.12,28.26,85.25,28.26,0,1,0.72,64.2,33.25,0,2,0.93,18.52,51.65,134.034,0,0.43,0,1,64.55,23.151,59.145
2025-12-07 19:20,33.12,,33.12,28.26,81.87,28.26,0,1,0.72,68.87,33.25,0,2,0.93,18.52,51.65,134.034,28.152,0.43,0,1,64.55,23.174,59.193
2025-12-07 19:30,33.12,,33.12,28.26,85.25,28.26,0,1,0.72,70.04,33.25,0,2,0.93,18.52,51.65,134.034,43.986,0.43,0,1,64.55,51.931,59.122
2025-12-07 19:40,33.12,,33.12,28.26,87.96,28.26,0,1,0.73,65.51,33.26,0,2,0.93,18.52,51.65,134.034,0,0.43,0,1,64.55,59.161,59.169
2025-12-07 19:50,33.12,,33.12,28.26,87.28,28.26,0,1,0.72,67.71,33.25,0,2,0.93,18.52,51.65,134.033,0,0.43,0,1,64.55,59.136,59.116
2025-12-07 20:00,33.12,,33.12,28.26,90.67,28.26,0,1,0.72,70.04,33.25,0,2,0.93,18.52,51.65,134.033,0,0.43,0,1,64.547,48.35,59.097
2025-12-07 20:10,33.12,,33.12,28.26,89.31,28.26,0,1,0.72,70.04,33.25,0,2,0.93,18.52,51.65,134.032,0,0.43,0,1,64.54,23.123,59.156
2025-12-07 20:20,33.12,,33.12,28.26,87.96,28.26,0,1,0.72,74.71,33.25,0,2,0.93,18.52,51.65,134.032,0,0.43,0,1,64.537,12.345,59.114
2025-12-07 20:30,33.12,,33.12,28.26,89.31,28.26,0,1,0.72,75.88,33.25,0,2,0.93,18.52,51.65,134.033,0,0.43,0,1,64.53,0,59.136
2025-12-07 20:40,33.12,,33.12,28.26,89.31,28.26,0,1,0.72,75.88,33.25,0,2,0.93,18.52,51.65,134.034,79.597,0.43,0,1,64.53,23.201,59.02
2025-12-07 20:50,33.12,,33.12,28.26,90.67,28.26,0,1,0.72,73.54,33.25,0,2,0.92,18.52,51.64,134.034,71.708,0.43,0,1,64.53,33.904,58.889
2025-12-07 21:00,33.12,,33.12,28.26,90.67,28.26,0,1,0.72,72.37,33.25,0,2,0.93,18.52,51.65,134.035,95.486,0.43,0,1,64.53,58.956,58.96
2025-12-07 21:10,33.12,,33.12,28.26,87.96,28.26,0,1,0.72,74.71,33.25,0,2,0.92,18.52,51.64,134.036,71.708,0.43,0,1,64.522,30.333,58.984
2025-12-07 21:20,33.12,,33.12,28.26,89.31,28.26,0,1,0.72,72.37,33.25,0,2,0.92,18.52,51.64,134.036,55.874,0.43,0,1,64.52,23.192,58.965
2025-12-07 21:30,33.12,,33.12,28.26,89.31,28.26,0,1,0.72,71.21,33.25,0,2,0.92,18.52,51.64,134.035,4.374,0.43,0,1,64.512,0,58.961
2025-12-07 21:40,33.12,,33.12,28.26,92.04,28.26,0,1,0.72,72.37,33.25,0,2,0.92,18.52,51.64,134.035,0,0.43,0,1,64.51,16.052,58.896
2025-12-07 21:50,33.12,,33.12,28.26,92.04,28.26,0,1,0.72,72.37,33.25,0,2,0.92,18.52,51.64,134.035,0,0.43,0,1,64.51,23.164,58.801
2025-12-07 22:00,33.12,,33.12,28.25,85.32,28.25,0,1,0.72,70.04,33.25,0,2,0.92,18.52,51.64,134.035,4.374,0.43,0,1,64.507,41.044,58.936
2025-12-07 22:10,33.12,,33.12,28.25,88.64,28.25,0,1,0.72,71.21,33.25,0,2,0.92,18.52,51.64,134.035,0.43,0.43,0,1,64.5,23.297,58.987
2025-12-07 22:20,33.12,,33.12,28.25,84.65,28.25,0,1,0.73,67.85,33.26,0,2,0.93,18.52,51.65,134.034,0,0.43,0,1,64.5,23.349,58.958
2025-12-07 22:30,33.12,,33.12,28.25,86.66,28.25,0,1,0.72,68.87,33.25,0,2,0.92,18.52,51.64,134.033,0,0.43,0,1,64.493,9.074,58.612
2025-12-07 22:40,33.12,,33.12,28.25,85.32,28.25,0,1,0.72,71.21,33.25,0,2,0.92,18.52,51.64,134.033,0,0.43,0,1,64.49,23.223,58.601
2025-12-07 22:50,33.12,,33.12,28.25,81.96,28.25,0,1,0.72,80.55,33.25,0,2,0.92,18.52,51.64,134.033,0,0.43,0,1,64.488,16.033,58.721
2025-12-07 23:00,33.12,,33.12,28.26,86.66,28.26,0,1,0.72,84.05,33.25,0,2,0.92,18.52,51.64,134.033,0,0.43,0,1,64.48,12.602,58.817
2025-12-07 23:10,33.12,,33.12,28.26,79.27,28.26,0,1,0.72,80.55,33.25,0,2,0.92,18.52,51.64,134.033,0,0.43,0,1,64.48,23.498,59.29
2025-12-07 23:20,33.12,,33.12,28.26,96.07,28.26,0,1,0.72,77.04,33.25,0,2,0.92,18.52,51.64,134.032,0,0.43,0,1,64.473,5.789,58.428
2025-12-07 23:30,33.12,,33.12,28.26,93.37,28.26,0,1,0.72,71.21,33.25,0,2,0.93,18.52,51.65,134.031,0,0.43,0,1,64.469,19.822,58.416
2025-12-07 23:40,33.12,,33.12,28.26,87.28,28.26,0,1,0.72,74.71,33.25,0,2,0.93,18.52,51.65,134.031,0,0.43,0,1,64.462,0,58.568
2025-12-07 23:50,33.12,,33.12,28.26,89.31,28.26,0,1,0.72,74.71,33.25,0,2,0.93,18.52,51.65,134.032,4.374,0.43,0,1,64.46,12.756,58.785
2025-12-08 0:00,33.12,,33.12,28.26,92.02,28.26,0,1,0.72,82.88,33.25,0,2,0.93,18.52,51.65,134.032,20.208,0.43,0,1,64.46,27.016,58.695
2025-12-08 0:10,33.12,,33.12,28.26,100.77,28.26,0,1,0.72,85.22,33.25,0,2,0.92,18.52,51.64,134.032,36.041,0.43,0,1,64.454,30.589,58.621
2025-12-08 0:20,33.12,,33.12,28.26,98.09,28.26,0,1,0.72,82.88,33.25,0,2,0.95,18.52,51.67,134.033,36.041,0.43,0,1,64.45,23.376,58.31
2025-12-08 0:30,33.12,,33.12,28.26,94.73,28.26,0,1,0.72,81.71,33.25,0,2,0.93,18.52,51.65,134.033,43.986,0.43,0,1,64.443,0,58.497
2025-12-08 0:40,33.12,,33.12,28.26,93.37,28.26,0,1,0.72,79.38,33.25,0,2,0.94,18.52,51.66,134.032,0,0.43,0,1,64.44,9.328,58.512
2025-12-08 0:50,33.12,,33.12,28.26,95.4,28.26,0,1,0.72,74.71,33.25,0,2,0.93,18.52,51.65,134.033,4.43,0.43,0,1,64.438,16.224,57.995
2025-12-08 1:00,33.12,,33.12,28.26,91.34,28.26,0,1,0.72,74.71,33.25,0,2,0.95,18.52,51.67,134.034,24.208,0.43,0,1,64.432,19.685,58.047
2025-12-08 1:10,33.12,,33.12,28.25,86.66,28.25,0,1,0.71,76.88,33.24,0,2,0.93,18.52,51.65,134.034,107.319,0.43,0,1,64.43,23.106,58.274
2025-12-08 1:20,33.12,,33.12,28.26,87.28,28.26,0,1,0.71,78.04,33.24,0,2,0.94,18.52,51.66,134.035,79.597,0.43,0,1,64.425,12.834,58.349
2025-12-08 1:30,33.12,,33.12,28.25,87.28,28.25,0,1,0.72,82.88,33.25,0,2,0.93,18.52,51.65,134.036,103.374,0.43,0,1,64.42,16.437,58.355
2025-12-08 1:40,33.12,,33.12,28.25,86.61,28.25,0,1,0.72,80.55,33.25,0,2,0.92,18.52,51.64,134.037,111.319,0.43,0,1,64.415,6.066,58.328
2025-12-08 1:50,33.12,,33.12,28.26,89.99,28.26,0,1,0.72,79.38,33.25,0,2,0.93,18.52,51.65,134.038,127.152,0.43,0,1,64.41,6.136,58.392
2025-12-08 2:00,33.12,,33.12,28.26,92.7,28.26,0,1,0.72,85.22,33.25,0,2,0.96,18.52,51.68,134.039,119.208,0.43,0,1,64.41,23.615,58.458
2025-12-08 2:10,33.12,,33.12,28.26,91.34,28.26,0,1,0.73,84.23,33.26,0,2,0.95,18.52,51.67,134.04,99.43,0.43,0,1,64.405,23.608,58.306
2025-12-08 2:20,33.12,,33.12,28.26,94.05,28.26,0,1,0.72,80.55,33.25,0,2,0.95,18.52,51.67,134.04,91.486,0.43,0,1,64.4,23.651,58.355
2025-12-08 2:30,33.12,,33.12,28.26,95.4,28.26,0,1,0.72,78.21,33.25,0,2,0.95,18.52,51.67,134.041,71.708,0.43,0,1,64.394,2.825,58.147
2025-12-08 2:40,33.12,,33.12,28.26,96.76,28.26,0,1,0.72,78.21,33.25,0,2,0.94,18.52,51.66,134.041,51.93,0.43,0,1,64.39,6.203,57.774
2025-12-08 2:50,33.12,,33.12,28.26,92.7,28.26,0,1,0.72,79.38,33.25,0,2,0.95,18.52,51.67,134.041,16.319,0.43,0,1,64.388,16.241,57.302
2025-12-08 3:00,33.12,,33.12,28.26,94.73,28.26,0,1,0.72,89.88,33.25,0,2,0.95,18.52,51.67,134.041,4.374,0.43,0,1,64.38,9.105,57.407
2025-12-08 3:10,33.12,,33.12,28.26,95.4,28.26,0,1,0.72,94.55,33.25,0,2,0.95,18.52,51.67,134.04,0,0.43,0,1,64.38,23.096,58.245
2025-12-08 3:20,33.12,,33.12,28.26,91.34,28.26,0,1,0.72,92.22,33.25,0,2,0.95,18.52,51.67,134.04,0,0.43,0,1,64.374,9.588,57.78
2025-12-08 3:30,33.12,,33.12,28.26,92.02,28.26,0,1,0.72,92.22,33.25,0,2,0.95,18.52,51.67,134.04,0,0.43,0,1,64.37,23.636,58.051
2025-12-08 3:40,33.12,,33.12,28.26,91.34,28.26,0,1,0.72,92.22,33.25,0,2,0.95,18.52,51.67,134.04,0,0.43,0,1,64.366,9.773,57.821
2025-12-08 3:50,33.12,,33.12,28.26,87.96,28.26,0,1,0.72,87.55,33.25,0,2,0.96,18.52,51.68,134.041,55.874,0.43,0,1,64.36,9.854,58.023
2025-12-08 4:00,33.12,,33.12,28.26,85.25,28.26,0,1,0.72,80.55,33.25,0,2,0.96,18.52,51.68,134.042,79.652,0.43,0,1,64.359,20.13,57.879
2025-12-08 4:10,33.12,,33.12,28.26,85.93,28.26,0,1,0.72,79.38,33.25,0,2,0.96,18.52,51.68,134.042,75.652,0.43,0,1,64.354,16.841,58.121
2025-12-08 4:20,33.12,,33.12,28.26,85.93,28.26,0,1,0.73,74.87,33.26,0,2,0.96,18.52,51.68,134.042,47.93,0.43,0,1,64.35,23.846,58.204
2025-12-08 4:30,33.12,,33.12,28.26,88.64,28.26,0,1,0.73,70.19,33.26,0,2,0.96,18.52,51.68,134.043,55.874,0.43,0,1,64.35,27.326,57.988
2025-12-08 4:40,33.12,,33.12,28.26,85.25,28.26,0,1,0.73,69.02,33.26,0,2,0.96,18.52,51.68,134.043,63.819,0.43,0,1,64.341,13.616,57.824
2025-12-08 4:50,33.12,,33.12,28.26,84.58,28.26,0,1,0.73,64.34,33.26,0,2,0.96,18.52,51.68,134.044,55.874,0.43,0,1,64.34,23.669,57.696
2025-12-08 5:00,33.12,,33.12,28.26,87.96,28.26,0,1,0.73,64.34,33.26,0,2,0.96,18.52,51.68,134.044,24.208,0.43,0,1,64.334,3.374,58.269
2025-12-08 5:10,33.12,,33.12,28.26,85.93,28.26,0,1,0.72,71.21,33.25,0,2,0.96,18.52,51.68,134.044,28.152,0.43,0,1,64.33,20.441,57.69
2025-12-08 5:20,33.12,,33.12,28.26,83.22,28.26,0,1,0.72,72.37,33.25,0,2,0.96,18.52,51.68,134.046,75.708,0.43,0,1,64.33,23.981,57.984
2025-12-08 5:30,33.12,,33.12,28.26,81.87,28.26,0,1,0.72,72.37,33.25,0,2,0.96,18.52,51.68,134.047,123.208,0.43,0,1,64.321,13.689,57.894
2025-12-08 5:40,33.12,,33.12,28.26,81.19,28.26,0,1,0.72,67.71,33.25,0,2,0.96,18.52,51.68,134.048,135.097,0.43,0,1,64.32,23.971,57.868
2025-12-08 5:50,33.12,,33.12,28.26,81.19,28.26,0,1,0.73,67.85,33.26,0,2,0.96,18.52,51.68,134.048,99.43,0.43,0,1,64.317,13.744,57.804
2025-12-08 6:00,33.12,,33.12,28.26,83.22,28.26,0,1,0.72,67.71,33.25,0,2,0.96,18.52,51.68,134.049,71.708,0.43,0,1,64.31,20.617,58.013
2025-12-08 6:10,33.12,,33.12,28.26,77.81,28.26,0,1,0.73,69.02,33.26,0,2,0.96,18.52,51.68,134.048,32.152,0.43,0,1,64.305,7.199,58.114
2025-12-08 6:20,33.12,,33.12,28.26,80.52,28.26,0,1,0.73,67.85,33.26,0,2,0.96,18.52,51.68,134.048,0,0.43,0,1,64.3,0.616,58.054
2025-12-08 6:30,33.12,,33.12,28.26,77.81,28.26,0,1,0.72,67.71,33.25,0,2,0.96,18.52,51.68,134.048,0,0.43,0,1,64.296,10.784,57.85
2025-12-08 6:40,33.12,,33.12,28.26,83.9,28.26,0,1,0.72,68.87,33.25,0,2,0.97,18.52,51.69,134.049,8.319,0.43,0,1,64.29,7.249,57.343
2025-12-08 6:50,33.12,,33.12,28.26,79.16,28.26,0,1,0.72,66.54,33.25,0,2,0.97,18.52,51.69,134.049,55.874,0.43,0,1,64.29,23.96,57.689
2025-12-08 7:00,33.12,,33.12,28.26,77.81,28.26,0,1,0.72,66.54,33.25,0,2,0.97,18.52,51.69,134.05,71.708,0.43,0,1,64.29,37.483,57.919
2025-12-08 7:10,33.12,,33.12,28.26,79.84,28.26,0,1,0.72,64.2,33.25,0,2,0.97,18.52,51.69,134.05,59.874,0.43,0,1,64.281,27.762,58.346
2025-12-08 7:20,33.12,,33.12,28.26,82.55,28.26,0,1,0.73,63.17,33.26,0,2,0.97,18.52,51.69,134.051,51.93,0.43,0,1,64.28,24.357,57.64
2025-12-08 7:30,33.12,,33.12,28.26,79.84,28.26,0,1,0.73,65.51,33.26,0,2,0.95,18.52,51.67,134.05,24.208,0.43,0,1,64.271,0,57.773
2025-12-08 7:40,33.12,,33.12,28.26,79.16,28.26,0,1,0.73,62,33.26,0,2,0.95,18.52,51.67,134.05,0,0.43,0,1,64.268,14.152,57.543
2025-12-08 7:50,33.12,,33.12,28.26,79.84,28.26,0,1,0.73,59.66,33.26,0,2,0.95,18.52,51.67,134.05,0,0.43,0,1,64.26,0,57.704
2025-12-08 8:00,33.12,,33.12,28.26,83.22,28.26,0,1,0.72,66.54,33.25,0,2,0.95,18.52,51.67,134.05,0,6.308,0,1,64.26,19.908,57.645
2025-12-08 8:10,33.12,,33.12,28.26,83.22,28.26,0,1,0.72,67.71,33.25,0,2,0.96,18.52,51.68,134.046,0,147.104,0,1,64.26,30.926,57.598
2025-12-08 8:20,33.12,,33.12,28.26,85.25,28.26,0,1,0.72,65.37,33.25,0,2,0.96,18.52,51.68,134.045,0,147.969,0,1,64.259,54.221,57.419
2025-12-08 8:30,33.12,,33.12,28.26,86.61,28.26,0,1,0.72,66.54,33.25,0,2,0.96,18.52,51.68,134.045,0,151.129,0,1,64.251,27.535,57.423
2025-12-08 8:40,33.12,,33.12,28.26,86.61,28.26,0,1,0.72,63.04,33.25,0,2,0.96,18.52,51.68,134.044,96.773,145.721,0,1,64.244,4.167,57.326
2025-12-08 8:50,33.12,,33.12,28.26,84.58,28.26,0,1,0.72,64.2,33.25,0,2,0.96,18.52,51.68,134.045,152.389,148.316,0,1,64.239,0,57.405
2025-12-08 9:00,33.12,,33.12,28.26,81.87,28.26,0,1,0.72,65.37,33.25,0,2,0.96,18.52,51.68,134.045,150.646,146.067,0,1,64.232,0,57.295
2025-12-08 9:10,33.12,,33.12,28.26,80.52,28.26,0,1,0.72,65.37,33.25,0,2,0.96,18.52,51.68,134.045,153.778,143.284,0,1,64.23,10.833,56.799
2025-12-08 9:20,33.12,,33.12,28.26,80.52,28.26,0,1,0.72,65.37,33.25,0,2,0.96,18.52,51.68,134.042,35.625,150.192,0,1,64.23,27.405,57.454
2025-12-08 9:30,33.12,,33.12,28.26,76.46,28.26,0,1,0.73,62,33.26,0,2,0.94,18.52,51.66,134.04,0,150.536,0,1,64.224,30.797,57.471
2025-12-08 9:40,33.12,,33.12,28.26,78.49,28.26,0,1,0.73,58.49,33.26,0,2,0.95,18.52,51.67,134.04,0,145.878,0,1,64.22,24.331,57.068
2025-12-08 9:50,33.12,,33.12,28.26,77.13,28.26,0,1,0.73,62,33.26,0,2,0.94,18.52,51.66,134.04,43.442,142.91,0,1,64.216,10.842,56.486
2025-12-08 10:00,33.12,,33.12,28.26,80.52,28.26,0,1,0.73,59.66,33.26,0,2,0.94,18.52,51.66,134.04,112.505,143.726,0,1,64.21,10.654,56.575
2025-12-08 10:10,33.12,,33.12,28.26,81.87,28.26,0,1,0.71,60.57,33.24,0,2,0.94,18.52,51.66,134.039,134.318,140.151,0,1,64.21,23.431,55.9
2025-12-08 10:20,33.12,,33.12,28.26,82.55,28.26,0,1,0.72,64.2,33.25,0,2,0.94,18.52,51.66,134.039,114.848,143.833,0,1,64.213,46.474,56.614
2025-12-08 10:30,33.12,,33.12,28.26,81.87,28.26,0,1,0.72,66.54,33.25,0,2,0.94,18.52,51.66,134.038,67.825,145.159,0,1,64.228,115.797,57.045
2025-12-08 10:40,33.12,,33.12,28.26,84.58,28.26,0,1,0.72,70.04,33.25,0,2,0.94,18.52,51.66,134.037,40.776,142.171,0,1,64.24,155.888,57.171
2025-12-08 10:50,33.12,,33.12,28.26,89.95,28.26,0,1,0.72,79.38,33.25,0,2,0.96,18.52,51.68,134.036,28.857,143.74,0,1,64.249,176.215,57.431
2025-12-08 11:00,33.12,,33.12,28.26,91.31,28.26,0,1,0.72,81.71,33.25,0,2,0.94,18.52,51.66,134.034,0,142.484,0,1,64.249,126.856,57.299
2025-12-08 11:10,33.12,,33.12,28.26,95.4,28.26,0,1,0.72,80.55,33.25,0,2,0.95,18.52,51.67,134.035,28.218,0.43,0,1,64.25,90.625,57.478
2025-12-08 11:20,33.12,,33.12,28.26,100.85,28.26,0,1,0.71,71.05,33.24,0,2,0.96,18.52,51.68,134.035,0,0.43,0,1,64.256,80.577,57.121
2025-12-08 11:30,33.12,,33.12,28.26,101.53,28.26,0,1,0.72,67.71,33.25,0,2,0.95,18.52,51.67,134.034,0,0.43,0,1,64.267,117.364,57.662
2025-12-08 11:40,33.12,,33.12,28.26,102.21,28.26,0,1,0.72,66.54,33.25,0,2,0.94,18.52,51.66,134.032,0,0.43,0,1,64.275,140.825,57.525
2025-12-08 11:50,33.12,,33.12,28.26,98.12,28.26,0,1,0.72,65.37,33.25,0,2,0.94,18.52,51.66,134.032,0,0.43,0,1,64.283,147.743,57.377
2025-12-08 12:00,33.12,,33.12,28.26,95.4,28.26,0,1,0.72,66.54,33.25,0,2,0.94,18.52,51.66,134.031,0,0.43,0,1,64.29,134.537,57.377
2025-12-08 12:10,33.12,,33.12,28.26,99.49,28.26,0,1,0.72,73.54,33.25,0,2,0.93,18.52,51.65,134.03,0,0.43,0,1,64.29,107.912,57.981
2025-12-08 12:20,33.12,,33.12,28.26,99.49,28.26,0,1,0.72,65.37,33.25,0,2,0.95,18.52,51.67,134.032,0,0.43,0,1,64.3,114.981,57.918
2025-12-08 12:30,33.12,,33.12,28.26,96.08,28.26,0,1,0.72,71.21,33.25,0,2,0.96,18.52,51.68,134.034,119.263,0.43,0,1,64.3,91.681,58.143
2025-12-08 12:40,33.12,,33.12,28.26,94.72,28.26,0,1,0.72,68.87,33.25,0,2,0.94,18.52,51.66,134.033,103.374,0.43,0,1,64.297,81.604,58.085
2025-12-08 12:50,33.12,,33.12,28.26,101.53,28.26,0,1,0.72,74.71,33.25,0,2,0.94,18.52,51.66,134.033,47.93,0.43,0,1,64.294,38.037,58.551
2025-12-08 13:00,33.12,,33.12,28.26,101.53,28.26,0,1,0.72,78.21,33.25,0,2,0.94,18.52,51.66,134.032,0,12.386,0,1,64.296,44.909,58.592
2025-12-08 13:10,33.12,,33.12,28.27,103.58,28.27,0,1,0.72,84.05,33.25,0,2,0.95,18.52,51.67,134.031,0,139.788,0,1,64.299,65.189,58.257
2025-12-08 13:20,33.12,,33.12,28.27,109.71,28.27,0,1,0.73,88.91,33.26,0,2,0.94,18.52,51.66,134.03,0,142.635,0,1,64.294,58.353,58.209
2025-12-08 13:30,33.11,,33.11,28.27,111.75,28.27,0,1,0.72,94.55,33.25,0,2,0.94,18.52,51.66,134.028,0,142.486,0,1,64.29,38.101,58.335
2025-12-08 13:40,33.11,,33.11,28.27,109.71,28.27,0,1,0.71,92.02,33.24,0,2,0.94,18.52,51.66,134.027,0,143.251,0,1,64.29,28.08,58.525
2025-12-08 13:50,33.11,,33.11,28.26,108.35,28.26,0,1,0.72,93.39,33.25,0,2,0.94,18.52,51.66,134.025,0,143.645,0,1,64.281,14.778,58.471
2025-12-08 14:00,33.11,,33.11,28.26,102.89,28.26,0,1,0.73,86.57,33.26,0,2,0.93,18.52,51.65,134.027,130.779,141.108,0,1,64.28,24.78,58.178
2025-12-08 14:10,33.11,,33.11,28.27,104.94,28.27,0,1,0.72,85.22,33.25,0,2,0.94,18.52,51.66,134.027,153.71,140.711,0,1,64.28,24.643,58.114
2025-12-08 14:20,33.11,,33.11,28.27,104.94,28.27,0,1,0.73,83.06,33.26,0,2,0.95,18.52,51.67,134.027,218.459,136.058,0,1,64.279,51.382,58.021
2025-12-08 14:30,33.11,,33.11,28.27,103.58,28.27,0,1,0.73,86.57,33.26,0,2,0.93,18.52,51.65,134.026,80.606,143.05,0,1,64.27,24.742,58.425
2025-12-08 14:40,33.11,,33.11,28.26,104.26,28.26,0,1,0.72,87.55,33.25,0,2,0.94,18.52,51.66,134.025,66.608,146.381,0,1,64.27,24.942,58.715
2025-12-08 14:50,33.11,,33.11,28.27,102.89,28.27,0,1,0.72,78.21,33.25,0,2,0.94,18.52,51.66,134.025,62.68,148.109,0,1,64.277,51.753,58.287
2025-12-08 15:00,33.11,,33.11,28.26,99.49,28.26,0,1,0.72,78.21,33.25,0,2,0.94,18.52,51.66,134.024,71.332,145.173,0,1,64.285,108.662,58.316
2025-12-08 15:10,33.11,,33.11,28.26,97.44,28.26,0,1,0.72,78.21,33.25,0,2,0.94,18.52,51.66,134.022,36.792,137.762,0,1,64.291,128.679,58.266
2025-12-08 15:20,33.11,,33.11,28.26,96.76,28.26,0,1,0.72,82.88,33.25,0,2,0.93,18.52,51.65,134.021,6.465,151.961,0,1,64.3,135.739,58.634
2025-12-08 15:30,33.11,,33.11,28.26,98.12,28.26,0,1,0.72,72.37,33.25,0,2,0.93,18.52,51.65,134.022,61.573,156.331,0,1,64.301,112.349,58.648
2025-12-08 15:40,33.11,,33.11,28.26,97.44,28.26,0,1,0.72,73.54,33.25,0,2,0.94,18.52,51.66,134.021,94.065,152.071,0,1,64.308,115.981,58.662
2025-12-08 15:50,33.11,,33.11,28.26,96.08,28.26,0,1,0.72,78.21,33.25,0,2,0.94,18.52,51.66,134.02,95.51,156.295,0,1,64.312,99.149,58.637
2025-12-08 16:00,33.11,,33.11,28.26,95.4,28.26,0,1,0.72,75.88,33.25,0,2,0.95,18.52,51.67,134.019,33.539,148.416,0,1,64.319,119.56,58.715
2025-12-08 16:10,33.11,,33.11,28.26,103.58,28.26,0,1,0.72,71.21,33.25,0,2,0.95,18.52,51.67,134.017,11.658,145.763,0,1,64.326,119.439,58.133
2025-12-08 16:20,33.11,,33.11,28.26,103.58,28.26,0,1,0.72,87.55,33.25,0,2,0.95,18.52,51.67,134.016,0,148.176,0,1,64.335,136.593,58.763
2025-12-08 16:30,33.11,,33.11,28.26,105.62,28.26,0,1,0.72,84.05,33.25,0,2,0.95,18.52,51.67,134.015,11.805,145.31,0,1,64.345,146.982,58.717
2025-12-08 16:40,33.11,,33.11,28.26,102.89,28.26,0,1,0.72,81.71,33.25,0,2,0.96,18.52,51.68,134.013,0,144.807,0,1,64.35,140.37,58.298
2025-12-08 16:50,33.11,,33.11,28.26,106.98,28.26,0,1,0.71,89.69,33.24,0,2,0.96,18.52,51.68,134.012,0,145.594,0,1,64.358,136.994,58.301
2025-12-08 17:00,33.11,,33.11,28.26,101.53,28.26,0,1,0.73,69.02,33.26,0,2,0.96,18.52,51.68,134.012,57.325,146.554,0,1,64.3655,137.167,58.411
2025-12-08 17:10,33.11,,33.11,28.26,98.11,28.26,0,1,0.72,73.54,33.25,0,2,0.96,18.52,51.68,134.012,114.65,147.514,0,1,64.373,137.34,58.521
2025-12-08 17:20,33.11,,33.11,28.26,95.4,28.26,0,1,0.72,68.87,33.25,0,2,0.96,18.52,51.68,134.011,123.634,148.878,0,1,64.38,134.124,58.651
2025-12-08 17:30,33.11,,33.11,28.26,94.05,28.26,0,1,0.72,63.04,33.25,0,2,0.96,18.52,51.68,134.011,104.095,146.561,0,1,64.39,144.71,58.625
2025-12-08 17:40,33.11,,33.11,28.26,93.37,28.26,0,1,0.72,65.37,33.25,0,2,0.95,18.52,51.67,134.01,41.859,150.637,0,1,64.398,144.971,58.804
2025-12-08 17:50,33.11,,33.11,28.26,92.7,28.26,0,1,0.72,66.54,33.25,0,2,0.95,18.52,51.67,134.009,54.731,139.994,0,1,64.405,145.071,58.449
2025-12-08 18:00,33.11,,33.11,28.26,92.02,28.26,0,1,0.72,66.54,33.25,0,2,0.95,18.52,51.67,134.009,61.866,144.299,0,1,64.413,138.409,58.807
2025-12-08 18:10,33.11,,33.11,28.26,94.73,28.26,0,1,0.72,71.21,33.25,0,2,0.95,18.52,51.67,134.008,88.118,146.228,0,1,64.42,135.07,58.786
2025-12-08 18:20,33.11,,33.11,28.26,94.73,28.26,0,1,0.72,70.04,33.25,0,2,0.95,18.52,51.67,134.007,54.704,146.584,0,1,64.427,135.33,58.732
2025-12-08 18:30,33.11,,33.11,28.26,88.64,28.26,0,1,0.72,72.37,33.25,0,2,0.95,18.52,51.67,134.005,5.34,150.542,0,1,64.435,135.544,58.947
2025-12-08 18:40,33.11,,33.11,28.26,94.73,28.26,0,1,0.73,77.21,33.26,0,2,0.95,18.52,51.67,134.004,0,134.179,0,1,64.443,139.15,58.606
2025-12-08 18:50,33.11,,33.11,28.26,87.96,28.26,0,1,0.72,77.04,33.25,0,2,0.95,18.52,51.67,134.003,0,121.313,0,1,64.45,139.483,59.229
2025-12-08 19:00,33.11,,33.11,28.26,92.7,28.26,0,1,0.72,73.54,33.25,0,2,0.94,18.52,51.66,134.002,0,135.928,0,1,64.459,143.073,58.884
2025-12-08 19:10,33.11,,33.11,28.26,85.93,28.26,0,1,0.72,77.04,33.25,0,2,0.94,18.52,51.66,134.002,29.738,33.639,0,1,64.464,132.861,59.136
2025-12-08 19:20,33.11,,33.11,28.26,83.9,28.26,0,1,0.72,77.04,33.25,0,2,0.94,18.52,51.66,134.004,84.332,0.43,0,1,64.471,133.114,59.489
2025-12-08 19:30,33.11,,33.11,28.26,87.96,28.26,0,1,0.72,73.54,33.25,0,2,0.94,18.52,51.66,134.002,19.444,0.43,0,1,64.48,133.521,59.603
2025-12-08 19:40,33.11,,33.11,28.26,89.31,28.26,0,1,0.73,73.7,33.26,0,2,0.94,18.52,51.66,134,0,0.43,0,1,64.488,144.387,59.569
2025-12-08 19:50,33.11,,33.11,28.26,84.58,28.26,0,1,0.73,73.7,33.26,0,2,0.94,18.52,51.66,133.999,0,0.43,0,1,64.494,141.072,59.711
2025-12-08 20:00,33.11,,33.11,28.26,85.93,28.26,0,1,0.73,72.53,33.26,0,2,0.94,18.52,51.66,133.999,0,0.43,0,1,64.5,130.587,59.648
2025-12-08 20:10,33.11,,33.11,28.26,83.9,28.26,0,1,0.72,73.54,33.25,0,2,0.94,18.52,51.66,133.998,0,0.43,0,1,64.508,130.758,59.582
2025-12-08 20:20,33.11,,33.11,28.26,83.22,28.26,0,1,0.72,73.54,33.25,0,2,0.92,18.52,51.64,133.999,0,0.43,0,1,64.51,116.579,59.842
2025-12-08 20:30,33.11,,33.11,28.26,87.96,28.26,0,1,0.72,74.71,33.25,0,2,0.92,18.52,51.64,134,51.819,0.43,0,1,64.51,95.397,59.934
2025-12-08 20:40,33.11,,33.11,28.26,83.22,28.26,0,1,0.73,70.19,33.26,0,2,0.92,18.52,51.64,134.001,127.041,0.43,0,1,64.51,67.026,59.97
2025-12-08 20:50,33.11,,33.11,28.26,84.58,28.26,0,1,0.73,72.53,33.26,0,2,0.91,18.52,51.63,134.002,130.986,0.43,0,1,64.508,52.811,59.863
2025-12-08 21:00,33.11,,33.11,28.26,81.87,28.26,0,1,0.73,73.7,33.26,0,2,0.91,18.52,51.63,134.002,91.43,0.43,0,1,64.5,24.292,59.878
2025-12-08 21:10,33.11,,33.11,28.26,84.58,28.26,0,1,0.73,70.19,33.26,0,2,0.91,18.52,51.63,134.001,24.152,0.43,0,1,64.501,27.79,59.795
2025-12-08 21:20,33.11,,33.11,28.26,85.25,28.26,0,1,0.72,73.54,33.25,0,2,0.91,18.52,51.63,134.001,0,0.43,0,1,64.5,31.343,59.857
2025-12-08 21:30,33.11,,33.11,28.26,82.55,28.26,0,1,0.72,71.21,33.25,0,2,0.91,18.52,51.63,134,0,0.43,0,1,64.5,59.828,59.832
2025-12-08 21:40,33.11,,33.11,28.26,83.22,28.26,0,1,0.72,71.21,33.25,0,2,0.91,18.52,51.63,134,0,0.43,0,1,64.5,56.31,59.908
2025-12-08 21:50,33.11,,33.11,28.26,83.22,28.26,0,1,0.73,72.53,33.26,0,2,0.91,18.52,51.63,134,0,0.43,0,1,64.494,38.561,59.776
2025-12-08 22:00,33.11,,33.11,28.26,85.93,28.26,0,1,0.72,72.37,33.25,0,2,0.91,18.52,51.63,134.001,43.986,0.43,0,1,64.49,24.3,59.716
2025-12-08 22:10,33.11,,33.11,28.26,78.49,28.26,0,1,0.72,72.37,33.25,0,2,0.91,18.52,51.63,134.002,79.541,0.43,0,1,64.49,24.33,59.999
2025-12-08 22:20,33.11,,33.11,28.26,83.9,28.26,0,1,0.72,71.21,33.25,0,2,0.92,18.52,51.64,134.003,111.208,0.43,0,1,64.483,20.753,59.709
2025-12-08 22:30,33.11,,33.11,28.26,83.22,28.26,0,1,0.72,75.88,33.25,0,2,0.92,18.52,51.64,134.003,59.763,0.43,0,1,64.48,24.303,59.535
2025-12-08 22:40,33.11,,33.11,28.26,81.87,28.26,0,1,0.72,74.71,33.25,0,2,0.92,18.52,51.64,134.003,55.819,0.43,0,1,64.48,24.159,59.565
2025-12-08 22:50,33.11,,33.11,28.26,83.9,28.26,0,1,0.72,73.54,33.25,0,2,0.92,18.52,51.64,134.003,8.374,0.43,0,1,64.477,38.364,59.66
2025-12-08 23:00,33.11,,33.11,28.26,85.25,28.26,0,1,0.73,73.7,33.26,0,2,0.92,18.52,51.64,134.003,24.152,0.43,0,1,64.47,24.287,59.637
2025-12-08 23:10,33.11,,33.11,28.26,80.52,28.26,0,1,0.73,73.7,33.26,0,2,0.92,18.52,51.64,134.005,55.819,0.43,0,1,64.47,24.346,59.741
2025-12-08 23:20,33.11,,33.11,28.26,82.55,28.26,0,1,0.73,72.53,33.26,0,2,0.92,18.52,51.64,134.004,47.874,0.43,0,1,64.461,3.231,59.648
2025-12-08 23:30,33.11,,33.11,28.26,81.87,28.26,0,1,0.72,67.71,33.25,0,2,0.92,18.52,51.64,134.004,20.208,0.43,0,1,64.46,24.358,59.351
2025-12-08 23:40,33.11,,33.11,28.26,90.67,28.26,0,1,0.72,70.04,33.25,0,2,0.92,18.52,51.64,134.005,8.319,0.43,0,1,64.458,17.234,59.537
2025-12-08 23:50,33.11,,33.11,28.26,87.28,28.26,0,1,0.72,72.37,33.25,0,2,0.92,18.52,51.64,134.006,71.652,0.43,0,1,64.45,20.79,59.481
2025-12-09 0:00,33.11,,33.11,28.26,89.31,28.26,0,1,0.72,73.54,33.25,0,2,0.92,18.52,51.64,134.006,87.486,0.43,0,1,64.45,24.302,59.388
2025-12-09 0:10,33.11,,33.11,28.26,82.55,28.26,0,1,0.72,71.21,33.25,0,2,0.92,18.52,51.64,134.006,67.708,0.43,0,1,64.446,17.255,59.396
2025-12-09 0:20,33.11,,33.11,28.26,83.98,28.26,0,1,0.72,73.54,33.25,0,2,0.92,18.52,51.64,134.007,43.986,0.43,0,1,64.44,24.343,59.412
2025-12-09 0:30,33.11,,33.11,28.26,82.63,28.26,0,1,0.73,73.7,33.26,0,2,0.92,18.52,51.64,134.007,43.986,0.43,0,1,64.434,3.441,59.681
2025-12-09 0:40,33.11,,33.11,28.26,81.29,28.26,0,1,0.73,71.36,33.26,0,2,0.93,18.52,51.65,134.005,0,0.43,0,1,64.43,3.442,59.232
2025-12-09 0:50,33.11,,33.11,28.25,84.65,28.25,0,1,0.73,72.53,33.26,0,2,0.93,18.52,51.65,134.006,0,0.43,0,1,64.43,24.382,59.232
2025-12-09 1:00,33.11,,33.11,28.26,79.27,28.26,0,1,0.73,73.7,33.26,0,2,0.93,18.52,51.65,134.006,0,0.43,0,1,64.424,24.239,59.087
2025-12-09 1:10,33.11,,33.11,28.26,77.26,28.26,0,1,0.73,67.85,33.26,0,2,0.93,18.52,51.65,134.008,95.374,0.43,0,1,64.42,24.403,59.558
2025-12-09 1:20,33.11,,33.11,28.26,78.6,28.26,0,1,0.73,66.68,33.26,0,2,0.93,18.52,51.65,134.008,59.819,0.43,0,1,64.42,24.321,58.986
2025-12-09 1:30,33.11,,33.11,28.25,79.27,28.25,0,1,0.73,66.68,33.26,0,2,0.93,18.52,51.65,134.008,47.93,0.43,0,1,64.411,13.973,59.041
2025-12-09 1:40,33.11,,33.11,28.26,81.96,28.26,0,1,0.73,67.85,33.26,0,2,0.93,18.52,51.65,134.008,12.319,0.43,0,1,64.41,24.337,59.316
2025-12-09 1:50,33.11,,33.11,28.26,75.92,28.26,0,1,0.73,67.85,33.26,0,2,0.93,18.52,51.65,134.008,16.208,0.43,0,1,64.402,0,59.256
2025-12-09 2:00,33.11,,33.11,28.26,82.63,28.26,0,1,0.73,69.02,33.26,0,2,0.93,18.52,51.65,134.009,59.763,0.43,0,1,64.4,21.03,59.183
2025-12-09 2:10,33.11,,33.11,28.26,77.93,28.26,0,1,0.72,71.21,33.25,0,2,0.93,18.52,51.65,134.009,51.819,0.43,0,1,64.398,17.596,59.182
2025-12-09 2:20,33.11,,33.11,28.26,79.95,28.26,0,1,0.73,70.19,33.26,0,2,0.93,18.52,51.65,134.009,32.097,0.43,0,1,64.39,17.705,59.249
2025-12-09 2:30,33.11,,33.11,28.26,79.27,28.26,0,1,0.73,70.19,33.26,0,2,0.93,18.52,51.65,134.009,0.43,0.43,0,1,64.39,24.674,59.257
2025-12-09 2:40,33.11,,33.11,28.26,79.95,28.26,0,1,0.72,66.54,33.25,0,2,0.93,18.52,51.65,134.01,24.208,0.43,0,1,64.382,3.986,59.284
2025-12-09 2:50,33.11,,33.11,28.26,79.27,28.26,0,1,0.72,67.71,33.25,0,2,0.93,18.52,51.65,134.01,28.152,0.43,0,1,64.38,24.71,59.255
2025-12-09 3:00,33.11,,33.11,28.25,77.26,28.25,0,1,0.72,67.71,33.25,0,2,0.94,18.52,51.66,134.01,32.097,0.43,0,1,64.372,0,59.047
2025-12-09 3:10,33.11,,33.11,28.26,79.95,28.26,0,1,0.72,66.54,33.25,0,2,0.94,18.52,51.66,134.011,32.097,0.43,0,1,64.37,17.643,58.626
2025-12-09 3:20,33.11,,33.11,28.26,81.96,28.26,0,1,0.72,65.37,33.25,0,2,0.94,18.52,51.66,134.011,43.93,0.43,0,1,64.369,21.022,58.894
2025-12-09 3:30,33.11,,33.11,28.25,81.29,28.25,0,1,0.72,61.87,33.25,0,2,0.94,18.52,51.66,134.01,24.152,0.43,0,1,64.361,21.09,59.085
2025-12-09 3:40,33.11,,33.11,28.26,81.29,28.26,0,1,0.72,58.37,33.25,0,2,0.94,18.52,51.66,134.011,4.374,0.43,0,1,64.36,24.674,59.043
2025-12-09 3:50,33.11,,33.11,28.25,81.29,28.25,0,1,0.72,60.7,33.25,0,2,0.94,18.52,51.66,134.01,0,0.43,0,1,64.354,7.48,58.645
2025-12-09 4:00,33.11,,33.11,28.26,82.63,28.26,0,1,0.72,61.87,33.25,0,2,0.94,18.52,51.66,134.01,0,0.43,0,1,64.35,21.05,58.462
2025-12-09 4:10,33.11,,33.11,28.25,82.63,28.25,0,1,0.72,57.2,33.25,0,2,0.94,18.52,51.66,134.011,24.152,0.43,0,1,64.348,17.585,58.813
2025-12-09 4:20,33.11,,33.11,28.26,81.29,28.26,0,1,0.72,53.7,33.25,0,2,0.94,18.52,51.66,134.013,127.041,0.43,0,1,64.34,10.856,58.793
2025-12-09 4:30,33.11,,33.11,28.26,79.95,28.26,0,1,0.72,58.37,33.25,0,2,0.93,18.52,51.65,134.014,166.597,0.43,0,1,64.34,24.65,58.843
2025-12-09 4:40,33.11,,33.11,28.26,78.6,28.26,0,1,0.72,59.53,33.25,0,2,0.92,18.52,51.64,134.016,178.541,0.43,0,1,64.334,11.022,58.599
2025-12-09 4:50,33.11,,33.11,28.25,81.29,28.25,0,1,0.72,59.53,33.25,0,2,0.94,18.52,51.66,134.016,95.43,0.43,0,1,64.33,24.754,58.82
2025-12-09 5:00,33.11,,33.11,28.25,79.95,28.25,0,1,0.72,57.2,33.25,0,2,0.94,18.52,51.66,134.015,24.208,0.43,0,1,64.326,11.063,58.604
2025-12-09 5:10,33.11,,33.11,28.25,79.27,28.25,0,1,0.72,57.2,33.25,0,2,0.94,18.52,51.66,134.015,0,0.43,0,1,64.32,10.975,58.169
2025-12-09 5:20,33.11,,33.11,28.25,81.29,28.25,0,1,0.71,61.74,33.24,0,2,0.94,18.52,51.66,134.014,0,0.43,0,1,64.319,20.767,57.53
2025-12-09 5:30,33.11,,33.11,28.26,81.29,28.26,0,1,0.72,60.7,33.25,0,2,0.94,18.52,51.66,134.015,0,0.43,0,1,64.311,6.9,57.502
2025-12-09 5:40,33.11,,33.11,28.26,77.93,28.26,0,1,0.72,58.37,33.25,0,2,0.94,18.52,51.66,134.016,47.93,0.43,0,1,64.31,23.682,57.682
2025-12-09 5:50,33.11,,33.11,28.26,78.6,28.26,0,1,0.72,60.7,33.25,0,2,0.95,18.52,51.67,134.016,55.874,0.43,0,1,64.305,10.176,57.511
2025-12-09 6:00,33.11,,33.11,28.26,77.93,28.26,0,1,0.72,54.86,33.25,0,2,0.95,18.52,51.67,134.016,47.93,0.43,0,1,64.3,20.546,57.781
2025-12-09 6:10,33.11,,33.11,28.25,82.63,28.25,0,1,0.72,58.37,33.25,0,2,0.95,18.52,51.67,134.016,4.374,0.43,0,1,64.296,10.551,58.03
2025-12-09 6:20,33.11,,33.11,28.25,82.63,28.25,0,1,0.72,57.2,33.25,0,2,0.95,18.52,51.67,134.016,20.208,0.43,0,1,64.29,7.506,58.208
2025-12-09 6:30,33.11,,33.11,28.25,81.29,28.25,0,1,0.72,59.53,33.25,0,2,0.95,18.52,51.67,134.016,0.43,0.43,0,1,64.29,24.468,58.167
2025-12-09 6:40,33.11,,33.11,28.25,74.57,28.25,0,1,0.72,59.53,33.25,0,2,0.95,18.52,51.67,134.016,16.263,0.43,0,1,64.283,14.445,58.128
2025-12-09 6:50,33.11,,33.11,28.25,77.93,28.25,0,1,0.72,59.53,33.25,0,2,0.95,18.52,51.67,134.016,4.374,0.43,0,1,64.28,24.559,58.216
2025-12-09 7:00,33.11,,33.11,28.25,77.26,28.25,0,1,0.72,58.37,33.25,0,2,0.95,18.52,51.67,134.017,24.208,0.43,0,1,64.275,7.831,58.149
2025-12-09 7:10,33.11,,33.11,28.25,75.24,28.25,0,1,0.71,59.41,33.24,0,2,0.94,18.52,51.66,134.017,32.097,0.43,0,1,64.27,14.652,58.092
2025-12-09 7:20,33.11,,33.11,28.25,77.93,28.25,0,1,0.72,53.7,33.25,0,2,0.94,18.52,51.66,134.018,67.708,0.43,0,1,64.268,17.987,58.054
2025-12-09 7:30,33.11,,33.11,28.25,81.96,28.25,0,1,0.72,58.37,33.25,0,2,0.93,18.52,51.65,134.019,107.263,0.43,0,1,64.26,7.97,58.098
2025-12-09 7:40,33.11,,33.11,28.25,84.65,28.25,0,1,0.72,56.03,33.25,0,2,0.93,18.52,51.65,134.021,146.874,0.43,0,1,64.26,24.697,58.105
2025-12-09 7:50,33.11,,33.11,28.25,83.31,28.25,0,1,0.72,58.37,33.25,0,2,0.93,18.52,51.65,134.021,115.208,0.43,0,1,64.252,4.769,58.104
2025-12-09 8:00,33.11,,33.11,28.25,79.27,28.25,0,1,0.72,58.37,33.25,0,2,0.93,18.52,51.65,134.021,57.907,6.527,0,1,64.25,24.942,58.452
2025-12-09 8:10,33.11,,33.11,28.26,76.59,28.26,0,1,0.72,59.53,33.25,0,2,0.93,18.52,51.65,134.013,0,146.412,0,1,64.247,15.048,58.42
2025-12-09 8:20,33.11,,33.11,28.25,82.55,28.25,0,1,0.72,63.04,33.25,0,2,0.94,18.52,51.66,134.008,0,146.225,0,1,64.24,18.486,58.253
2025-12-09 8:30,33.11,,33.11,28.25,79.27,28.25,0,1,0.72,61.87,33.25,0,2,0.95,18.52,51.67,134.008,0,143.674,0,1,64.24,25.076,58.22
2025-12-09 8:40,33.11,,33.11,28.25,75.92,28.25,0,1,0.72,61.87,33.25,0,2,0.95,18.52,51.67,134.007,0,147.39,0,1,64.236,21.843,58.39
2025-12-09 8:50,33.11,,33.11,28.25,77.81,28.25,0,1,0.72,61.87,33.25,0,2,0.95,18.52,51.67,134.006,44.002,149.61,0,1,64.23,25.244,58.288
2025-12-09 9:00,33.11,,33.11,28.25,83.9,28.25,0,1,0.71,59.41,33.24,0,2,0.96,18.52,51.68,134.007,99.736,144.543,0,1,64.228,18.558,57.995
2025-12-09 9:10,33.11,,33.11,28.25,81.19,28.25,0,1,0.72,60.7,33.25,0,2,0.96,18.52,51.68,134.008,153.776,143.341,0,1,64.22,5.007,57.238
2025-12-09 9:20,33.11,,33.11,28.25,82.55,28.25,0,1,0.72,59.53,33.25,0,2,0.96,18.52,51.68,134.006,148.256,145.05,0,1,64.217,14.63,57.324
2025-12-09 9:30,33.11,,33.11,28.25,83.9,28.25,0,1,0.72,58.37,33.25,0,2,0.96,18.52,51.68,134.005,76.785,143.797,0,1,64.211,1.159,56.916
2025-12-09 9:40,33.11,,33.11,28.25,81.19,28.25,0,1,0.72,58.37,33.25,0,2,0.96,18.52,51.68,134.005,26.172,145.836,0,1,64.21,24.324,57.399
2025-12-09 9:50,33.11,,33.11,28.25,83.9,28.25,0,1,0.72,60.7,33.25,0,2,0.96,18.52,51.68,134.002,0,143.989,0,1,64.208,27.543,57.146
2025-12-09 10:00,33.12,,33.12,28.23,80.52,28.23,0,1,0.72,59.53,33.25,0,2,0.96,18.52,51.68,134,0,142.291,0,1,64.2,21.086,57.045
2025-12-09 10:10,33.12,,33.12,28.21,79.84,28.21,0,1,0.72,58.37,33.25,0,2,0.96,18.52,51.68,133.999,0,147.743,0,1,64.2,24.176,56.837
2025-12-09 10:20,33.12,,33.12,28.21,77.26,28.21,0,1,0.73,56.15,33.26,0,2,0.96,18.52,51.68,133.998,1.577,142.031,0,1,64.202,37.128,56.503
2025-12-09 10:30,33.12,,33.12,28.21,72.56,28.21,0,1,0.73,56.15,33.26,0,2,0.96,18.52,51.68,133.999,72.629,141.781,0,1,64.216,109.298,56.887
2025-12-09 10:40,33.12,,33.12,28.21,69.2,28.21,0,1,0.73,57.32,33.26,0,2,0.96,18.52,51.68,133.997,61.123,136.89,0,1,64.229,152.216,57.093
2025-12-09 10:50,33.12,,33.12,28.21,65.84,28.21,0,1,0.73,60.83,33.26,0,2,0.96,18.52,51.68,133.996,39.123,135.366,0,1,64.236,169.099,57.318
2025-12-09 11:00,33.13,,33.13,28.24,64.49,28.24,0,1,0.74,58.62,33.27,0,2,0.95,18.52,51.67,133.995,2.69,127.482,0,1,64.24,136.41,57.153
2025-12-09 11:10,33.13,,33.13,28.25,65.17,28.25,0,1,0.73,58.49,33.26,0,2,0.95,18.52,51.67,133.999,162.926,0.43,0,1,64.24,93.681,57.407
2025-12-09 11:20,33.13,,33.13,28.26,76.59,28.26,0,1,0.74,75.03,33.27,0,2,0.95,18.52,51.67,134.001,228.725,0.43,0,1,64.244,83.848,57.484
2025-12-09 11:30,33.13,,33.13,28.26,77.26,28.26,0,1,0.73,58.49,33.26,0,2,0.96,18.52,51.68,134.001,245.708,0.43,0,1,64.253,100.797,58
2025-12-09 11:40,33.13,,33.13,28.26,89.31,28.26,0,1,0.73,56.15,33.26,0,2,0.96,18.52,51.68,134,36.041,0.43,0,1,64.262,130.917,57.768
2025-12-09 11:50,33.13,,33.13,28.26,83.9,28.26,0,1,0.73,79.55,33.26,0,2,0.95,18.52,51.67,134,0,0.43,0,1,64.273,154.398,57.592
2025-12-09 12:00,33.13,,33.13,28.26,86.61,28.26,0,1,0.73,59.66,33.26,0,2,0.95,18.52,51.67,134.001,0,0.43,0,1,64.28,147.673,57.16
2025-12-09 12:10,33.13,,33.13,28.26,83.22,28.26,0,1,0.73,59.66,33.26,0,2,0.93,18.52,51.65,134,8.319,0.43,0,1,64.28,117.67,57.757
2025-12-09 12:20,33.13,,33.13,28.26,81.87,28.26,0,1,0.73,59.66,33.26,0,2,0.92,18.52,51.64,134,0,0.43,0,1,64.282,87.834,58.084
2025-12-09 12:30,33.13,,33.13,28.26,80.52,28.26,0,1,0.73,80.72,33.26,0,2,0.93,18.52,51.65,133.999,0,0.43,0,1,64.286,77.963,57.547
2025-12-09 12:40,33.13,,33.13,28.26,80.52,28.26,0,1,0.73,62,33.26,0,2,0.93,18.52,51.65,133.998,0,0.43,0,1,64.281,61.175,57.726
2025-12-09 12:50,33.13,,33.13,28.26,87.96,28.26,0,1,0.73,60.83,33.26,0,2,0.93,18.52,51.65,134,4.374,0.43,0,1,64.285,67.96,58.439
2025-12-09 13:00,33.13,,33.13,28.26,78.49,28.26,0,1,0.73,60.83,33.26,0,2,0.93,18.52,51.65,134.001,59.763,0.43,0,1,64.285,54.854,58.562
2025-12-09 13:10,33.13,,33.13,28.26,77.81,28.26,0,1,0.73,59.66,33.26,0,2,0.94,18.52,51.66,134,87.486,0.43,0,1,64.28,55.245,58.899
2025-12-09 13:20,33.13,,33.13,28.26,77.81,28.26,0,1,0.73,60.83,33.26,0,2,0.93,18.52,51.65,134,0,0.43,0,1,64.28,41.845,58.406
2025-12-09 13:30,33.13,,33.13,28.26,78.49,28.26,0,1,0.73,57.32,33.26,0,2,0.92,18.52,51.64,134,0,0.43,0,1,64.28,41.688,58.091
2025-12-09 13:40,33.13,,33.13,28.26,79.84,28.26,0,1,0.73,58.49,33.26,0,2,0.93,18.52,51.65,134,0,0.43,0,1,64.276,44.887,58.331
2025-12-09 13:50,33.13,,33.13,28.26,76.46,28.26,0,1,0.73,56.15,33.26,0,2,0.92,18.52,51.64,134,0,0.43,0,1,64.27,24.786,58.27
2025-12-09 14:00,33.13,,33.13,28.26,72.4,28.26,0,1,0.73,54.98,33.26,0,2,0.92,18.52,51.64,134.001,26.688,7.869,0,1,64.27,24.779,58.07
2025-12-09 14:10,33.13,,33.13,28.26,78.49,28.26,0,1,0.73,58.49,33.26,0,2,0.93,18.52,51.65,133.996,0,137.754,0,1,64.27,38.118,58.182
2025-12-09 14:20,33.13,,33.13,28.26,77.81,28.26,0,1,0.73,58.49,33.26,0,2,0.93,18.52,51.65,133.996,0,131.728,0,1,64.264,37.976,57.843
2025-12-09 14:30,33.13,,33.13,28.26,68.34,28.26,0,1,0.73,59.66,33.26,0,2,0.95,18.52,51.67,133.996,0,142.489,0,1,64.26,24.457,57.512
2025-12-09 14:40,33.13,,33.13,28.26,77.81,28.26,0,1,0.72,61.87,33.25,0,2,0.93,18.52,51.65,133.996,161.107,137.938,0,1,64.26,24.584,58.564
2025-12-09 14:50,33.13,,33.13,28.26,74.43,28.26,0,1,0.72,80.55,33.25,0,2,0.93,18.52,51.65,133.996,172.901,155.11,0,1,64.251,14.849,58.306
2025-12-09 15:00,33.13,,33.13,28.25,73.08,28.25,0,1,0.73,67.85,33.26,0,2,0.93,18.52,51.65,133.998,232.539,155.402,0,1,64.25,25.033,58.064
2025-12-09 15:10,33.13,,33.13,28.25,77.13,28.25,0,1,0.73,67.85,33.26,0,2,0.93,18.52,51.65,133.996,168.709,159.948,0,1,64.248,18.347,58.504
2025-12-09 15:20,33.13,,33.13,28.26,71.72,28.26,0,1,0.73,80.72,33.26,0,2,0.94,18.52,51.66,133.994,68.483,163.101,0,1,64.241,25.091,58.371
2025-12-09 15:30,33.13,,33.13,28.26,71.72,28.26,0,1,0.73,70.19,33.26,0,2,0.94,18.52,51.66,133.994,0.52,153.18,0,1,64.24,25.078,58.025
2025-12-09 15:40,33.13,,33.13,28.25,77.81,28.25,0,1,0.73,64.34,33.26,0,2,0.95,18.52,51.67,133.994,44.032,159.981,0,1,64.24,31.616,58.117
2025-12-09 15:50,33.13,,33.13,28.25,72.4,28.25,0,1,0.73,65.51,33.26,0,2,0.95,18.52,51.67,133.993,101.138,156.419,0,1,64.24,54.842,58.383
2025-12-09 16:00,33.13,,33.13,28.26,73.75,28.26,0,1,0.73,65.51,33.26,0,2,0.95,18.52,51.67,133.991,43.145,157.202,0,1,64.247,81.377,57.965
2025-12-09 16:10,33.13,,33.13,28.25,77.13,28.25,0,1,0.73,65.51,33.26,0,2,0.95,18.52,51.67,133.991,47.823,150.181,0,1,64.255,107.967,58.052
2025-12-09 16:20,33.13,,33.13,28.25,77.81,28.25,0,1,0.73,64.34,33.26,0,2,0.95,18.52,51.67,133.991,87.115,155.628,0,1,64.263,134.487,57.945
2025-12-09 16:30,33.13,,33.13,28.25,79.16,28.25,0,1,0.73,64.34,33.26,0,2,0.95,18.52,51.67,133.99,103.442,158.683,0,1,64.27,134.695,58.089
2025-12-09 16:40,33.13,,33.13,28.25,77.81,28.25,0,1,0.73,63.17,33.26,0,2,0.95,18.52,51.67,133.989,93.327,155.503,0,1,64.278,134.737,57.679
2025-12-09 16:50,33.13,,33.13,28.25,78.49,28.25,0,1,0.73,63.17,33.26,0,2,0.95,18.52,51.67,133.989,56.86,153.06,0,1,64.281,117.997,57.558
2025-12-09 17:00,33.13,,33.13,28.25,81.87,28.25,0,1,0.73,60.83,33.26,0,2,0.94,18.52,51.66,133.986,7.201,152.041,0,1,64.29,124.65,57.548
2025-12-09 17:10,33.13,,33.13,28.25,79.84,28.25,0,1,0.73,59.66,33.26,0,2,0.94,18.52,51.66,133.985,0,155.833,0,1,64.297,121.393,57.572
2025-12-09 17:20,33.13,,33.13,28.25,81.19,28.25,0,1,0.73,57.32,33.26,0,2,0.94,18.52,51.66,133.984,0,155.121,0,1,64.308,148.68,58.253
2025-12-09 17:30,33.13,,33.13,28.25,83.9,28.25,0,1,0.73,57.32,33.26,0,2,0.94,18.52,51.66,133.984,56.985,156.669,0,1,64.319,155.95,58.358
2025-12-09 17:40,33.13,,33.13,28.25,79.84,28.25,0,1,0.73,56.15,33.26,0,2,0.94,18.52,51.66,133.982,38.14,158.465,0,1,64.327,159.772,58.37
2025-12-09 17:50,33.13,,33.13,28.25,83.22,28.25,0,1,0.73,53.81,33.26,0,2,0.94,18.52,51.66,133.981,36.144,149.132,0,1,64.333,143.045,58.24
2025-12-09 18:00,33.13,,33.13,28.25,84.58,28.25,0,1,0.73,56.15,33.26,0,2,0.94,18.52,51.66,133.98,23.934,155.539,0,1,64.34,129.719,58.547
2025-12-09 18:10,33.13,,33.13,28.25,83.9,28.25,0,1,0.73,60.83,33.26,0,2,0.94,18.52,51.66,133.98,94.784,157.681,0,1,64.35,136.808,58.468
2025-12-09 18:20,33.13,,33.13,28.25,86.61,28.25,0,1,0.73,54.98,33.26,0,2,0.94,18.52,51.66,133.98,136.84,156.634,0,1,64.357,140.509,58.677
2025-12-09 18:30,33.13,,33.13,28.25,83.22,28.25,0,1,0.72,59.53,33.25,0,2,0.94,18.52,51.66,133.979,81.795,156.569,0,1,64.368,154.436,58.663
2025-12-09 18:40,33.13,,33.13,28.25,81.19,28.25,0,1,0.73,62,33.26,0,2,0.94,18.52,51.66,133.977,25.876,155.757,0,1,64.376,147.846,58.698
2025-12-09 18:50,33.13,,33.13,28.25,79.84,28.25,0,1,0.73,59.66,33.26,0,2,0.94,18.52,51.66,133.977,22.08,157.248,0,1,64.384,151.536,58.745
2025-12-09 19:00,33.13,,33.13,28.25,75.78,28.25,0,1,0.73,59.66,33.26,0,2,0.94,18.52,51.66,133.976,72.632,153.891,0,1,64.393,144.897,58.746
2025-12-09 19:10,33.13,,33.13,28.25,78.49,28.25,0,1,0.72,60.7,33.25,0,2,0.94,18.52,51.66,133.975,84.482,155.806,0,1,64.4,141.643,58.772
2025-12-09 19:20,33.13,,33.13,28.25,79.16,28.25,0,1,0.72,64.2,33.25,0,2,0.94,18.52,51.66,133.974,52.025,154.711,0,1,64.409,145.367,59.084
2025-12-09 19:30,33.13,,33.13,28.25,77.81,28.25,0,1,0.72,65.37,33.25,0,2,0.93,18.52,51.65,133.973,4.564,154.009,0,1,64.419,149.313,59.418
2025-12-09 19:40,33.13,,33.13,28.25,79.16,28.25,0,1,0.72,61.87,33.25,0,2,0.93,18.52,51.65,133.972,16.078,154.68,0,1,64.428,156.699,59.428
2025-12-09 19:50,33.13,,33.13,28.25,79.95,28.25,0,1,0.72,66.54,33.25,0,2,0.93,18.52,51.65,133.972,51.762,60.097,0,1,64.436,153.63,59.543
2025-12-09 20:00,33.13,,33.13,28.25,79.95,28.25,0,1,0.72,68.87,33.25,0,2,0.93,18.52,51.65,133.974,142.902,0.43,0,1,64.445,150.334,59.364
2025-12-09 20:10,33.13,,33.13,28.25,81.96,28.25,0,1,0.72,70.04,33.25,0,2,0.93,18.52,51.65,133.973,67.763,0.43,0,1,64.452,143.517,59.477
2025-12-09 20:20,33.13,,33.13,28.25,72.56,28.25,0,1,0.72,66.54,33.25,0,2,0.93,18.52,51.65,133.972,0,0.43,0,1,64.46,143.738,59.706
2025-12-09 20:30,33.13,,33.13,28.25,74.57,28.25,0,1,0.72,65.37,33.25,0,2,0.93,18.52,51.65,133.972,0,0.43,0,1,64.466,133.502,59.824
2025-12-09 20:40,33.13,,33.13,28.25,75.24,28.25,0,1,0.72,67.71,33.25,0,2,0.93,18.52,51.65,133.972,0,0.43,0,1,64.477,147.89,59.806
2025-12-09 20:50,33.13,,33.13,28.25,78.6,28.25,0,1,0.72,67.71,33.25,0,2,0.93,18.52,51.65,133.97,0,0.43,0,1,64.487,155.076,59.599
2025-12-09 21:00,33.13,,33.13,28.25,77.93,28.25,0,1,0.73,69.02,33.26,0,2,0.93,18.52,51.65,133.969,0,0.43,0,1,64.49,144.629,59.817
2025-12-09 21:10,33.13,,33.13,28.25,75.24,28.25,0,1,0.72,67.71,33.25,0,2,0.93,18.52,51.65,133.971,0,0.43,0,1,64.49,105.719,59.577
2025-12-09 21:20,33.13,,33.13,28.25,76.59,28.25,0,1,0.73,67.85,33.26,0,2,0.93,18.52,51.65,133.971,59.708,0.43,0,1,64.49,70.39,59.778
2025-12-09 21:30,33.13,,33.13,28.25,77.93,28.25,0,1,0.72,68.87,33.25,0,2,0.93,18.52,51.65,133.972,115.041,0.43,0,1,64.488,52.556,59.645
2025-12-09 21:40,33.13,,33.13,28.25,81.96,28.25,0,1,0.72,66.54,33.25,0,2,0.93,18.52,51.65,133.973,79.486,0.43,0,1,64.486,45.553,59.735
2025-12-09 21:50,33.13,,33.13,28.25,75.92,28.25,0,1,0.72,67.71,33.25,0,2,0.93,18.52,51.65,133.973,47.874,0.43,0,1,64.483,34.877,59.75
2025-12-09 22:00,33.13,,33.13,28.25,75.24,28.25,0,1,0.72,65.37,33.25,0,2,0.93,18.52,51.65,133.972,4.43,0.43,0,1,64.483,42.035,59.786
2025-12-09 22:10,33.13,,33.13,28.25,75.24,28.25,0,1,0.72,65.37,33.25,0,2,0.93,18.52,51.65,133.972,0,0.43,0,1,64.482,45.58,59.703
2025-12-09 22:20,33.13,,33.13,28.25,75.92,28.25,0,1,0.72,64.2,33.25,0,2,0.93,18.52,51.65,133.972,0,0.43,0,1,64.48,49.162,59.829
2025-12-09 22:30,33.13,,33.13,28.25,71.21,28.25,0,1,0.72,65.37,33.25,0,2,0.93,18.52,51.65,133.972,0,0.43,0,1,64.479,45.586,59.727
2025-12-09 22:40,33.13,,33.13,28.25,79.95,28.25,0,1,0.72,61.87,33.25,0,2,0.93,18.52,51.65,133.971,0,0.43,0,1,64.472,24.357,59.683
2025-12-09 22:50,33.13,,33.13,28.25,79.27,28.25,0,1,0.72,60.7,33.25,0,2,0.93,18.52,51.65,133.972,24.152,0.43,0,1,64.47,24.365,59.683
2025-12-09 23:00,33.13,,33.13,28.25,75.24,28.25,0,1,0.73,63.17,33.26,0,2,0.93,18.52,51.65,133.974,99.263,0.43,0,1,64.469,24.327,59.615
2025-12-09 23:10,33.13,,33.13,28.25,71.21,28.25,0,1,0.72,63.04,33.25,0,2,0.92,18.52,51.64,133.975,166.486,0.43,0,1,64.464,31.469,59.776
2025-12-09 23:20,33.13,,33.13,28.25,73.9,28.25,0,1,0.72,64.2,33.25,0,2,0.94,18.52,51.66,133.975,107.152,0.43,0,1,64.46,24.47,59.687
2025-12-09 23:30,33.13,,33.13,28.25,79.27,28.25,0,1,0.72,63.04,33.25,0,2,0.94,18.52,51.66,133.975,35.986,0.43,0,1,64.46,27.99,59.51
2025-12-09 23:40,33.13,,33.13,28.25,75.24,28.25,0,1,0.72,61.87,33.25,0,2,0.94,18.52,51.66,133.975,0,0.43,0,1,64.458,38.483,59.585
2025-12-09 23:50,33.13,,33.13,28.25,74.57,28.25,0,1,0.73,63.17,33.26,0,2,0.94,18.52,51.66,133.975,0,0.43,0,1,64.45,24.357,59.478
2025-12-10 0:00,33.13,,33.13,28.25,77.26,28.25,0,1,0.72,61.87,33.25,0,2,0.94,18.52,51.66,133.974,0,0.43,0,1,64.449,20.875,59.561
2025-12-10 0:10,33.13,,33.13,28.25,78.6,28.25,0,1,0.73,65.51,33.26,0,2,0.94,18.52,51.66,133.973,0,0.43,0,1,64.44,0,59.532
2025-12-10 0:20,33.13,,33.13,28.25,71.88,28.25,0,1,0.72,73.54,33.25,0,2,0.94,18.52,51.66,133.973,0,0.43,0,1,64.44,24.491,59.547
2025-12-10 0:30,33.13,,33.13,28.25,75.92,28.25,0,1,0.73,67.85,33.26,0,2,0.94,18.52,51.66,133.973,0,0.43,0,1,64.44,27.949,59.434
2025-12-10 0:40,33.13,,33.13,28.25,73.9,28.25,0,1,0.72,68.87,33.25,0,2,0.95,18.52,51.67,133.973,16.263,0.43,0,1,64.433,34.992,59.496
2025-12-10 0:50,33.13,,33.13,28.25,73.23,28.25,0,1,0.72,68.87,33.25,0,2,0.95,18.52,51.67,133.974,39.93,0.43,0,1,64.43,24.449,59.418
2025-12-10 1:00,33.13,,33.13,28.25,85.32,28.25,0,1,0.72,66.54,33.25,0,2,0.95,18.52,51.67,133.976,115.097,0.43,0,1,64.427,13.944,59.418
2025-12-10 1:10,33.13,,33.13,28.25,76.59,28.25,0,1,0.72,64.2,33.25,0,2,0.95,18.52,51.67,133.977,146.708,0.43,0,1,64.42,14.044,59.463
2025-12-10 1:20,33.13,,33.13,28.25,81.96,28.25,0,1,0.72,61.87,33.25,0,2,0.95,18.52,51.67,133.977,99.263,0.43,0,1,64.418,17.607,59.441
2025-12-10 1:30,33.13,,33.13,28.25,78.6,28.25,0,1,0.73,63.17,33.26,0,2,0.95,18.52,51.67,133.977,28.097,0.43,0,1,64.41,0.234,59.299
2025-12-10 1:40,33.13,,33.13,28.25,75.24,28.25,0,1,0.72,63.04,33.25,0,2,0.95,18.52,51.67,133.976,0,0.43,0,1,64.41,24.565,59.289
2025-12-10 1:50,33.13,,33.13,28.25,81.29,28.25,0,1,0.73,65.51,33.26,0,2,0.95,18.52,51.67,133.975,0,0.43,0,1,64.41,31.471,59.325
2025-12-10 2:00,33.13,,33.13,28.25,82.63,28.25,0,1,0.73,66.68,33.26,0,2,0.95,18.52,51.67,133.977,0.43,0.43,0,1,64.401,28.097,59.345
2025-12-10 2:10,33.13,,33.13,28.25,80.62,28.25,0,1,0.73,65.51,33.26,0,2,0.95,18.52,51.67,133.977,67.652,0.43,0,1,64.4,24.56,59.178
2025-12-10 2:20,33.13,,33.13,28.25,81.96,28.25,0,1,0.73,70.19,33.26,0,2,0.95,18.52,51.67,133.979,162.541,0.43,0,1,64.391,0,59.353
2025-12-10 2:30,33.13,,33.13,28.25,79.27,28.25,0,1,0.73,64.34,33.26,0,2,0.95,18.52,51.67,133.98,122.986,0.43,0,1,64.39,21.199,59.235
2025-12-10 2:40,33.13,,33.13,28.25,79.27,28.25,0,1,0.72,66.54,33.25,0,2,0.95,18.52,51.67,133.98,99.263,0.43,0,1,64.386,10.873,59.198
2025-12-10 2:50,33.13,,33.13,28.25,81.29,28.25,0,1,0.72,65.37,33.25,0,2,0.95,18.52,51.67,133.979,0.43,0.43,0,1,64.38,21.196,59.155
2025-12-10 3:00,33.13,,33.13,28.25,86.66,28.25,0,1,0.73,64.34,33.26,0,2,0.95,18.52,51.67,133.978,0,0.43,0,1,64.38,24.506,58.832
2025-12-10 3:10,33.13,,33.13,28.25,85.32,28.25,0,1,0.72,65.37,33.25,0,2,0.95,18.52,51.67,133.978,0,0.43,0,1,64.372,10.701,58.781
2025-12-10 3:20,33.13,,33.13,28.25,82.63,28.25,0,1,0.72,63.04,33.25,0,2,0.95,18.52,51.67,133.978,0,0.43,0,1,64.37,24.544,59.186
2025-12-10 3:30,33.13,,33.13,28.25,78.6,28.25,0,1,0.72,61.87,33.25,0,2,0.95,18.52,51.67,133.978,0,0.43,0,1,64.367,14.351,59.251
2025-12-10 3:40,33.13,,33.13,28.25,81.29,28.25,0,1,0.72,63.04,33.25,0,2,0.95,18.52,51.67,133.978,4.374,0.43,0,1,64.36,17.866,58.828
2025-12-10 3:50,33.13,,33.13,28.25,79.95,28.25,0,1,0.72,61.87,33.25,0,2,0.96,18.52,51.68,133.98,55.763,0.43,0,1,64.359,21.187,58.814
2025-12-10 4:00,33.13,,33.13,28.25,79.27,28.25,0,1,0.72,63.04,33.25,0,2,0.96,18.52,51.68,133.981,134.819,0.43,0,1,64.351,3.993,58.835
2025-12-10 4:10,33.13,,33.13,28.25,82.63,28.25,0,1,0.72,63.04,33.25,0,2,0.96,18.52,51.68,133.982,126.986,0.43,0,1,64.35,24.651,58.969
2025-12-10 4:20,33.13,,33.13,28.25,82.63,28.25,0,1,0.72,60.7,33.25,0,2,0.96,18.52,51.68,133.982,107.208,0.43,0,1,64.346,14.454,58.892
2025-12-10 4:30,33.13,,33.13,28.25,83.98,28.25,0,1,0.72,67.71,33.25,0,2,0.96,18.52,51.68,133.982,32.097,0.43,0,1,64.34,21.368,58.91
2025-12-10 4:40,33.13,,33.13,28.25,85.32,28.25,0,1,0.73,67.85,33.26,0,2,0.95,18.52,51.67,133.982,12.263,0.43,0,1,64.34,24.737,58.91
2025-12-10 4:50,33.13,,33.13,28.25,81.29,28.25,0,1,0.73,62,33.26,0,2,0.93,18.52,51.65,133.982,8.319,0.43,0,1,64.33,4.382,58.827
2025-12-10 5:00,33.13,,33.13,28.25,83.31,28.25,0,1,0.72,64.2,33.25,0,2,0.93,18.52,51.65,133.983,63.708,0.43,0,1,64.33,24.84,58.784
2025-12-10 5:10,33.13,,33.13,28.25,79.95,28.25,0,1,0.73,66.68,33.26,0,2,0.93,18.52,51.65,133.983,59.763,0.43,0,1,64.325,7.796,58.777
2025-12-10 5:20,33.13,,33.13,28.25,79.95,28.25,0,1,0.72,68.87,33.25,0,2,0.96,18.52,51.68,133.984,51.819,0.43,0,1,64.32,24.814,58.716
2025-12-10 5:30,33.13,,33.13,28.25,82.63,28.25,0,1,0.72,64.2,33.25,0,2,0.93,18.52,51.65,133.985,67.652,0.43,0,1,64.32,24.76,58.619
2025-12-10 5:40,33.13,,33.13,28.25,84.65,28.25,0,1,0.72,65.37,33.25,0,2,0.95,18.52,51.67,133.985,59.763,0.43,0,1,64.31,7.592,57.94
2025-12-10 5:50,33.13,,33.13,28.25,83.31,28.25,0,1,0.72,64.2,33.25,0,2,0.94,18.52,51.66,133.985,43.93,0.43,0,1,64.31,24.272,57.924
2025-12-10 6:00,33.13,,33.13,28.25,81.96,28.25,0,1,0.72,60.7,33.25,0,2,0.93,18.52,51.65,133.984,0,0.43,0,1,64.302,0,58.182
2025-12-10 6:10,33.13,,33.13,28.25,86.66,28.25,0,1,0.72,57.2,33.25,0,2,0.93,18.52,51.65,133.985,0,0.43,0,1,64.3,24.38,58.201
2025-12-10 6:20,33.13,,33.13,28.26,84.65,28.26,0,1,0.73,58.49,33.26,0,2,0.93,18.52,51.65,133.985,0,0.43,0,1,64.295,7.603,58.259
2025-12-10 6:30,33.13,,33.13,28.26,81.29,28.26,0,1,0.72,59.53,33.25,0,2,0.93,18.52,51.65,133.985,43.93,0.43,0,1,64.29,17.807,58.128
2025-12-10 6:40,33.13,,33.13,28.26,83.98,28.26,0,1,0.72,58.37,33.25,0,2,0.93,18.52,51.65,133.986,43.93,0.43,0,1,64.285,7.663,58.103
2025-12-10 6:50,33.13,,33.13,28.26,83.98,28.26,0,1,0.72,54.86,33.25,0,2,0.95,18.52,51.67,133.987,75.597,0.43,0,1,64.28,7.732,58.131
2025-12-10 7:00,33.13,,33.13,28.26,88.01,28.26,0,1,0.72,58.37,33.25,0,2,0.94,18.52,51.66,133.987,75.541,0.43,0,1,64.279,21.213,58.239
2025-12-10 7:10,33.13,,33.13,28.26,81.96,28.26,0,1,0.72,56.03,33.25,0,2,0.94,18.52,51.66,133.988,91.374,0.43,0,1,64.278,34.703,58.073
2025-12-10 7:20,33.13,,33.13,28.26,85.99,28.26,0,1,0.72,58.37,33.25,0,2,0.93,18.52,51.65,133.989,79.486,0.43,0,1,64.27,24.664,58.013
2025-12-10 7:30,33.13,,33.13,28.26,86.66,28.26,0,1,0.72,58.37,33.25,0,2,0.95,18.52,51.67,133.99,107.263,0.43,0,1,64.267,17.96,58.295
2025-12-10 7:40,33.13,,33.13,28.26,83.98,28.26,0,1,0.72,61.87,33.25,0,2,0.93,18.52,51.65,133.989,51.874,0.43,0,1,64.26,0,58.16
2025-12-10 7:50,33.13,,33.13,28.26,78.6,28.26,0,1,0.72,60.7,33.25,0,2,0.93,18.52,51.65,133.989,8.374,0.43,0,1,64.259,21.451,58.066
2025-12-10 8:00,33.13,,33.13,28.26,79.27,28.26,0,1,0.72,63.04,33.25,0,2,0.94,18.52,51.66,133.989,0,5.545,0,1,64.251,4.891,58.279
2025-12-10 8:10,33.12,,33.12,28.26,75.24,28.26,0,1,0.72,57.2,33.25,0,2,0.96,18.52,51.68,133.986,0,154.059,0,1,64.25,24.921,58.251
2025-12-10 8:20,33.12,,33.12,28.26,75.24,28.26,0,1,0.72,58.37,33.25,0,2,0.93,18.52,51.65,133.985,0,158.319,0,1,64.248,21.616,58.15
2025-12-10 8:30,33.12,,33.12,28.26,74.43,28.26,0,1,0.72,60.7,33.25,0,2,0.94,18.52,51.66,133.986,46.061,157.971,0,1,64.24,21.667,58.265
2025-12-10 8:40,33.12,,33.12,28.26,78.49,28.26,0,1,0.72,61.87,33.25,0,2,0.94,18.52,51.66,133.986,139.042,160.17,0,1,64.24,24.994,58.233
2025-12-10 8:50,33.12,,33.12,28.26,76.46,28.26,0,1,0.71,60.57,33.24,0,2,0.95,18.52,51.67,133.985,151.117,158.876,0,1,64.236,18.424,58.108
2025-12-10 9:00,33.12,,33.12,28.26,79.84,28.26,0,1,0.71,57.08,33.24,0,2,0.96,18.52,51.68,133.987,190.261,156.737,0,1,64.23,24.984,57.778
2025-12-10 9:10,33.12,,33.12,28.26,77.81,28.26,0,1,0.71,61.74,33.24,0,2,0.95,18.52,51.67,133.986,173.809,158.48,0,1,64.225,8.173,57.301
2025-12-10 9:20,33.12,,33.12,28.26,77.13,28.26,0,1,0.71,60.57,33.24,0,2,0.94,18.52,51.66,133.984,96.848,153.326,0,1,64.22,4.725,57.597
2025-12-10 9:30,33.12,,33.12,28.26,78.49,28.26,0,1,0.71,59.41,33.24,0,2,0.93,18.52,51.65,133.982,0,155.667,0,1,64.219,21.194,57.686
2025-12-10 9:40,33.12,,33.12,28.26,77.81,28.26,0,1,0.72,58.37,33.25,0,2,0.95,18.52,51.67,133.98,0,154.941,0,1,64.21,8.257,57.654
2025-12-10 9:50,33.12,,33.12,28.26,79.16,28.26,0,1,0.72,63.04,33.25,0,2,0.94,18.52,51.66,133.979,0,156.565,0,1,64.21,24.763,57.615
2025-12-10 10:00,33.12,,33.12,28.26,73.75,28.26,0,1,0.72,58.37,33.25,0,2,0.95,18.52,51.67,133.98,64.84,155.848,0,1,64.207,18.182,57.611
2025-12-10 10:10,33.12,,33.12,28.26,73.75,28.26,0,1,0.72,59.53,33.25,0,2,0.95,18.52,51.67,133.98,129.585,147.675,0,1,64.207,47.699,57.538
2025-12-10 10:20,33.12,,33.12,28.26,74.43,28.26,0,1,0.72,58.37,33.25,0,2,0.95,18.52,51.67,133.98,165.895,158.661,0,1,64.214,70.784,57.871
2025-12-10 10:30,33.12,,33.12,28.26,78.49,28.26,0,1,0.72,58.37,33.25,0,2,0.95,18.52,51.67,133.98,153.667,154.664,0,1,64.23,133.554,57.921
2025-12-10 10:40,33.12,,33.12,28.26,79.84,28.26,0,1,0.72,56.03,33.25,0,2,0.96,18.52,51.68,133.978,92.505,153.856,0,1,64.24,166.715,57.852
2025-12-10 10:50,33.12,,33.12,28.26,78.49,28.26,0,1,0.72,54.86,33.25,0,2,0.96,18.52,51.68,133.975,0,157.54,0,1,64.241,147.052,57.884
2025-12-10 11:00,33.12,,33.12,28.26,84.58,28.26,0,1,0.72,54.86,33.25,0,2,0.96,18.52,51.68,133.972,0,142.824,0,1,64.247,114.048,57.575
2025-12-10 11:10,33.12,,33.12,28.26,84.58,28.26,0,1,0.72,57.2,33.25,0,2,0.96,18.52,51.68,133.971,0,135.569,0,1,64.25,90.815,57.318
2025-12-10 11:20,33.12,,33.12,28.26,84.58,28.26,0,1,0.72,54.86,33.25,0,2,0.96,18.52,51.68,133.969,0,125.348,0,1,64.26,120.635,57.512
2025-12-10 11:30,33.12,,33.12,28.26,89.99,28.26,0,1,0.72,71.21,33.25,0,2,0.96,18.52,51.68,133.968,0.787,132.779,0,1,64.268,127.59,57.941
2025-12-10 11:40,33.12,,33.12,28.26,85.25,28.26,0,1,0.72,57.2,33.25,0,2,0.96,18.52,51.68,133.966,0,136.452,0,1,64.278,151.209,57.851
2025-12-10 11:50,33.12,,33.12,28.26,83.22,28.26,0,1,0.72,74.71,33.25,0,2,0.96,18.52,51.68,133.965,0,140.117,0,1,64.288,151.693,58.107
2025-12-10 12:00,33.12,,33.12,28.26,81.87,28.26,0,1,0.72,64.2,33.25,0,2,0.96,18.52,51.68,133.966,15.62,103.469,0,1,64.297,155.018,57.275
2025-12-10 12:10,33.12,,33.12,28.26,79.84,28.26,0,1,0.72,56.03,33.25,0,2,0.96,18.52,51.68,133.969,207.839,0.43,0,1,64.3,131.978,58.719
2025-12-10 12:20,33.12,,33.12,28.26,78.49,28.26,0,1,0.72,84.05,33.25,0,2,0.96,18.52,51.68,133.974,370.832,0.43,0,1,64.308,125.677,58.87
2025-12-10 12:30,33.12,,33.12,28.26,78.49,28.26,0,1,0.71,57.08,33.24,0,2,0.96,18.52,51.68,133.969,150.652,0.43,0,1,64.311,105.968,58.649
2025-12-10 12:40,33.12,,33.12,28.26,83.22,28.26,0,1,0.71,57.08,33.24,0,2,0.96,18.52,51.68,133.967,0,0.43,0,1,64.32,126.356,58.717
2025-12-10 12:50,33.12,,33.12,28.26,85.93,28.26,0,1,0.71,57.08,33.24,0,2,0.96,18.52,51.68,133.966,0,0.43,0,1,64.329,129.988,59.099
2025-12-10 13:00,33.12,,33.12,28.26,84.58,28.26,0,1,0.72,53.7,33.25,0,2,0.96,18.52,51.68,133.965,0,0.43,0,1,64.336,143.891,59.357
2025-12-10 13:10,33.12,,33.12,28.26,83.22,28.26,0,1,0.72,54.86,33.25,0,2,0.96,18.52,51.68,133.965,0,0.43,0,1,64.34,127.478,60.145
2025-12-10 13:20,33.12,,33.12,28.26,82.55,28.26,0,1,0.71,54.75,33.24,0,2,0.95,18.52,51.67,133.965,0,0.43,0,1,64.34,96.915,59.076
2025-12-10 13:30,33.12,,33.12,28.26,79.84,28.26,0,1,0.71,60.57,33.24,0,2,0.95,18.52,51.67,133.963,0,0.43,0,1,64.34,72.987,58.907
2025-12-10 13:40,33.12,,33.12,28.26,83.9,28.26,0,1,0.72,64.2,33.25,0,2,0.95,18.52,51.67,133.964,0,0.43,0,1,64.34,59.096,59.305
2025-12-10 13:50,33.12,,33.12,28.26,79.16,28.26,0,1,0.72,56.03,33.25,0,2,0.95,18.52,51.67,133.962,0,0.43,0,1,64.338,52.433,59.421
2025-12-10 14:00,33.12,,33.12,28.26,78.49,28.26,0,1,0.71,55.91,33.24,0,2,0.95,18.52,51.67,133.962,0,0.43,0,1,64.339,55.821,58.904
2025-12-10 14:10,33.12,,33.12,28.26,79.84,28.26,0,1,0.71,54.75,33.24,0,2,0.95,18.52,51.67,133.961,0,0.43,0,1,64.34,59.009,58.702
2025-12-10 14:20,33.12,,33.12,28.26,79.84,28.26,0,1,0.71,54.75,33.24,0,2,0.95,18.52,51.67,133.961,0,0.43,0,1,64.337,55.454,59.091
2025-12-10 14:30,33.12,,33.12,28.26,81.87,28.26,0,1,0.71,55.91,33.24,0,2,0.95,18.52,51.67,133.962,0,0.43,0,1,64.331,31.519,58.433
2025-12-10 14:40,33.12,,33.12,28.26,76.46,28.26,0,1,0.71,55.91,33.24,0,2,0.94,18.52,51.66,133.962,32.041,0.43,0,1,64.33,24.804,58.89
2025-12-10 14:50,33.12,,33.12,28.26,77.13,28.26,0,1,0.71,51.25,33.24,0,2,0.94,18.52,51.66,133.963,67.652,0.43,0,1,64.325,17.798,58.406
2025-12-10 15:00,33.12,,33.12,28.26,77.81,28.26,0,1,0.71,51.25,33.24,0,2,0.94,18.52,51.66,133.963,68.6,3.441,0,1,64.32,21.336,58.711
2025-12-10 15:10,33.12,,33.12,28.26,81.19,28.26,0,1,0.71,50.09,33.24,0,2,0.94,18.52,51.66,133.961,0,148.373,0,1,64.32,24.696,58.804
2025-12-10 15:20,33.12,,33.12,28.26,79.84,28.26,0,1,0.71,53.58,33.24,0,2,0.94,18.52,51.66,133.96,0,155.809,0,1,64.316,28.427,59.265
2025-12-10 15:30,33.12,,33.12,28.26,81.87,28.26,0,1,0.71,59.41,33.24,0,2,0.94,18.52,51.66,133.96,15.823,158.121,0,1,64.31,25.128,58.981
2025-12-10 15:40,33.12,,33.12,28.26,80.52,28.26,0,1,0.72,65.37,33.25,0,2,0.94,18.52,51.66,133.962,207.753,155.164,0,1,64.31,25.133,58.82
2025-12-10 15:50,33.12,,33.12,28.26,81.87,28.26,0,1,0.71,54.75,33.24,0,2,0.94,18.52,51.66,133.962,239.166,155.213,0,1,64.308,31.795,58.75
2025-12-10 16:00,33.12,,33.12,28.26,79.84,28.26,0,1,0.71,52.42,33.24,0,2,0.93,18.52,51.65,133.961,201.232,151.152,0,1,64.3,25.006,58.614
2025-12-10 16:10,33.12,,33.12,28.26,81.87,28.26,0,1,0.71,61.74,33.24,0,2,0.93,18.52,51.65,133.959,39.805,145.05,0,1,64.3,23.572,54.518
2025-12-10 16:20,33.12,,33.12,28.26,85.25,28.26,0,1,0.72,57.2,33.25,0,2,0.93,18.52,51.65,133.957,0,156.656,0,1,64.303,34.92,42.294
2025-12-10 16:30,33.12,,33.12,28.26,87.28,28.26,0,1,0.72,56.03,33.25,0,2,0.93,18.52,51.65,133.958,0,120.157,0,1,64.3,45.694,40.27
2025-12-10 16:40,33.12,,33.12,28.26,84.58,28.26,0,1,0.72,57.2,33.25,0,2,0.93,18.52,51.65,133.955,5.545,178.323,0,1,64.29,10.255,49.201
2025-12-10 16:50,33.12,,33.12,28.26,82.55,28.26,0,1,0.72,57.2,33.25,0,2,0.93,18.52,51.65,133.954,47.448,152.032,0,1,64.297,26.178,49.731
2025-12-10 17:00,33.12,,33.12,28.26,83.9,28.26,0,1,0.72,54.86,33.25,0,2,0.93,18.52,51.65,133.954,22.334,151.48,0,1,64.305,66.23,49.256
2025-12-10 17:10,33.12,,33.12,28.26,85.25,28.26,0,1,0.72,54.86,33.25,0,2,0.93,18.52,51.65,133.953,72.68,151.696,0,1,64.32,150.573,48.899
2025-12-10 17:20,33.12,,33.12,28.26,85.25,28.26,0,1,0.72,53.7,33.25,0,2,0.92,18.52,51.64,133.952,54.449,156.505,0,1,64.33,160.796,49.234
2025-12-10 17:30,33.12,,33.12,28.26,79.84,28.26,0,1,0.72,54.86,33.25,0,2,0.92,18.52,51.64,133.951,43.951,155.653,0,1,64.339,164.612,49.703
2025-12-10 17:40,33.12,,33.12,28.26,83.9,28.26,0,1,0.72,56.03,33.25,0,2,0.92,18.52,51.64,133.95,23.759,150.285,0,1,64.34,117.458,49.604
2025-12-10 17:50,33.12,,33.12,28.26,85.93,28.26,0,1,0.72,56.03,33.25,0,2,0.92,18.52,51.64,133.95,64.32,136.024,0,1,64.348,110.854,49.256
2025-12-10 18:00,33.12,,33.12,28.26,88.68,28.26,0,1,0.72,57.2,33.25,0,2,0.92,18.52,51.64,133.949,51.848,141.736,0,1,64.351,90.396,49.494
2025-12-10 18:10,33.12,,33.12,28.26,90.02,28.26,0,1,0.72,57.2,33.25,0,2,0.92,18.52,51.64,133.948,49.599,155.537,0,1,64.362,124.779,49.754
2025-12-10 18:20,33.12,,33.12,28.26,86.66,28.26,0,1,0.72,58.37,33.25,0,2,0.92,18.52,51.64,133.947,39.844,154.093,0,1,64.374,139.07,50.462
2025-12-10 18:30,33.12,,33.12,28.25,89.35,28.25,0,1,0.72,63.04,33.25,0,2,0.92,18.52,51.64,133.946,31.369,151.976,0,1,64.385,166.944,50.116
2025-12-10 18:40,33.12,,33.12,28.26,92.04,28.26,0,1,0.72,58.37,33.25,0,2,0.91,18.52,51.63,133.943,0,155.78,0,1,64.395,163.916,50.168
2025-12-10 18:50,33.12,,33.12,28.26,88.68,28.26,0,1,0.72,59.53,33.25,0,2,0.91,18.52,51.63,133.944,15.114,57.586,0,1,64.4,140.027,50.63
2025-12-10 19:00,33.12,,33.12,28.26,88.68,28.26,0,1,0.72,61.87,33.25,0,2,0.91,18.52,51.63,133.947,102.876,0.43,0,1,64.41,137.026,50.614
2025-12-10 19:10,33.12,,33.12,28.26,84.65,28.26,0,1,0.72,61.87,33.25,0,2,0.91,18.52,51.63,133.946,126.149,0.43,0,1,64.412,109.489,50.389
2025-12-10 19:20,33.12,,33.12,28.26,85.32,28.26,0,1,0.71,60.57,33.24,0,2,0.91,18.52,51.63,133.945,35.986,0.43,0,1,64.423,130.466,50.563
2025-12-10 19:30,33.12,,33.12,28.26,85.99,28.26,0,1,0.71,58.24,33.24,0,2,0.91,18.52,51.63,133.945,0,0.43,0,1,64.434,134.181,50.59
2025-12-10 19:40,33.12,,33.12,28.26,84.65,28.26,0,1,0.7,65.09,33.23,0,2,0.91,18.52,51.63,133.944,0,0.43,0,1,64.445,165.719,50.338
2025-12-10 19:50,33.12,,33.12,28.26,85.32,28.26,0,1,0.71,67.56,33.24,0,2,0.91,18.52,51.63,133.942,0,0.43,0,1,64.455,162.525,50.481
2025-12-10 20:00,33.12,,33.12,28.26,84.65,28.26,0,1,0.71,66.39,33.24,0,2,0.91,18.52,51.63,133.944,0,0.43,0,1,64.46,141.706,50.632
2025-12-10 20:10,33.12,,33.12,28.26,84.65,28.26,0,1,0.71,61.74,33.24,0,2,0.91,18.52,51.63,133.944,8.319,0.43,0,1,64.46,103.335,50.727
2025-12-10 20:20,33.12,,33.12,28.26,86.66,28.26,0,1,0.72,57.2,33.25,0,2,0.91,18.52,51.63,133.944,67.597,0.43,0,1,64.459,64.776,50.804
2025-12-10 20:30,33.12,,33.12,28.26,86.66,28.26,0,1,0.71,59.41,33.24,0,2,0.91,18.52,51.63,133.946,87.319,0.43,0,1,64.457,40.213,50.774
2025-12-10 20:40,33.12,,33.12,28.25,86.66,28.25,0,1,0.72,58.37,33.25,0,2,0.91,18.52,51.63,133.945,35.986,0.43,0,1,64.46,50.781,50.765
2025-12-10 20:50,33.12,,33.12,28.25,90.02,28.25,0,1,0.71,59.41,33.24,0,2,0.9,18.52,51.62,133.945,51.763,0.43,0,1,64.46,54.283,50.643
2025-12-10 21:00,33.12,,33.12,28.25,89.35,28.25,0,1,0.71,57.08,33.24,0,2,0.9,18.52,51.62,133.946,16.263,0.43,0,1,64.46,61.274,50.748
2025-12-10 21:10,33.12,,33.12,28.25,86.66,28.25,0,1,0.72,63.04,33.25,0,2,0.91,18.52,51.63,133.945,12.263,0.43,0,1,64.457,40.165,50.77
2025-12-10 21:20,33.12,,33.12,28.25,86.66,28.25,0,1,0.71,64.07,33.24,0,2,0.92,18.52,51.64,133.946,43.874,0.43,0,1,64.45,15.607,50.803
2025-12-10 21:30,33.12,,33.12,28.25,84.65,28.25,0,1,0.71,65.23,33.24,0,2,0.91,18.52,51.63,133.946,0,0.43,0,1,64.45,15.69,50.996
2025-12-10 21:40,33.12,,33.12,28.25,85.32,28.25,0,1,0.71,60.57,33.24,0,2,0.91,18.52,51.63,133.945,8.319,0.43,0,1,64.45,26.293,50.913
2025-12-10 21:50,33.12,,33.12,28.25,88.68,28.25,0,1,0.71,64.07,33.24,0,2,0.91,18.52,51.63,133.946,0,0.43,0,1,64.45,50.81,50.52
2025-12-10 22:00,33.12,,33.12,28.25,84.65,28.25,0,1,0.71,69.89,33.24,0,2,0.91,18.52,51.63,133.948,75.486,0.43,0,1,64.442,22.61,50.563
2025-12-10 22:10,33.12,,33.12,28.25,89.35,28.25,0,1,0.71,66.39,33.24,0,2,0.91,18.52,51.63,133.948,99.208,0.43,0,1,64.44,15.594,50.866
2025-12-10 22:20,33.12,,33.12,28.25,86.66,28.25,0,1,0.71,66.39,33.24,0,2,0.91,18.52,51.63,133.95,166.374,0.43,0,1,64.44,15.66,50.718
2025-12-10 22:30,33.12,,33.12,28.25,88.01,28.25,0,1,0.71,65.23,33.24,0,2,0.91,18.52,51.63,133.951,122.93,0.43,0,1,64.44,43.76,50.696
2025-12-10 22:40,33.12,,33.12,28.25,85.99,28.25,0,1,0.71,66.39,33.24,0,2,0.91,18.52,51.63,133.949,47.874,0.43,0,1,64.436,36.594,50.369
2025-12-10 22:50,33.12,,33.12,28.25,87.34,28.25,0,1,0.71,67.56,33.24,0,2,0.91,18.52,51.63,133.948,0,0.43,0,1,64.43,15.536,50.543
2025-12-10 23:00,33.12,,33.12,28.25,83.98,28.25,0,1,0.71,62.9,33.24,0,2,0.92,18.52,51.64,133.948,0,0.43,0,1,64.43,15.333,50.088
2025-12-10 23:10,33.12,,33.12,28.25,89.35,28.25,0,1,0.71,62.9,33.24,0,2,0.92,18.52,51.64,133.946,0,0.43,0,1,64.429,25.85,50.418
2025-12-10 23:20,33.12,,33.12,28.25,86.66,28.25,0,1,0.71,60.57,33.24,0,2,0.92,18.52,51.64,133.947,0,0.43,0,1,64.425,32.879,50.464
2025-12-10 23:30,33.12,,33.12,28.25,86.66,28.25,0,1,0.71,60.57,33.24,0,2,0.92,18.52,51.64,133.947,0,0.43,0,1,64.42,15.531,50.378
2025-12-10 23:40,33.12,,33.12,28.25,86.66,28.25,0,1,0.71,62.9,33.24,0,2,0.92,18.52,51.64,133.947,39.93,0.43,0,1,64.42,18.99,50.295
2025-12-10 23:50,33.12,,33.12,28.25,84.65,28.25,0,1,0.71,62.9,33.24,0,2,0.93,18.52,51.65,133.947,12.319,0.43,0,1,64.419,29.412,50.397
2025-12-11 0:00,33.12,,33.12,28.25,86.66,28.25,0,1,0.71,62.9,33.24,0,2,0.93,18.52,51.65,133.948,20.152,0.43,0,1,64.41,15.437,49.952
2025-12-11 0:10,33.12,,33.12,28.25,85.32,28.25,0,1,0.71,65.23,33.24,0,2,0.92,18.52,51.64,133.948,39.93,0.43,0,1,64.41,15.432,50.28
2025-12-11 0:20,33.12,,33.12,28.25,87.34,28.25,0,1,0.71,62.9,33.24,0,2,0.91,18.52,51.63,133.946,0,0.43,0,1,64.403,0,50.466
2025-12-11 0:30,33.12,,33.12,28.25,85.99,28.25,0,1,0.71,59.41,33.24,0,2,0.93,18.52,51.65,133.952,166.374,0.43,0,1,64.4,15.503,49.931
2025-12-11 0:40,33.12,,33.12,28.25,85.32,28.25,0,1,0.71,60.57,33.24,0,2,0.93,18.52,51.65,133.952,154.541,0.43,0,1,64.4,15.519,50.326
2025-12-11 0:50,33.12,,33.12,28.25,88.01,28.25,0,1,0.71,61.74,33.24,0,2,0.93,18.52,51.65,133.952,233.541,0.43,0,1,64.4,39.754,50.337
2025-12-11 1:00,33.12,,33.12,28.25,90.02,28.25,0,1,0.71,65.23,33.24,0,2,0.91,18.52,51.63,133.952,0,0.43,0,1,64.394,29.688,50.566
2025-12-11 1:10,33.12,,33.12,28.25,85.32,28.25,0,1,0.71,66.39,33.24,0,2,0.93,18.52,51.65,133.953,35.986,0.43,0,1,64.39,15.787,50.125
2025-12-11 1:20,33.12,,33.12,28.25,86.66,28.25,0,1,0.71,61.74,33.24,0,2,0.94,18.52,51.66,133.954,103.152,0.43,0,1,64.39,15.765,50.271
2025-12-11 1:30,33.12,,33.12,28.25,84.65,28.25,0,1,0.71,61.74,33.24,0,2,0.92,18.52,51.64,133.954,91.319,0.43,0,1,64.384,15.616,50.119
2025-12-11 1:40,33.11,,33.11,28.25,83.98,28.25,0,1,0.7,60.44,33.23,0,2,0.92,18.52,51.64,133.953,0,0.43,0,1,64.38,15.677,50.307
2025-12-11 1:50,33.11,,33.11,28.25,83.31,28.25,0,1,0.71,55.91,33.24,0,2,0.94,18.52,51.66,133.953,0,0.43,0,1,64.38,15.671,50.254
2025-12-11 2:00,33.11,,33.11,28.25,85.99,28.25,0,1,0.7,62.76,33.23,0,2,0.92,18.52,51.64,133.953,0,0.43,0,1,64.37,1.999,50.103
2025-12-11 2:10,33.11,,33.11,28.25,82.63,28.25,0,1,0.71,61.74,33.24,0,2,0.94,18.52,51.66,133.953,24.152,0.43,0,1,64.371,19.281,50.319
2025-12-11 2:20,33.11,,33.11,28.25,83.98,28.25,0,1,0.7,58.12,33.23,0,2,0.94,18.52,51.66,133.953,0,0.43,0,1,64.37,15.881,50.387
2025-12-11 2:30,33.11,,33.11,28.25,82.63,28.25,0,1,0.71,57.08,33.24,0,2,0.93,18.52,51.65,133.953,0,0.43,0,1,64.366,36.67,50.472
2025-12-11 2:40,33.11,,33.11,28.25,94.05,28.25,0,1,0.71,59.41,33.24,0,2,0.93,18.52,51.65,133.954,12.263,0.43,0,1,64.36,12.573,50.195
2025-12-11 2:50,33.11,,33.11,28.25,84.04,28.25,0,1,0.71,61.74,33.24,0,2,0.94,18.52,51.66,133.954,55.763,0.43,0,1,64.36,15.832,49.829
2025-12-11 3:00,33.11,,33.11,28.25,95.4,28.25,0,1,0.71,57.08,33.24,0,2,0.94,18.52,51.66,133.955,87.374,0.43,0,1,64.355,12.361,50.225
2025-12-11 3:10,33.11,,33.11,28.25,88.68,28.25,0,1,0.7,61.6,33.23,0,2,0.95,18.52,51.67,133.955,59.708,0.43,0,1,64.35,15.783,49.961
2025-12-11 3:20,33.11,,33.11,28.25,94.05,28.25,0,1,0.71,60.57,33.24,0,2,0.94,18.52,51.66,133.957,99.208,0.43,0,1,64.35,15.91,50.21
2025-12-11 3:30,33.11,,33.11,28.25,92.04,28.25,0,1,0.71,62.9,33.24,0,2,0.92,18.52,51.64,133.956,59.708,0.43,0,1,64.348,26.184,50.215
2025-12-11 3:40,33.11,,33.11,28.25,88.68,28.25,0,1,0.71,58.24,33.24,0,2,0.92,18.52,51.64,133.957,67.597,0.43,0,1,64.34,15.93,49.866
2025-12-11 3:50,33.11,,33.11,28.25,88.68,28.25,0,1,0.7,62.76,33.23,0,2,0.94,18.52,51.66,133.957,16.263,0.43,0,1,64.34,15.914,50.16
2025-12-11 4:00,33.11,,33.11,28.25,96.74,28.25,1,2,0.7,67.41,33.23,0,2,0.93,18.52,51.65,133.957,39.93,0.43,0,1,64.337,12.478,50.076
2025-12-11 4:10,33.11,,33.11,28.25,96.07,28.25,0,2,0.7,75.55,33.23,1,3,0.92,18.52,51.64,133.957,16.263,0.43,0,1,64.33,16.092,50.041
2025-12-11 4:20,33.11,,33.11,28.25,89.35,28.25,0,2,0.7,76.71,33.23,0,3,0.92,18.52,51.64,133.957,8.319,0.43,0,1,64.33,16.028,49.967
2025-12-11 4:30,33.11,,33.11,28.25,93.38,28.25,0,2,0.7,73.23,33.23,1,4,0.92,18.52,51.64,133.958,35.986,0.43,0,1,64.327,16.016,50.04
2025-12-11 4:40,33.11,,33.11,28.25,94.73,28.25,1,3,0.7,72.06,33.23,1,5,0.92,18.52,51.64,133.959,63.652,0.43,0,1,64.322,22.969,50.399
2025-12-11 4:50,33.11,,33.11,28.25,95.4,28.25,0,3,0.71,69.89,33.24,0,5,0.93,18.52,51.65,133.959,59.708,0.43,0,1,64.32,16.24,50.115
2025-12-11 5:00,33.11,,33.11,28.25,97.41,28.25,0,3,0.71,71.05,33.24,1,6,0.92,18.52,51.64,133.958,0,0.43,0,1,64.316,12.867,49.921
2025-12-11 5:10,33.11,,33.11,28.25,100.77,28.25,0,3,0.7,73.23,33.23,1,7,0.93,18.52,51.65,133.958,0,0.43,1,2,64.31,9.441,50.288
2025-12-11 5:20,33.11,,33.11,28.25,96.07,28.25,1,4,0.7,80.2,33.23,1,8,0.93,18.52,51.65,133.961,87.374,0.43,0,2,64.31,16.086,49.715
2025-12-11 5:30,33.11,,33.11,28.25,86.66,28.25,1,5,0.7,87.17,33.23,0,8,0.93,18.52,51.65,133.962,158.486,0.43,0,2,64.306,16.14,49.917
2025-12-11 5:40,33.11,,33.11,28.25,92.04,28.25,1,6,0.7,86.01,33.23,1,9,0.93,18.52,51.65,133.961,115.041,0.43,0,2,64.301,19.415,49.78
2025-12-11 5:50,33.11,,33.11,28.25,90.7,28.25,0,6,0.7,77.87,33.23,0,9,0.93,18.52,51.65,133.962,16.263,0.43,0,2,64.299,12.795,50.02
2025-12-11 6:00,33.1,,33.1,28.25,94.05,28.25,1,7,0.71,73.38,33.24,1,10,0.94,18.52,51.66,133.962,0,0.43,1,3,64.295,12.71,49.664
2025-12-11 6:10,33.1,,33.1,28.25,100.82,28.25,1,8,0.71,82.7,33.24,1,11,0.93,18.52,51.65,133.961,0,0.43,0,3,64.294,26.231,49.675
2025-12-11 6:20,33.1,,33.1,28.25,100.82,28.25,1,9,0.71,88.53,33.24,0,11,0.94,18.52,51.66,133.962,0.43,0.43,0,3,64.295,36.209,49.789
2025-12-11 6:30,33.1,,33.1,28.26,106.15,28.26,1,10,0.71,88.53,33.24,1,12,0.94,18.52,51.66,133.963,71.541,0.43,0,3,64.293,42.818,49.157
2025-12-11 6:40,33.1,,33.1,28.26,99.43,28.26,1,11,0.71,86.2,33.24,0,12,0.94,18.52,51.66,133.964,146.652,0.43,0,3,64.29,36.071,49.602
2025-12-11 6:50,33.1,,33.1,28.26,99.46,28.26,1,12,0.71,83.87,33.24,2,14,0.94,18.52,51.66,133.966,190.152,0.43,0,3,64.288,25.818,49.196
2025-12-11 7:00,33.1,,33.1,28.26,98.79,28.26,1,13,0.71,87.36,33.24,1,15,0.94,18.52,51.66,133.967,154.597,0.43,0,3,64.279,2.422,49.469
2025-12-11 7:10,33.1,,33.1,28.26,98.11,28.26,1,14,0.7,90.66,33.23,1,16,0.95,18.52,51.67,133.964,0,0.43,0,3,64.27,0,49.427
2025-12-11 7:20,33.1,,33.1,28.26,95.4,28.26,1,15,0.7,87.17,33.23,0,16,0.96,18.52,51.68,133.962,0,0.43,1,4,64.27,0,49.357
2025-12-11 7:30,33.1,,33.1,28.26,88.64,28.26,0,15,0.7,87.17,33.23,0,16,0.96,18.52,51.68,133.96,0,0.43,0,4,64.27,19.224,49.22
2025-12-11 7:40,33.1,,33.1,28.26,90.67,28.26,0,15,0.7,81.36,33.23,1,17,0.95,18.52,51.67,133.961,0,0.43,1,5,64.27,49.307,49.345
2025-12-11 7:50,33.1,,33.1,28.26,89.31,28.26,0,15,0.71,79.21,33.24,0,17,0.96,18.52,51.68,133.962,4.374,0.43,1,6,64.271,52.617,49.285
2025-12-11 8:00,33.1,,33.1,28.26,90.67,28.26,0,15,0.71,76.88,33.24,0,17,0.96,18.52,51.68,133.965,164.898,7.668,1,7,64.27,49.292,49.247
2025-12-11 8:10,33.1,,33.1,28.26,91.34,28.26,0,15,0.71,78.04,33.24,0,17,0.96,18.52,51.68,133.96,0,154.778,1,8,64.263,25.893,49.315
2025-12-11 8:20,33.1,,33.1,28.26,90.67,28.26,0,15,0.71,75.71,33.24,0,17,0.96,18.52,51.68,133.961,51.158,157.027,0,8,64.26,12.593,49.384
2025-12-11 8:30,33.1,,33.1,28.26,92.7,28.26,0,15,0.71,76.88,33.24,0,17,0.96,18.52,51.68,133.962,38.453,159.221,0,8,64.258,9.242,49.195
2025-12-11 8:40,33.1,,33.1,28.26,96.08,28.26,0,15,0.71,76.88,33.24,0,17,0.96,18.52,51.68,133.964,312.186,157.976,0,8,64.256,25.951,49.275
2025-12-11 8:50,33.1,,33.1,28.26,96.76,28.26,0,15,0.71,76.88,33.24,0,17,0.96,18.52,51.68,133.966,356.901,160.507,0,8,64.25,15.954,49.225
2025-12-11 9:00,33.1,,33.1,28.26,96.76,28.26,0,15,0.71,74.55,33.24,0,17,0.97,18.52,51.69,133.97,506.568,157.722,0,8,64.25,22.534,48.935
2025-12-11 9:10,33.1,,33.1,28.26,95.4,28.26,0,15,0.71,72.22,33.24,0,17,0.97,18.52,51.69,133.972,458.177,154.97,0,8,64.241,0,48.886
2025-12-11 9:20,33.1,,33.1,28.26,97.43,28.26,0,15,0.71,73.38,33.24,0,17,0.97,18.52,51.69,133.969,289.706,153.26,0,8,64.24,15.681,48.89
2025-12-11 9:30,33.1,,33.1,28.26,94.73,28.26,0,15,0.71,72.22,33.24,0,17,0.97,18.52,51.69,133.966,0,148.199,0,8,64.24,15.646,48.83
2025-12-11 9:40,33.1,,33.1,28.26,98.79,28.26,0,15,0.71,71.05,33.24,0,17,0.98,18.52,51.7,133.963,0,150.578,0,8,64.24,45.526,48.858
2025-12-11 9:50,33.1,,33.1,28.26,99.46,28.26,0,15,0.71,73.38,33.24,0,17,0.98,18.52,51.7,133.959,0,154.541,0,8,64.23,15.829,48.967
2025-12-11 10:00,33.1,,33.1,28.26,96.08,28.26,0,15,0.71,69.89,33.24,0,17,0.98,18.52,51.7,133.958,0,155.312,0,8,64.23,15.891,49.013
2025-12-11 10:10,33.1,,33.1,28.26,98.81,28.26,0,15,0.71,69.89,33.24,0,17,0.98,18.52,51.7,133.957,0,156.887,0,8,64.231,19.254,49.115
2025-12-11 10:20,33.1,,33.1,28.26,98.81,28.26,0,15,0.71,67.56,33.24,0,17,0.99,18.52,51.71,133.958,117.504,158.814,0,8,64.244,95.533,49.471
2025-12-11 10:30,33.1,,33.1,28.26,99.49,28.26,0,15,0.71,73.38,33.24,0,17,0.99,18.52,51.71,133.957,118.416,158.047,0,8,64.26,148.864,49.341
2025-12-11 10:40,33.1,,33.1,28.26,97.44,28.26,0,15,0.71,71.05,33.24,0,17,0.99,18.52,51.71,133.954,14.522,153.539,0,8,64.27,179.043,49.319
2025-12-11 10:50,33.1,,33.1,28.26,98.81,28.26,0,15,0.71,72.22,33.24,0,17,0.99,18.52,51.71,133.951,0,157.612,0,8,64.275,152.675,49.365
2025-12-11 11:00,33.1,,33.1,28.26,95.4,28.26,0,15,0.71,67.56,33.24,0,17,1,18.52,51.72,133.945,0,148.061,0,8,64.28,116.068,49.022
2025-12-11 11:10,33.1,,33.1,28.26,100.17,28.26,0,15,0.71,83.87,33.24,0,17,1,18.52,51.72,133.944,0,156.441,0,8,64.284,96.139,49.364
2025-12-11 11:20,33.1,,33.1,28.26,99.49,28.26,0,15,0.71,67.56,33.24,0,17,0.97,18.52,51.69,133.944,0,155.468,0,8,64.293,109.662,49.434
2025-12-11 11:30,33.1,,33.1,28.26,98.81,28.26,0,15,0.71,66.39,33.24,0,17,0.97,18.52,51.69,133.945,143.949,143.771,0,8,64.304,130.096,49.324
2025-12-11 11:40,33.1,,33.1,28.26,99.49,28.26,0,15,0.71,80.37,33.24,0,17,0.98,18.52,51.7,133.949,277.667,0.43,0,8,64.317,160.728,49.593
2025-12-11 11:50,33.1,,33.1,28.26,98.12,28.26,0,15,0.71,66.39,33.24,0,17,0.98,18.52,51.7,133.953,435.432,0.43,0,8,64.327,164.446,49.588
2025-12-11 12:00,33.1,,33.1,28.26,97.44,28.26,0,15,0.7,62.76,33.23,0,17,0.98,18.52,51.7,133.952,277.041,0.43,0,8,64.337,161.434,49.455
2025-12-11 12:10,33.1,,33.1,28.26,99.49,28.26,0,15,0.71,59.41,33.24,0,17,0.98,18.52,51.7,133.952,146.652,0.43,0,8,64.341,131.123,49.659
2025-12-11 12:20,33.1,,33.1,28.26,96.08,28.26,0,15,0.7,61.6,33.23,0,17,0.99,18.52,51.71,133.956,122.93,0.43,0,8,64.35,128.149,50.168
2025-12-11 12:30,33.1,,33.1,28.26,97.44,28.26,0,15,0.7,60.44,33.23,0,17,0.99,18.52,51.71,133.956,158.486,0.43,0,8,64.358,121.825,50.315
2025-12-11 12:40,33.1,,33.1,28.26,94.72,28.26,0,15,0.7,56.95,33.23,0,17,0.98,18.52,51.7,133.947,0,0.43,0,8,64.369,146.069,50.225
2025-12-11 12:50,33.1,,33.1,28.26,95.4,28.26,0,15,0.7,65.09,33.23,0,17,0.98,18.52,51.7,133.947,0,0.43,0,8,64.373,129.212,50.429
2025-12-11 13:00,33.1,,33.1,28.26,93.35,28.26,0,15,0.7,72.06,33.23,0,17,0.98,18.52,51.7,133.946,0,0.43,0,8,64.38,125.947,50.52
2025-12-11 13:10,33.1,,33.1,28.26,96.08,28.26,0,15,0.7,63.93,33.23,0,17,0.98,18.52,51.7,133.947,0,0.43,0,8,64.371,57.619,51.243
2025-12-11 13:20,33.1,,33.1,28.26,96.08,28.26,0,15,0.7,62.76,33.23,0,17,0.99,18.52,51.71,133.947,0,0.43,0,8,64.37,40.388,50.402
2025-12-11 13:30,33.1,,33.1,28.26,97.44,28.26,0,15,0.7,63.93,33.23,0,17,0.99,18.52,51.71,133.945,0,0.43,0,8,64.37,16.13,49.912
2025-12-11 13:40,33.1,,33.1,28.26,96.76,28.26,0,15,0.7,66.25,33.23,0,17,0.99,18.52,51.71,133.947,20.152,0.43,0,8,64.37,46.412,49.256
2025-12-11 13:50,33.1,,33.1,28.26,95.4,28.26,0,15,0.7,68.58,33.23,0,17,1,18.52,51.72,133.947,16.208,0.43,0,8,64.378,76.912,49.067
2025-12-11 14:00,33.1,,33.1,28.26,94.04,28.26,0,15,0.7,58.12,33.23,0,17,0.99,18.52,51.71,133.945,16.208,0.43,0,8,64.379,80.201,49.446
2025-12-11 14:10,33.1,,33.1,28.26,95.4,28.26,0,15,0.7,56.95,33.23,0,17,0.99,18.52,51.71,133.941,0,85.478,0,8,64.37,49.356,49.555
2025-12-11 14:20,33.1,,33.1,28.26,93.35,28.26,0,15,0.7,56.95,33.23,0,17,0.99,18.52,51.71,133.933,0,149.621,0,8,64.369,18.577,49.564
2025-12-11 14:30,33.1,,33.1,28.26,91.31,28.26,0,15,0.7,62.76,33.23,0,17,0.99,18.52,51.71,133.931,0,153.313,0,8,64.361,0,49.733
2025-12-11 14:40,33.1,,33.1,28.26,94.04,28.26,0,15,0.71,82.7,33.24,0,17,0.99,18.52,51.71,133.934,0,152.841,0,8,64.36,15.425,49.979
2025-12-11 14:50,33.1,,33.1,28.26,91.31,28.26,0,15,0.69,84.67,33.22,0,17,0.99,18.52,51.71,133.935,225.659,157.49,0,8,64.36,19.13,50.344
2025-12-11 15:00,33.1,,33.1,28.26,95.4,28.26,0,15,0.7,90.66,33.23,0,17,0.99,18.52,51.71,133.936,347.986,152.959,0,8,64.366,67.324,50.148
2025-12-11 15:10,33.1,,33.1,28.26,96.76,28.26,0,15,0.69,92.78,33.22,0,17,1,18.52,51.72,133.936,248.335,150.222,0,8,64.362,56.938,49.655
2025-12-11 15:20,33.1,,33.1,28.26,102.21,28.26,0,15,0.7,94.15,33.23,0,17,1,18.52,51.72,133.936,198.693,150.731,0,8,64.358,43.325,50.672
2025-12-11 15:30,33.1,,33.1,28.26,100.85,28.26,0,15,0.69,90.46,33.22,0,17,1,18.52,51.72,133.935,121.612,158.717,0,8,64.351,0,50.363
2025-12-11 15:40,33.1,,33.1,28.26,102.21,28.26,0,15,0.7,88.34,33.23,0,17,1,18.52,51.72,133.933,37.223,157.722,0,8,64.35,9.276,50.126
2025-12-11 15:50,33.1,,33.1,28.26,100.85,28.26,0,15,0.69,89.3,33.22,0,17,1,18.52,51.72,133.929,0,156.418,0,8,64.35,22.752,49.934
2025-12-11 16:00,33.1,,33.1,28.26,102.21,28.26,0,15,0.7,90.66,33.23,0,17,1,18.52,51.72,133.926,0,158.331,0,8,64.36,80.883,50.09
2025-12-11 16:10,33.1,,33.1,28.26,100.85,28.26,0,15,0.7,91.82,33.23,0,17,1.01,18.52,51.73,133.924,0,153.101,0,8,64.375,135.784,50.161
2025-12-11 16:20,33.1,,33.1,28.26,98.81,28.26,0,15,0.69,88.14,33.22,0,17,1.01,18.52,51.73,133.921,0,156.378,0,8,64.386,173.866,50.347
2025-12-11 16:30,33.1,,33.1,28.26,99.49,28.26,0,15,0.7,92.98,33.23,0,17,1.02,18.52,51.74,133.92,0,157.621,0,8,64.39,153.651,50.611
2025-12-11 16:40,33.1,,33.1,28.26,100.85,28.26,0,15,0.7,92.98,33.23,0,17,1.02,18.52,51.74,133.918,0,153.187,0,8,64.39,102.227,50.39
2025-12-11 16:50,33.1,,33.1,28.26,102.21,28.26,0,15,0.7,89.5,33.23,0,17,1.02,18.52,51.74,133.918,57.268,157.162,0,8,64.398,92.023,50.569
2025-12-11 17:00,33.09,,33.09,28.26,100.85,28.26,0,15,0.7,90.66,33.23,0,17,1.03,18.52,51.75,133.918,84.604,156.629,0,8,64.406,105.898,50.569
2025-12-11 17:10,33.09,,33.09,28.26,104.94,28.26,0,15,0.7,91.82,33.23,0,17,1.04,18.52,51.76,133.919,162.95,151.392,0,8,64.418,147.638,50.444
2025-12-11 17:20,33.09,,33.09,28.26,96.76,28.26,0,15,0.7,90.66,33.23,0,17,1.06,18.52,51.78,133.917,91.682,144.693,0,8,64.43,161.775,50.479
2025-12-11 17:30,33.09,,33.09,28.26,99.49,28.26,0,15,0.7,91.82,33.23,0,17,1.05,18.52,51.77,133.917,74.925,70.69,0,8,64.439,165.526,50.489
2025-12-11 17:40,33.09,,33.09,28.26,101.53,28.26,0,15,0.7,94.15,33.23,0,17,1.05,18.52,51.77,133.923,261.493,0.43,0,8,64.447,151.885,50.688
2025-12-11 17:50,33.09,,33.09,28.26,104.94,28.26,0,15,0.69,91.62,33.22,0,17,1.06,18.52,51.78,133.927,430.517,0.43,0,8,64.451,124.223,50.826
2025-12-11 18:00,33.09,,33.09,28.26,106.98,28.26,0,15,0.7,87.17,33.23,0,17,1.09,18.52,51.81,133.929,454.486,0.43,0,8,64.46,124.501,50.821
2025-12-11 18:10,33.09,,33.09,28.26,109.03,28.26,0,15,0.7,90.66,33.23,0,17,1.07,18.52,51.79,133.931,316.319,0.43,0,8,64.469,128.205,50.8
2025-12-11 18:20,33.09,,33.09,28.25,107.66,28.25,0,15,0.7,89.5,33.23,0,17,1.07,18.52,51.79,133.931,154.43,0.43,0,8,64.478,146.044,51.01
2025-12-11 18:30,33.09,,33.09,28.26,104.26,28.26,0,15,0.7,95.31,33.23,0,17,1.08,18.52,51.8,133.929,16.208,0.43,0,8,64.488,149.884,51.174
2025-12-11 18:40,33.09,,33.09,28.26,98.12,28.26,0,15,0.69,96.26,33.22,0,17,1.08,18.52,51.8,133.928,0,0.43,0,8,64.496,146.598,50.776
2025-12-11 18:50,33.09,,33.09,28.26,102.89,28.26,0,15,0.71,93.19,33.24,0,17,1.1,18.52,51.82,133.926,0,0.43,0,8,64.5,129.046,51.188
2025-12-11 19:00,33.09,,33.09,28.26,106.98,28.26,0,15,0.7,88.34,33.23,0,17,1.09,18.52,51.81,133.925,0,0.43,0,8,64.499,89.947,50.709
2025-12-11 19:10,33.09,,33.09,28.25,105.62,28.25,0,15,0.7,90.66,33.23,0,17,1.1,18.52,51.82,133.925,0,0.43,0,8,64.492,36.73,50.794
2025-12-11 19:20,33.09,,33.09,28.25,104.26,28.25,0,15,0.7,90.66,33.23,0,17,1.11,18.52,51.83,133.925,0,0.43,0,8,64.49,15.325,50.971
2025-12-11 19:30,33.09,,33.09,28.25,101.49,28.25,0,15,0.7,89.5,33.23,0,17,1.12,18.52,51.84,133.924,0,0.43,0,8,64.49,18.933,50.868
2025-12-11 19:40,33.09,,33.09,28.25,96.76,28.25,0,15,0.7,87.17,33.23,0,17,1.1,18.52,51.82,133.926,51.763,0.43,0,8,64.492,50.949,51.007
2025-12-11 19:50,33.09,,33.09,28.25,90.67,28.25,0,15,0.7,80.2,33.23,0,17,1.11,18.52,51.83,133.925,20.152,0.43,0,8,64.495,68.696,51.046
2025-12-11 20:00,33.09,,33.09,28.24,94.05,28.24,0,15,0.69,81.19,33.22,0,17,1.12,18.52,51.84,133.927,118.874,0.43,0,8,64.499,82.919,50.872
2025-12-11 20:10,33.09,,33.09,28.24,101.53,28.24,0,15,0.7,81.36,33.23,0,17,1.1,18.52,51.82,133.929,130.708,0.43,0,8,64.495,61.599,51.045
2025-12-11 20:20,33.09,,33.09,28.24,98.79,28.24,0,15,0.71,82.7,33.24,0,17,1.11,18.52,51.83,133.929,150.486,0.43,0,8,64.49,33.275,51.076
2025-12-11 20:30,33.09,,33.09,28.25,96.76,28.25,0,15,0.7,83.69,33.23,0,17,1.11,18.52,51.83,133.927,8.374,0.43,0,8,64.486,4.909,50.939
2025-12-11 20:40,33.09,,33.09,28.25,100.14,28.25,0,15,0.7,80.2,33.23,0,17,1.11,18.52,51.83,133.928,0,0.43,0,8,64.48,0,51.001
2025-12-11 20:50,33.09,,33.09,28.25,102.17,28.25,0,15,0.7,76.71,33.23,0,17,1.11,18.52,51.83,133.929,4.374,0.43,0,8,64.48,15.543,51.022
2025-12-11 21:00,33.09,,33.09,28.25,100.14,28.25,0,15,0.69,73.07,33.22,0,17,1.12,18.52,51.84,133.932,166.263,0.43,0,8,64.484,43.882,50.957
2025-12-11 21:10,33.09,,33.09,28.24,93.37,28.24,0,15,0.7,73.23,33.23,0,17,1.12,18.52,51.84,133.934,241.319,0.43,0,8,64.48,51.049,51.168
2025-12-11 21:20,33.09,,33.09,28.24,95.4,28.24,0,15,0.7,81.36,33.23,0,17,1.12,18.52,51.84,133.935,241.319,0.43,0,8,64.48,51.032,50.971
2025-12-11 21:30,33.09,,33.09,28.24,94.73,28.24,0,15,0.71,81.54,33.24,0,17,1.12,18.52,51.84,133.935,134.708,0.43,0,8,64.473,12.138,50.942
2025-12-11 21:40,33.09,,33.09,28.24,92.02,28.24,0,15,0.71,83.87,33.24,0,17,1.11,18.52,51.83,133.935,28.097,0.43,0,8,64.47,15.59,50.858
2025-12-11 21:50,33.1,,33.1,28.24,90.67,28.24,0,15,0.71,80.37,33.24,0,17,1.11,18.52,51.83,133.934,0,0.43,0,8,64.465,0,50.952
2025-12-11 22:00,33.1,,33.1,28.25,92.02,28.25,0,15,0.71,80.37,33.24,0,17,1.11,18.52,51.83,133.932,0,0.43,0,8,64.46,5.054,50.852
2025-12-11 22:10,33.1,,33.1,28.24,92.7,28.24,0,15,0.7,79.04,33.23,0,17,1.11,18.52,51.83,133.932,0,0.43,0,8,64.46,15.812,51.299
2025-12-11 22:20,33.1,,33.1,28.24,91.34,28.24,0,15,0.71,83.87,33.24,0,17,1.11,18.52,51.83,133.932,0,0.43,0,8,64.46,33.401,50.884
2025-12-11 22:30,33.1,,33.1,28.24,93.37,28.24,0,15,0.71,83.87,33.24,0,17,1.11,18.52,51.83,133.932,0,0.43,0,8,64.46,50.983,50.767
2025-12-11 22:40,33.1,,33.1,28.25,91.34,28.25,0,15,0.71,85.03,33.24,0,17,1.11,18.52,51.83,133.933,16.263,0.43,0,8,64.46,50.797,50.741
2025-12-11 22:50,33.1,,33.1,28.25,94.73,28.25,0,15,0.71,82.7,33.24,0,17,1.11,18.52,51.83,133.934,79.43,0.43,0,8,64.452,22.578,50.727
2025-12-11 23:00,33.1,,33.1,28.25,94.05,28.25,0,15,0.71,80.37,33.24,0,17,1.1,18.52,51.82,133.933,55.763,0.43,0,8,64.45,15.573,50.753
2025-12-11 23:10,33.1,,33.1,28.25,92.7,28.25,0,15,0.71,85.03,33.24,0,17,1.1,18.52,51.82,133.934,71.486,0.43,0,8,64.441,0,51.357
2025-12-11 23:20,33.1,,33.1,28.25,90.67,28.25,0,15,0.71,83.87,33.24,0,17,1.1,18.52,51.82,133.935,51.763,0.43,0,8,64.44,8.888,50.72
2025-12-11 23:30,33.1,,33.1,28.24,91.34,28.24,0,15,0.71,83.87,33.24,0,17,1.1,18.52,51.82,133.937,122.819,0.43,0,8,64.44,15.864,50.68
2025-12-11 23:40,33.1,,33.1,28.25,89.31,28.25,0,15,0.71,81.54,33.24,0,17,1.1,18.52,51.82,133.937,91.319,0.43,0,8,64.44,47.11,50.43
2025-12-11 23:50,33.1,,33.1,28.25,92.02,28.25,0,15,0.71,85.03,33.24,0,17,1.1,18.52,51.82,133.937,71.541,0.43,0,8,64.435,33.176,50.918
2025-12-12 0:00,33.1,,33.1,28.25,92.7,28.25,0,15,0.71,83.87,33.24,0,17,1.1,18.52,51.82,133.937,16.263,0.43,0,8,64.43,15.675,50.676
2025-12-12 0:10,33.1,,33.1,28.25,90.67,28.25,0,15,0.72,82.88,33.25,0,17,1.1,18.52,51.82,133.937,16.208,0.43,0,8,64.427,5.29,50.777
2025-12-12 0:20,33.1,,33.1,28.25,92.7,28.25,0,15,0.71,81.54,33.24,0,17,1.1,18.52,51.82,133.936,0,0.43,0,8,64.42,0,50.99
2025-12-12 0:30,33.1,,33.1,28.25,90.67,28.25,0,15,0.71,80.37,33.24,0,17,1.1,18.52,51.82,133.938,43.874,0.43,0,8,64.42,15.887,50.562
2025-12-12 0:40,33.1,,33.1,28.25,92.7,28.25,0,15,0.71,82.7,33.24,0,17,1.1,18.52,51.82,133.939,59.652,0.43,0,8,64.42,26.252,50.37
2025-12-12 0:50,33.1,,33.1,28.25,92.7,28.25,0,15,0.72,84.05,33.25,0,17,1.1,18.52,51.82,133.939,118.93,0.43,0,8,64.42,50.342,50.094
2025-12-12 1:00,33.1,,33.1,28.25,94.73,28.25,0,15,0.72,82.88,33.25,0,17,1.1,18.52,51.82,133.939,24.097,0.43,0,8,64.412,22.385,50.19
2025-12-12 1:10,33.1,,33.1,28.25,90.67,28.25,0,15,0.72,84.05,33.25,0,17,1.1,18.52,51.82,133.936,0,0.43,0,8,64.41,15.383,50.199
2025-12-12 1:20,33.1,,33.1,28.25,90.67,28.25,0,15,0.72,86.38,33.25,0,17,1.1,18.52,51.82,133.936,0,0.43,0,8,64.409,11.756,49.713
2025-12-12 1:30,33.1,,33.1,28.25,91.34,28.25,0,15,0.72,87.55,33.25,0,17,1.1,18.52,51.82,133.936,0,0.43,0,8,64.4,8.249,49.834
2025-12-12 1:40,33.1,,33.1,28.25,92.02,28.25,0,15,0.72,82.88,33.25,0,17,1.09,18.52,51.81,133.937,35.986,0.43,0,8,64.399,11.491,49.425
2025-12-12 1:50,33.1,,33.1,28.25,93.37,28.25,0,15,0.72,84.05,33.25,0,17,1.09,18.52,51.81,133.938,107.041,0.43,0,8,64.393,0,49.987
2025-12-12 2:00,33.1,,33.1,28.25,90.67,28.25,0,15,0.72,85.22,33.25,0,17,1.09,18.52,51.81,133.94,150.541,0.43,0,8,64.39,15.418,50.508
2025-12-12 2:10,33.1,,33.1,28.25,89.31,28.25,0,15,0.72,82.88,33.25,0,17,1.09,18.52,51.81,133.94,138.652,0.43,0,8,64.39,19.168,50.344
2025-12-12 2:20,33.1,,33.1,28.25,90.67,28.25,0,15,0.72,79.38,33.25,0,17,1.09,18.52,51.81,133.941,107.097,0.43,0,8,64.39,39.866,49.746
2025-12-12 2:30,33.1,,33.1,28.25,89.99,28.25,0,15,0.72,79.38,33.25,0,17,1.09,18.52,51.81,133.941,31.986,0.43,0,8,64.38,15.684,50.63
2025-12-12 2:40,33.1,,33.1,28.25,91.34,28.25,0,15,0.72,74.71,33.25,0,17,1.09,18.52,51.81,133.94,0,0.43,0,8,64.38,15.765,50.586
2025-12-12 2:50,33.1,,33.1,28.25,92.02,28.25,0,15,0.72,74.71,33.25,0,17,1.09,18.52,51.81,133.941,0,0.43,0,8,64.38,15.884,50.104
2025-12-12 3:00,33.1,,33.1,28.25,91.34,28.25,0,15,0.72,75.88,33.25,0,17,1.08,18.52,51.8,133.942,55.763,0.43,0,8,64.37,15.976,50.406
2025-12-12 3:10,33.1,,33.1,28.25,89.99,28.25,0,15,0.72,78.21,33.25,0,17,1.08,18.52,51.8,133.943,91.263,0.43,0,8,64.37,15.818,50.111
2025-12-12 3:20,33.1,,33.1,28.25,89.31,28.25,0,15,0.72,77.04,33.25,0,17,1.08,18.52,51.8,133.943,91.263,0.43,0,8,64.37,15.857,50.22
2025-12-12 3:30,33.1,,33.1,28.26,92.02,28.26,0,15,0.72,77.04,33.25,0,17,1.08,18.52,51.8,133.944,79.43,0.43,0,8,64.364,29.584,50.254
2025-12-12 3:40,33.1,,33.1,28.25,91.34,28.25,0,15,0.72,74.71,33.25,0,17,1.08,18.52,51.8,133.943,20.208,0.43,0,8,64.36,15.771,49.839
2025-12-12 3:50,33.1,,33.1,28.26,90.67,28.26,0,15,0.72,78.21,33.25,0,17,1.08,18.52,51.8,133.943,4.374,0.43,0,8,64.36,15.836,50.415
2025-12-12 4:00,33.1,,33.1,28.26,92.02,28.26,0,15,0.72,78.21,33.25,0,17,1.08,18.52,51.8,133.943,0,0.43,0,8,64.352,8.902,49.784
2025-12-12 4:10,33.1,,33.1,28.26,89.31,28.26,0,15,0.72,74.71,33.25,0,17,1.08,18.52,51.8,133.944,20.152,0.43,0,8,64.35,15.904,50.178
2025-12-12 4:20,33.1,,33.1,28.26,90.67,28.26,0,15,0.72,66.54,33.25,0,17,1.07,18.52,51.79,133.943,0.43,0.43,0,8,64.35,15.88,50.343
2025-12-12 4:30,33.1,,33.1,28.26,90.67,28.26,0,15,0.72,70.04,33.25,0,17,1.07,18.52,51.79,133.944,16.263,0.43,0,8,64.346,29.745,50.215
2025-12-12 4:40,33.11,,33.11,28.26,93.37,28.26,0,15,0.72,71.21,33.25,0,17,1.07,18.52,51.79,133.944,32.041,0.43,0,8,64.34,16.172,50.458
2025-12-12 4:50,33.11,,33.11,28.26,92.67,28.26,0,15,0.72,71.21,33.25,0,17,1.07,18.52,51.79,133.946,114.986,0.43,0,8,64.34,15.977,49.76
2025-12-12 5:00,33.11,,33.11,28.26,91.31,28.26,0,15,0.72,67.71,33.25,0,17,1.07,18.52,51.79,133.947,142.652,0.43,0,8,64.338,22.898,50.309
2025-12-12 5:10,33.11,,33.11,28.26,90.63,28.26,0,15,0.72,68.87,33.25,0,17,1.07,18.52,51.79,133.947,122.93,0.43,0,8,64.33,16.153,50.391
2025-12-12 5:20,33.11,,33.11,28.26,91.99,28.26,0,15,0.72,72.37,33.25,0,17,1.07,18.52,51.79,133.948,83.43,0.43,0,8,64.33,16.312,50.237
2025-12-12 5:30,33.11,,33.11,28.26,93.35,28.26,0,15,0.72,71.21,33.25,0,17,1.07,18.52,51.79,133.948,20.152,0.43,0,8,64.323,0,49.852
2025-12-12 5:40,33.11,,33.11,28.26,93.35,28.26,0,15,0.72,67.71,33.25,0,17,1.06,18.52,51.78,133.948,8.319,0.43,0,8,64.32,16.12,50.106
2025-12-12 5:50,33.11,,33.11,28.26,93.35,28.26,0,15,0.72,70.04,33.25,0,17,1.06,18.52,51.78,133.948,0,0.43,0,8,64.32,16.072,50.093
2025-12-12 6:00,33.11,,33.11,28.26,91.99,28.26,0,15,0.72,71.21,33.25,0,17,1.06,18.52,51.78,133.949,28.097,0.43,0,8,64.32,39.91,50.032
2025-12-12 6:10,33.11,,33.11,28.26,94.04,28.26,0,15,0.72,73.54,33.25,0,17,1.06,18.52,51.78,133.949,39.93,0.43,0,8,64.312,22.841,49.732
2025-12-12 6:20,33.11,,33.11,28.26,92.67,28.26,0,15,0.73,67.85,33.26,0,17,1.06,18.52,51.78,133.949,55.763,0.43,0,8,64.31,16.059,50.08
2025-12-12 6:30,33.11,,33.11,28.26,89.95,28.26,0,15,0.73,70.19,33.26,0,17,1.06,18.52,51.78,133.95,55.763,0.43,0,8,64.309,12.562,49.707
2025-12-12 6:40,33.11,,33.11,28.26,93.35,28.26,0,15,0.72,70.04,33.25,0,17,1.06,18.52,51.78,133.95,67.597,0.43,0,8,64.3,9.264,49.505
2025-12-12 6:50,33.11,,33.11,28.26,93.35,28.26,0,15,0.73,67.85,33.26,0,17,1.06,18.52,51.78,133.95,20.208,0.43,0,8,64.3,16.01,49.983
2025-12-12 7:00,33.11,,33.11,28.26,91.31,28.26,0,15,0.73,64.34,33.26,0,17,1.06,18.52,51.78,133.95,0,0.43,0,8,64.3,19.453,49.87
2025-12-12 7:10,33.11,,33.11,28.26,91.31,28.26,0,15,0.72,63.04,33.25,0,17,1.06,18.52,51.78,133.949,0,0.43,0,8,64.294,29.717,49.964
2025-12-12 7:20,33.11,,33.11,28.26,89.95,28.26,0,15,0.73,64.34,33.26,0,17,1.06,18.52,51.78,133.951,28.097,0.43,0,8,64.29,16.252,49.921
2025-12-12 7:30,33.11,,33.11,28.26,93.35,28.26,0,15,0.73,63.17,33.26,0,17,1.06,18.52,51.78,133.951,51.819,0.43,0,8,64.29,16.252,49.872
2025-12-12 7:40,33.11,,33.11,28.26,90.63,28.26,0,15,0.72,63.04,33.25,0,17,1.06,18.52,51.78,133.952,118.986,0.43,0,8,64.281,6.257,49.979
2025-12-12 7:50,33.11,,33.11,28.26,89.95,28.26,0,15,0.72,63.04,33.25,0,17,1.06,18.52,51.78,133.952,67.597,0.43,0,8,64.28,16.303,49.891
2025-12-12 8:00,33.11,,33.11,28.26,93.35,28.26,0,15,0.72,61.87,33.25,0,17,1.06,18.52,51.78,133.952,38.27,7.284,0,8,64.28,16.212,49.598
2025-12-12 8:10,33.11,,33.11,28.26,89.95,28.26,0,15,0.72,63.04,33.25,0,17,1.06,18.52,51.78,133.95,0,152.09,0,8,64.272,19.617,49.862
2025-12-12 8:20,33.11,,33.11,28.26,91.31,28.26,0,15,0.72,64.2,33.25,0,17,1.06,18.52,51.78,133.949,0,159.038,0,8,64.27,16.295,49.759
2025-12-12 8:30,33.11,,33.11,28.26,92.67,28.26,0,15,0.73,59.66,33.26,0,17,1.06,18.52,51.78,133.949,25.275,155.863,0,8,64.27,16.313,49.652
2025-12-12 8:40,33.11,,33.11,28.26,91.31,28.26,0,15,0.72,64.2,33.25,0,17,1.06,18.52,51.78,133.948,82.469,157.672,0,8,64.266,29.723,49.925
2025-12-12 8:50,33.11,,33.11,28.26,91.99,28.26,0,15,0.72,63.04,33.25,0,17,1.06,18.52,51.78,133.948,117.039,156.249,0,8,64.26,16.086,48.848
2025-12-12 9:00,33.11,,33.11,28.26,94.04,28.26,0,15,0.72,61.87,33.25,0,17,1.06,18.52,51.78,133.949,161.11,157.575,0,8,64.26,15.875,49.018
2025-12-12 9:10,33.11,,33.11,28.26,94.72,28.26,0,15,0.72,61.87,33.25,0,17,1.06,18.52,51.78,133.948,180.502,156.515,0,8,64.258,22.155,48.6
2025-12-12 9:20,33.11,,33.11,28.26,93.35,28.26,0,15,0.73,63.17,33.26,0,17,1.06,18.52,51.78,133.949,182.766,151.209,0,8,64.251,18.816,48.662
2025-12-12 9:30,33.11,,33.11,28.26,96.08,28.26,0,15,0.73,63.17,33.26,0,17,1.06,18.52,51.78,133.947,105.677,151.474,0,8,64.25,15.326,48.549
2025-12-12 9:40,33.11,,33.11,28.26,91.31,28.26,0,15,0.72,60.7,33.25,0,17,1.06,18.52,51.78,133.946,41.81,142.746,0,8,64.249,18.564,48.313
2025-12-12 9:50,33.11,,33.11,28.26,94.01,28.26,0,15,0.72,63.04,33.25,0,17,1.06,18.52,51.78,133.944,0,151.737,0,8,64.243,21.949,48.817
2025-12-12 10:00,33.11,,33.11,28.26,93.33,28.26,0,15,0.72,59.53,33.25,0,17,1.05,18.52,51.77,133.943,0,137.575,0,8,64.24,15.29,48.406
2025-12-12 10:10,33.11,,33.11,28.26,94.01,28.26,0,15,0.72,59.53,33.25,0,17,1.05,18.52,51.77,133.942,0,136.976,0,8,64.24,18.691,48.516
2025-12-12 10:20,33.11,,33.11,28.26,94.01,28.26,0,15,0.73,56.15,33.26,0,17,1.05,18.52,51.77,133.941,29.381,145.426,0,8,64.25,71.706,48.364
2025-12-12 10:30,33.11,,33.11,28.26,92.64,28.26,0,15,0.73,62,33.26,0,17,1.04,18.52,51.76,133.942,101.045,139.232,0,8,64.265,131.476,48.048
2025-12-12 10:40,33.11,,33.11,28.26,94.01,28.26,0,15,0.72,59.53,33.25,0,17,1.06,18.52,51.78,133.941,108.215,134.653,0,8,64.278,175.187,49.148
2025-12-12 10:50,33.11,,33.11,28.26,96.76,28.26,0,15,0.72,61.87,33.25,0,17,1.06,18.52,51.78,133.939,74.617,151.466,0,8,64.285,165.789,49.505
2025-12-12 11:00,33.11,,33.11,28.26,94.01,28.26,0,15,0.72,65.37,33.25,0,17,1.05,18.52,51.77,133.939,22.791,137.753,0,8,64.287,123.044,49.48
2025-12-12 11:10,33.11,,33.11,28.26,94.7,28.26,0,15,0.72,65.37,33.25,0,17,1.05,18.52,51.77,133.941,94.189,5.181,0,8,64.289,89.199,57.947
2025-12-12 11:20,33.11,,33.11,28.26,92.64,28.26,0,15,0.72,66.54,33.25,0,17,1.03,18.52,51.75,133.94,67.566,0.43,0,8,64.299,99.383,49.389
2025-12-12 11:30,33.11,,33.11,28.26,92.64,28.26,0,15,0.72,65.37,33.25,0,17,1.04,18.52,51.76,133.938,0,0.43,0,8,64.306,116.411,49.897
2025-12-12 11:40,33.11,,33.11,28.26,92.64,28.26,0,15,0.72,65.37,33.25,0,17,1.04,18.52,51.76,133.936,0,0.43,0,8,64.321,157.635,49.454
2025-12-12 11:50,33.11,,33.11,28.26,94.01,28.26,0,15,0.72,67.71,33.25,0,17,1.05,18.52,51.77,133.937,0,0.43,0,8,64.33,154.491,49.288
2025-12-12 12:00,33.11,,33.11,28.26,91.95,28.26,0,15,0.72,61.87,33.25,0,17,1.04,18.52,51.76,133.936,0,0.43,0,8,64.34,164.756,49.525
2025-12-12 12:10,33.11,,33.11,28.26,92.64,28.26,0,15,0.72,56.03,33.25,0,17,1.05,18.52,51.77,133.936,0,0.43,0,8,64.341,117.499,49.684
2025-12-12 12:20,33.11,,33.11,28.26,93.33,28.26,0,15,0.72,59.53,33.25,0,17,1.02,18.52,51.74,133.937,16.263,0.43,0,8,64.346,104.077,49.522
2025-12-12 12:30,33.11,,33.11,28.26,94.7,28.26,0,15,0.72,61.87,33.25,0,17,1.04,18.52,51.76,133.937,39.93,0.43,0,8,64.35,83.835,49.798
2025-12-12 12:40,33.11,,33.11,28.26,96.07,28.26,0,15,0.72,61.87,33.25,0,17,1.03,18.52,51.75,133.937,51.763,0.43,0,8,64.35,80.538,50.127
2025-12-12 12:50,33.11,,33.11,28.26,91.95,28.26,0,15,0.72,59.53,33.25,0,17,1.03,18.52,51.75,133.939,71.541,0.43,0,8,64.35,63.627,49.957
2025-12-12 13:00,33.11,,33.11,28.26,91.95,28.26,0,15,0.72,57.2,33.25,0,17,1.03,18.52,51.75,133.938,37.263,4.263,0,8,64.35,50.054,50.077
2025-12-12 13:10,33.11,,33.11,28.26,90.58,28.26,0,15,0.72,65.37,33.25,0,17,1.02,18.52,51.74,133.929,0,156.903,0,8,64.35,50.091,50.241
2025-12-12 13:20,33.11,,33.11,28.26,90.58,28.26,0,15,0.72,65.37,33.25,0,17,1.01,18.52,51.73,133.924,0,149.4,0,8,64.35,50.167,50.183
2025-12-12 13:30,33.11,,33.11,28.26,88.52,28.26,0,15,0.72,67.71,33.25,0,17,1.03,18.52,51.75,133.921,0,156.296,0,8,64.348,43.374,50.199
2025-12-12 13:40,33.11,,33.11,28.26,85.78,28.26,0,15,0.72,67.71,33.25,0,17,1.02,18.52,51.74,133.919,0,156.583,0,8,64.343,26.331,50.279
2025-12-12 13:50,33.11,,33.11,28.26,88.52,28.26,0,15,0.72,72.37,33.25,0,17,1.01,18.52,51.73,133.919,0,158.328,0,8,64.34,16.244,50.753
2025-12-12 14:00,33.11,,33.11,28.26,88.52,28.26,0,15,0.72,71.21,33.25,0,17,1.02,18.52,51.74,133.921,179.081,151.332,0,8,64.34,22.987,49.928
2025-12-12 14:10,33.11,,33.11,28.26,85.78,28.26,0,15,0.72,65.37,33.25,0,17,1.02,18.52,51.74,133.921,205.57,153.05,0,8,64.34,39.961,50.037
2025-12-12 14:20,33.11,,33.11,28.26,85.78,28.26,0,15,0.72,66.54,33.25,0,17,1.03,18.52,51.75,133.92,205.745,159.021,0,8,64.34,49.939,49.851
2025-12-12 14:30,33.11,,33.11,28.26,87.15,28.26,0,15,0.72,66.54,33.25,0,17,1.01,18.52,51.73,133.92,90.735,149.634,0,8,64.337,40.098,51.074
2025-12-12 14:40,33.11,,33.11,28.26,86.46,28.26,0,15,0.72,65.37,33.25,0,17,1.01,18.52,51.73,133.918,38.345,149.88,0,8,64.34,50.38,50.216
2025-12-12 14:50,33.11,,33.11,28.26,85.78,28.26,0,15,0.72,64.2,33.25,0,17,1.01,18.52,51.73,133.915,0,160.938,0,8,64.346,70.839,49.726
2025-12-12 15:00,33.11,,33.11,28.26,85.09,28.26,0,15,0.72,74.71,33.25,0,17,1.01,18.52,51.73,133.913,0,155.143,0,8,64.357,118.217,49.708
2025-12-12 15:10,33.11,,33.11,28.26,83.13,28.26,0,15,0.72,63.04,33.25,0,17,1.01,18.52,51.73,133.913,0,155.176,0,8,64.366,138.866,50.163
2025-12-12 15:20,33.11,,33.11,28.26,84.41,28.26,0,15,0.72,60.7,33.25,0,17,1.01,18.52,51.73,133.913,62.475,149.606,0,8,64.37,132.33,50.451
2025-12-12 15:30,33.11,,33.11,28.26,83.13,28.26,0,15,0.72,60.7,33.25,0,17,1.01,18.52,51.73,133.915,211.607,152.371,0,8,64.38,129.358,50.461
2025-12-12 15:40,33.11,,33.11,28.26,82.45,28.26,0,15,0.72,58.37,33.25,0,17,1.01,18.52,51.73,133.914,212.697,158.446,0,8,64.383,108.797,49.979
2025-12-12 15:50,33.11,,33.11,28.26,83.82,28.26,0,15,0.72,56.03,33.25,0,17,1.01,18.52,51.73,133.913,151.724,156.188,0,8,64.394,133.059,50.406
2025-12-12 16:00,33.11,,33.11,28.26,83.82,28.26,0,15,0.72,58.37,33.25,0,17,1.01,18.52,51.73,133.911,34.931,157.16,0,8,64.405,136.768,50.586
2025-12-12 16:10,33.11,,33.11,28.26,85.18,28.26,0,15,0.72,58.37,33.25,0,17,1.01,18.52,51.73,133.908,0,152.392,0,8,64.414,157.627,49.89
2025-12-12 16:20,33.11,,33.11,28.26,87.22,28.26,0,15,0.72,52.53,33.25,0,17,1.01,18.52,51.73,133.906,0,151.627,0,8,64.424,154.403,50.233
2025-12-12 16:30,33.11,,33.11,28.26,88.59,28.26,0,15,0.72,54.86,33.25,0,17,1.01,18.52,51.73,133.904,0,158.071,0,8,64.43,137.136,50.117
2025-12-12 16:40,33.11,,33.11,28.26,85.18,28.26,0,15,0.72,53.7,33.25,0,17,1.01,18.52,51.73,133.903,0,157.828,0,8,64.44,140.927,50.098
2025-12-12 16:50,33.11,,33.11,28.26,87.22,28.26,0,15,0.72,51.36,33.25,0,17,1.01,18.52,51.73,133.904,80.454,138.631,0,8,64.448,134.039,50.07
2025-12-12 17:00,33.11,,33.11,28.26,84.5,28.26,0,15,0.72,51.36,33.25,0,17,1,18.52,51.72,133.906,224.517,104.926,0,8,64.456,141.16,49.978
2025-12-12 17:10,33.11,,33.11,28.26,91.99,28.26,0,15,0.72,51.36,33.25,0,17,1,18.52,51.72,133.911,385.218,0.43,0,8,64.466,141.27,49.762
2025-12-12 17:20,33.11,,33.11,28.26,92.67,28.26,0,15,0.72,52.53,33.25,0,17,1,18.52,51.72,133.914,449.707,0.43,0,8,64.478,155.538,49.707
2025-12-12 17:30,33.11,,33.11,28.26,89.27,28.26,0,15,0.72,53.7,33.25,0,17,1,18.52,51.72,133.915,347.763,0.43,0,8,64.486,155.804,50.109
2025-12-12 17:40,33.11,,33.11,28.26,87.9,28.26,0,15,0.72,53.7,33.25,0,17,1,18.52,51.72,133.914,142.541,0.43,0,8,64.493,145.318,49.472
2025-12-12 17:50,33.11,,33.11,28.26,86.54,28.26,0,15,0.72,53.7,33.25,0,17,1,18.52,51.72,133.914,0,0.43,0,8,64.502,134.964,49.976
2025-12-12 18:00,33.11,,33.11,28.26,87.9,28.26,0,15,0.72,52.53,33.25,0,17,1,18.52,51.72,133.912,0,0.43,0,8,64.51,135.087,49.98
2025-12-12 18:10,33.11,,33.11,28.25,85.86,28.25,0,15,0.72,54.86,33.25,0,17,1,18.52,51.72,133.912,0,0.43,0,8,64.519,142.705,50.325
2025-12-12 18:20,33.11,,33.11,28.26,87.22,28.26,0,15,0.72,54.86,33.25,0,17,1,18.52,51.72,133.912,0,0.43,0,8,64.52,114.649,50.977
2025-12-12 18:30,33.11,,33.11,28.26,90.63,28.26,0,15,0.72,52.53,33.25,0,17,1,18.52,51.72,133.912,0,0.43,0,8,64.52,86.488,50.994
2025-12-12 18:40,33.11,,33.11,28.25,90.63,28.25,0,15,0.72,49.03,33.25,0,17,1,18.52,51.72,133.914,79.374,0.43,0,8,64.52,54.658,51.337
2025-12-12 18:50,33.11,,33.11,28.25,87.22,28.25,0,15,0.72,50.2,33.25,0,17,1,18.52,51.72,133.913,51.708,0.43,0,8,64.52,51.189,51.237
2025-12-12 19:00,33.11,,33.11,28.25,88.59,28.25,0,15,0.72,47.86,33.25,0,17,1,18.52,51.72,133.915,99.097,0.43,0,8,64.52,51.263,51.215
2025-12-12 19:10,33.11,,33.11,28.26,91.31,28.26,0,15,0.72,59.53,33.25,0,17,1,18.52,51.72,133.914,24.097,0.43,0,8,64.52,51.212,51.182
2025-12-12 19:20,33.11,,33.11,28.25,89.95,28.25,0,15,0.72,57.2,33.25,0,17,1,18.52,51.72,133.914,28.097,0.43,0,8,64.52,50.989,50.57
2025-12-12 19:30,33.11,,33.11,28.25,88.59,28.25,0,15,0.72,61.87,33.25,0,17,1,18.52,51.72,133.912,0,0.43,0,8,64.52,50.711,50.381
2025-12-12 19:40,33.11,,33.11,28.25,88.59,28.25,0,15,0.72,63.04,33.25,0,17,1,18.52,51.72,133.913,0,0.43,0,8,64.52,50.64,50.969
2025-12-12 19:50,33.11,,33.11,28.26,87.9,28.26,0,15,0.72,61.87,33.25,0,17,1,18.52,51.72,133.913,0,0.43,0,8,64.512,22.136,50.725
2025-12-12 20:00,33.11,,33.11,28.25,85.86,28.25,0,15,0.72,61.87,33.25,0,17,1,18.52,51.72,133.915,106.986,0.43,0,8,64.51,14.976,50.402
2025-12-12 20:10,33.11,,33.11,28.25,83.82,28.25,0,15,0.72,64.2,33.25,0,17,1,18.52,51.72,133.917,150.43,0.43,0,8,64.51,14.939,50.856
2025-12-12 20:20,33.11,,33.11,28.25,87.9,28.25,0,15,0.71,67.56,33.24,0,17,0.99,18.52,51.71,133.919,257.041,0.43,0,8,64.51,43.609,51.069
2025-12-12 20:30,33.11,,33.11,28.25,87.28,28.25,0,15,0.71,67.56,33.24,0,17,0.99,18.52,51.71,133.921,245.208,0.43,0,8,64.51,50.9,50.775
2025-12-12 20:40,33.11,,33.11,28.25,84.58,28.25,0,15,0.72,67.71,33.25,0,17,0.99,18.52,51.71,133.923,260.986,0.43,0,8,64.503,25.792,50.365
2025-12-12 20:50,33.11,,33.11,28.25,87.28,28.25,0,15,0.71,67.56,33.24,0,17,0.99,18.52,51.71,133.922,126.763,0.43,0,8,64.5,15.008,50.718
2025-12-12 21:00,33.11,,33.11,28.25,87.96,28.25,0,15,0.72,71.21,33.25,0,17,0.99,18.52,51.71,133.922,20.208,0.43,0,8,64.5,14.976,50.68
2025-12-12 21:10,33.11,,33.11,28.25,84.58,28.25,0,15,0.72,70.04,33.25,0,17,0.99,18.52,51.71,133.92,0,0.43,0,8,64.492,11.509,50.295
2025-12-12 21:20,33.11,,33.11,28.25,83.22,28.25,0,15,0.72,70.04,33.25,0,17,0.99,18.52,51.71,133.919,0,0.43,0,8,64.49,15.17,51.034
2025-12-12 21:30,33.11,,33.11,28.25,85.93,28.25,0,15,0.72,67.71,33.25,0,17,0.99,18.52,51.71,133.919,0,0.43,0,8,64.49,15.213,50.808
2025-12-12 21:40,33.11,,33.11,28.25,85.25,28.25,0,15,0.72,60.7,33.25,0,17,0.99,18.52,51.71,133.92,0,0.43,0,8,64.49,43.635,50.396
2025-12-12 21:50,33.11,,33.11,28.25,85.93,28.25,0,15,0.72,61.87,33.25,0,17,0.99,18.52,51.71,133.921,71.486,0.43,0,8,64.487,39.907,50.519
2025-12-12 22:00,33.11,,33.11,28.25,85.25,28.25,0,15,0.72,57.2,33.25,0,17,0.99,18.52,51.71,133.922,106.986,0.43,0,8,64.48,15.076,50.646
2025-12-12 22:10,33.11,,33.11,28.25,87.28,28.25,0,15,0.72,60.7,33.25,0,17,1,18.52,51.72,133.922,87.319,0.43,0,8,64.48,15.327,51.15
2025-12-12 22:20,33.11,,33.11,28.25,87.96,28.25,0,15,0.72,56.03,33.25,0,17,1.01,18.52,51.73,133.922,32.041,0.43,0,8,64.477,15.502,50.876
2025-12-12 22:30,33.11,,33.11,28.25,85.93,28.25,0,15,0.72,58.37,33.25,0,17,1.01,18.52,51.73,133.922,0.43,0.43,0,8,64.47,15.487,50.434
2025-12-12 22:40,33.11,,33.11,28.25,84.58,28.25,0,15,0.72,54.86,33.25,0,17,1.01,18.52,51.73,133.921,0,0.43,0,8,64.47,15.171,50.202
2025-12-12 22:50,33.11,,33.11,28.25,87.28,28.25,0,15,0.71,60.57,33.24,0,17,1.01,18.52,51.73,133.92,0,0.43,0,8,64.466,11.585,50.619
2025-12-12 23:00,33.11,,33.11,28.25,82.55,28.25,0,15,0.71,61.74,33.24,0,17,1,18.52,51.72,133.92,0,0.43,0,8,64.46,15.129,50.232
2025-12-12 23:10,33.11,,33.11,28.25,83.9,28.25,0,15,0.71,62.9,33.24,0,17,1,18.52,51.72,133.922,47.819,0.43,0,8,64.46,15.315,50.759
2025-12-12 23:20,33.11,,33.11,28.25,85.25,28.25,0,15,0.71,62.9,33.24,0,17,1,18.52,51.72,133.926,237.319,0.43,0,8,64.46,29.41,50.573
2025-12-12 23:30,33.11,,33.11,28.25,79.84,28.25,0,15,0.71,58.24,33.24,0,17,1,18.52,51.72,133.928,304.486,0.43,0,8,64.455,33.067,50.702
2025-12-12 23:40,33.11,,33.11,28.25,79.16,28.25,0,15,0.71,59.41,33.24,0,17,0.99,18.52,51.71,133.928,237.319,0.43,0,8,64.45,15.384,50.377
2025-12-12 23:50,33.11,,33.11,28.25,77.13,28.25,0,15,0.71,61.74,33.24,0,17,0.99,18.52,51.71,133.928,63.652,0.43,0,8,64.45,15.393,50.599
2025-12-13 0:00,33.11,,33.11,28.25,81.19,28.25,0,15,0.71,60.57,33.24,0,17,0.99,18.52,51.71,133.928,4.374,0.43,0,8,64.445,15.351,50.412
2025-12-13 0:10,33.11,,33.11,28.25,80.52,28.25,0,15,0.71,65.23,33.24,0,17,1.01,18.52,51.73,133.926,0,0.43,0,8,64.44,15.421,50.418
2025-12-13 0:20,33.11,,33.11,28.25,81.19,28.25,0,15,0.71,65.23,33.24,0,17,1.01,18.52,51.73,133.926,0,0.43,0,8,64.439,11.804,50.248
2025-12-13 0:30,33.11,,33.11,28.25,83.22,28.25,0,15,0.71,65.23,33.24,0,17,1.01,18.52,51.73,133.925,0,0.43,0,8,64.432,4.766,50.132
2025-12-13 0:40,33.11,,33.11,28.25,81.87,28.25,0,15,0.71,60.57,33.24,0,17,1,18.52,51.72,133.925,0,0.43,0,8,64.43,15.211,50.254
2025-12-13 0:50,33.11,,33.11,28.25,82.55,28.25,0,15,0.71,60.57,33.24,0,17,1,18.52,51.72,133.926,0,0.43,0,8,64.43,18.752,50.371
2025-12-13 1:00,33.11,,33.11,28.25,77.13,28.25,0,15,0.71,66.39,33.24,0,17,1,18.52,51.72,133.927,59.652,0.43,0,8,64.427,32.712,50.012
2025-12-13 1:10,33.11,,33.11,28.25,75.78,28.25,0,15,0.71,55.91,33.24,0,17,1,18.52,51.72,133.927,63.597,0.43,0,8,64.42,15.352,50.34
2025-12-13 1:20,33.11,,33.11,28.25,76.46,28.25,0,15,0.71,61.74,33.24,0,17,1.01,18.52,51.73,133.925,0,0.43,0,8,64.42,15.264,50.106
2025-12-13 1:30,33.11,,33.11,28.25,77.13,28.25,0,15,0.71,59.41,33.24,0,17,1.01,18.52,51.73,133.925,0,0.43,0,8,64.42,25.753,49.98
2025-12-13 1:40,33.11,,33.11,28.25,75.1,28.25,0,15,0.71,54.75,33.24,0,17,0.99,18.52,51.71,133.925,0,0.43,0,8,64.41,15.18,49.789
2025-12-13 1:50,33.11,,33.11,28.25,79.84,28.25,0,15,0.71,61.74,33.24,0,17,0.99,18.52,51.71,133.925,0,0.43,0,8,64.41,15.254,50.326
2025-12-13 2:00,33.11,,33.11,28.25,79.84,28.25,0,15,0.71,61.74,33.24,0,17,0.98,18.52,51.7,133.925,16.208,0.43,0,8,64.41,15.283,50.069
2025-12-13 2:10,33.11,,33.11,28.25,79.84,28.25,0,15,0.71,61.74,33.24,0,17,0.99,18.52,51.71,133.927,71.486,0.43,0,8,64.403,25.862,50.024
2025-12-13 2:20,33.11,,33.11,28.25,79.84,28.25,0,15,0.71,62.9,33.24,0,17,0.99,18.52,51.71,133.928,126.763,0.43,0,8,64.4,15.303,49.985
2025-12-13 2:30,33.11,,33.11,28.25,80.52,28.25,0,15,0.71,60.57,33.24,0,17,0.98,18.52,51.7,133.929,138.652,0.43,0,8,64.399,11.932,50.287
2025-12-13 2:40,33.11,,33.11,28.25,80.52,28.25,0,15,0.71,61.74,33.24,0,17,0.98,18.52,51.7,133.93,134.708,0.43,0,8,64.391,8.661,50.379
2025-12-13 2:50,33.11,,33.11,28.25,77.13,28.25,0,15,0.71,66.39,33.24,0,17,0.98,18.52,51.7,133.93,91.263,0.43,0,8,64.39,15.712,50.138
2025-12-13 3:00,33.11,,33.11,28.25,81.87,28.25,0,15,0.71,61.74,33.24,0,17,0.97,18.52,51.69,133.93,35.986,0.43,0,8,64.389,15.56,49.997
2025-12-13 3:10,33.11,,33.11,28.25,79.16,28.25,0,15,0.71,57.08,33.24,0,17,0.97,18.52,51.69,133.93,0,0.43,0,8,64.38,12.014,49.907
2025-12-13 3:20,33.11,,33.11,28.24,80.52,28.24,0,15,0.71,58.24,33.24,0,17,1,18.52,51.72,133.928,0,0.43,0,8,64.38,15.491,50.236
2025-12-13 3:30,33.11,,33.11,28.24,77.81,28.24,0,15,0.71,65.23,33.24,0,17,0.97,18.52,51.69,133.928,0,0.43,0,8,64.38,18.89,49.694
2025-12-13 3:40,33.11,,33.11,28.25,77.81,28.25,0,15,0.71,58.24,33.24,0,17,0.96,18.52,51.68,133.927,0,0.43,0,8,64.378,43.114,50.078
2025-12-13 3:50,33.11,,33.11,28.25,77.81,28.25,0,15,0.71,51.25,33.24,0,17,0.97,18.52,51.69,133.927,0,0.43,0,8,64.37,15.627,50.275
2025-12-13 4:00,33.11,,33.11,28.24,81.87,28.24,0,15,0.71,51.25,33.24,0,17,0.97,18.52,51.69,133.927,0,0.43,0,8,64.37,15.775,50.139
2025-12-13 4:10,33.11,,33.11,28.24,79.84,28.24,0,15,0.71,53.58,33.24,0,17,0.98,18.52,51.7,133.929,55.763,0.43,0,8,64.365,5.506,50.103
2025-12-13 4:20,33.11,,33.11,28.24,77.81,28.24,0,15,0.71,58.24,33.24,0,17,0.97,18.52,51.69,133.93,114.93,0.43,0,8,64.36,15.809,50.183
2025-12-13 4:30,33.11,,33.11,28.25,83.22,28.25,0,15,0.7,59.28,33.23,0,17,0.97,18.52,51.69,133.931,174.208,0.43,0,8,64.36,15.811,50.148
2025-12-13 4:40,33.11,,33.11,28.25,79.16,28.25,0,15,0.71,55.91,33.24,0,17,0.96,18.52,51.68,133.931,79.374,0.43,0,8,64.351,2.137,50.081
2025-12-13 4:50,33.11,,33.11,28.25,75.78,28.25,0,15,0.71,54.75,33.24,0,17,0.99,18.52,51.71,133.93,0.43,0.43,0,8,64.35,15.886,50.095
2025-12-13 5:00,33.11,,33.11,28.24,77.13,28.24,0,15,0.71,55.91,33.24,0,17,0.99,18.52,51.71,133.93,0,0.43,0,8,64.35,15.792,49.868
2025-12-13 5:10,33.11,,33.11,28.24,79.84,28.24,0,15,0.71,55.91,33.24,0,17,0.98,18.52,51.7,133.93,0,0.43,0,8,64.349,43.205,50.15
2025-12-13 5:20,33.11,,33.11,28.24,76.46,28.24,0,15,0.71,55.91,33.24,0,17,0.98,18.52,51.7,133.931,32.041,0.43,0,8,64.34,15.822,49.949
2025-12-13 5:30,33.11,,33.11,28.24,79.16,28.24,0,15,0.71,57.08,33.24,0,17,0.97,18.52,51.69,133.933,118.874,0.43,0,8,64.34,15.849,49.947
2025-12-13 5:40,33.11,,33.11,28.24,77.13,28.24,0,15,0.71,53.58,33.24,0,17,0.97,18.52,51.69,133.935,166.319,0.43,0,8,64.331,0,49.847
2025-12-13 5:50,33.11,,33.11,28.25,79.84,28.25,0,15,0.71,55.91,33.24,0,17,0.99,18.52,51.71,133.936,193.93,0.43,0,8,64.33,15.899,49.902
2025-12-13 6:00,33.11,,33.11,28.24,77.13,28.24,0,15,0.71,53.58,33.24,0,17,0.98,18.52,51.7,133.937,154.486,0.43,0,8,64.33,15.88,49.891
2025-12-13 6:10,33.11,,33.11,28.24,75.78,28.24,0,15,0.71,55.91,33.24,0,17,0.97,18.52,51.69,133.936,59.652,0.43,0,8,64.329,43.134,49.942
2025-12-13 6:20,33.11,,33.11,28.24,74.43,28.24,0,15,0.71,53.58,33.24,0,17,0.97,18.52,51.69,133.934,0,0.43,0,8,64.32,16.052,50.155
2025-12-13 6:30,33.11,,33.11,28.24,77.81,28.24,0,15,0.71,57.08,33.24,0,17,0.97,18.52,51.69,133.932,0,0.43,0,8,64.32,15.824,49.209
2025-12-13 6:40,33.11,,33.11,28.24,75.78,28.24,0,15,0.71,55.91,33.24,0,17,0.97,18.52,51.69,133.931,0,0.43,0,8,64.318,12.123,49.006
2025-12-13 6:50,33.11,,33.11,28.24,73.75,28.24,0,15,0.7,55.79,33.23,0,17,0.98,18.52,51.7,133.931,0,0.43,0,8,64.31,15.194,49.034
2025-12-13 7:00,33.11,,33.11,28.24,77.26,28.24,0,15,0.7,54.63,33.23,0,17,0.97,18.52,51.69,133.932,0.43,0.43,0,8,64.31,15.219,49.285
2025-12-13 7:10,33.11,,33.11,28.24,73.9,28.24,0,15,0.71,52.42,33.24,0,17,0.98,18.52,51.7,133.933,75.43,0.43,0,8,64.31,22.124,49.386
2025-12-13 7:20,33.11,,33.11,28.24,75.24,28.24,0,15,0.71,51.25,33.24,0,17,0.99,18.52,51.71,133.935,134.708,0.43,0,8,64.301,18.912,49.231
2025-12-13 7:30,33.11,,33.11,28.24,75.78,28.24,0,15,0.71,51.25,33.24,0,17,0.99,18.52,51.71,133.937,229.486,0.43,0,8,64.302,22.096,48.67
2025-12-13 7:40,33.11,,33.11,28.24,77.13,28.24,0,15,0.7,55.79,33.23,0,17,0.98,18.52,51.7,133.938,186.097,0.43,0,8,64.297,5.234,49.302
2025-12-13 7:50,33.11,,33.11,28.24,77.26,28.24,0,15,0.7,55.79,33.23,0,17,0.99,18.52,51.71,133.935,4.374,0.43,0,8,64.29,12.131,49.42
2025-12-13 8:00,33.11,,33.11,28.24,77.13,28.24,0,15,0.7,54.63,33.23,0,17,0.99,18.52,51.71,133.934,0,7.665,0,8,64.289,5.604,49.423
2025-12-13 8:10,33.11,,33.11,28.24,79.84,28.24,0,15,0.71,51.25,33.24,0,17,1,18.52,51.72,133.929,0,136.161,0,8,64.285,8.868,48.927
2025-12-13 8:20,33.11,,33.11,28.24,80.52,28.24,0,15,0.71,51.25,33.24,0,17,1,18.52,51.72,133.926,0,155.542,0,8,64.286,35.841,49.507
2025-12-13 8:30,33.11,,33.11,28.24,80.62,28.24,0,15,0.71,51.25,33.24,0,17,1,18.52,51.72,133.926,0,156.487,0,8,64.283,29.113,49.404
2025-12-13 8:40,33.11,,33.11,28.24,77.26,28.24,0,15,0.71,51.25,33.24,0,17,1.01,18.52,51.73,133.928,96.414,154.88,0,8,64.28,32.655,49.387
2025-12-13 8:50,33.11,,33.11,28.24,74.43,28.24,0,15,0.71,52.42,33.24,0,17,1.01,18.52,51.73,133.925,128.942,158.292,0,8,64.27,0,49.25
2025-12-13 9:00,33.11,,33.11,28.24,79.16,28.24,0,15,0.71,50.09,33.24,0,17,1.01,18.52,51.73,133.924,101.837,158.172,0,8,64.265,0,49.17
2025-12-13 9:10,33.11,,33.11,28.24,79.95,28.24,0,15,0.71,51.25,33.24,0,17,1,18.52,51.72,133.925,42.339,154.054,0,8,64.261,0,49.047
2025-12-13 9:20,33.11,,33.11,28.24,77.81,28.24,0,15,0.71,55.91,33.24,0,17,1.01,18.52,51.73,133.923,84.583,154.855,0,8,64.26,15.721,49.112
2025-12-13 9:30,33.11,,33.11,28.24,79.16,28.24,0,15,0.7,56.95,33.23,0,17,1.01,18.52,51.73,133.921,34.671,150.435,0,8,64.26,32.378,48.977
2025-12-13 9:40,33.11,,33.11,28.24,77.81,28.24,0,15,0.7,60.44,33.23,0,17,1.02,18.52,51.74,133.919,0,154.933,0,8,64.26,45.7,49.011
2025-12-13 9:50,33.11,,33.11,28.24,75.1,28.24,0,15,0.7,62.76,33.23,0,17,1.02,18.52,51.74,133.916,0,155.14,0,8,64.255,32.374,49.133
2025-12-13 10:00,33.11,,33.11,28.24,81.19,28.24,0,15,0.7,63.93,33.23,0,17,1.01,18.52,51.73,133.913,0,151.75,0,8,64.25,15.722,48.854
2025-12-13 10:10,33.11,,33.11,28.24,79.84,28.24,0,15,0.71,66.39,33.24,0,17,1.01,18.52,51.73,133.913,0,127.196,0,8,64.25,15.453,48.205
2025-12-13 10:20,33.11,,33.11,28.24,80.62,28.24,0,15,0.71,64.07,33.24,0,17,1.01,18.52,51.73,133.914,47.231,135.08,0,8,64.253,41.878,48.574
2025-12-13 10:30,33.11,,33.11,28.24,79.16,28.24,0,15,0.71,66.39,33.24,0,17,1.01,18.52,51.73,133.915,192.655,150.023,0,8,64.27,115.345,49.255
2025-12-13 10:40,33.11,,33.11,28.24,79.16,28.24,0,15,0.71,74.55,33.24,0,17,1.01,18.52,51.73,133.916,256.765,129.858,0,8,64.286,169.255,49.102
2025-12-13 10:50,33.11,,33.11,28.24,78.49,28.24,0,15,0.7,74.39,33.23,0,17,1.02,18.52,51.74,133.916,237.383,148.101,0,8,64.291,176.409,49.536
2025-12-13 11:00,33.11,,33.11,28.24,81.87,28.24,0,15,0.7,74.39,33.23,0,17,1.03,18.52,51.75,133.914,106.341,147.565,0,8,64.298,143.272,49.346
2025-12-13 11:10,33.11,,33.11,28.24,90.67,28.24,0,15,0.71,78.04,33.24,0,17,1.01,18.52,51.73,133.912,0,142.542,0,8,64.3,96.503,49.295
2025-12-13 11:20,33.11,,33.11,28.24,87.28,28.24,0,15,0.7,72.06,33.23,0,17,1.01,18.52,51.73,133.906,0,151.158,0,8,64.302,86.51,49.723
2025-12-13 11:30,33.11,,33.11,28.24,86.66,28.24,0,15,0.7,72.06,33.23,0,17,1.01,18.52,51.73,133.902,0,152.61,0,8,64.313,100.097,49.271
2025-12-13 11:40,33.11,,33.11,28.24,84.65,28.24,0,15,0.71,71.05,33.24,0,17,1.01,18.52,51.73,133.9,0,146.13,0,8,64.325,134.061,49.52
2025-12-13 11:50,33.11,,33.11,28.24,88.01,28.24,0,15,0.71,67.56,33.24,0,17,1.02,18.52,51.74,133.9,0,147.052,0,8,64.337,168.071,49.589
2025-12-13 12:00,33.11,,33.11,28.24,83.31,28.24,0,15,0.71,66.39,33.24,0,17,1.02,18.52,51.74,133.902,158.041,145.44,0,8,64.347,165.065,49.419
2025-12-13 12:10,33.11,,33.11,28.24,82.63,28.24,0,15,0.7,69.74,33.23,0,17,1.02,18.52,51.74,133.907,369.919,0.43,0,8,64.35,134.829,49.98
2025-12-13 12:20,33.11,,33.11,28.24,88.01,28.24,0,15,0.7,69.74,33.23,0,17,1.02,18.52,51.74,133.914,581.6,0.43,0,8,64.357,118.006,49.619
2025-12-13 12:30,33.11,,33.11,28.24,83.98,28.24,0,15,0.7,74.39,33.23,0,17,1.02,18.52,51.74,133.922,781.986,0.43,0,8,64.362,101.198,49.827
2025-12-13 12:40,33.11,,33.11,28.24,83.98,28.24,0,15,0.69,70.75,33.22,0,17,1.02,18.52,51.74,133.912,201.763,0.43,0,8,64.372,125.247,49.962
2025-12-13 12:50,33.11,,33.11,28.24,85.99,28.24,0,15,0.7,73.23,33.23,0,17,1.02,18.52,51.74,133.909,0,0.43,0,8,64.383,139.502,50.551
2025-12-13 13:00,33.11,,33.11,28.24,90.02,28.24,0,15,0.7,70.9,33.23,0,17,1.02,18.52,51.74,133.906,0,0.43,0,8,64.395,163.987,50.447
2025-12-13 13:10,33.11,,33.11,28.24,90.7,28.24,0,15,0.69,73.07,33.22,0,17,1.02,18.52,51.74,133.906,0,0.43,0,8,64.404,161.053,50.661
2025-12-13 13:20,33.11,,33.11,28.24,92.71,28.24,0,15,0.7,73.23,33.23,0,17,1.03,18.52,51.75,133.907,0,0.43,0,8,64.41,143.996,50.548
2025-12-13 13:30,33.11,,33.11,28.24,92.04,28.24,0,15,0.71,73.38,33.24,0,17,1.03,18.52,51.75,133.907,55.708,0.43,0,8,64.401,71.348,50.503
2025-12-13 13:40,33.11,,33.11,28.24,88.68,28.24,0,15,0.71,79.21,33.24,0,17,1.03,18.52,51.75,133.909,130.652,0.43,0,8,64.4,36.692,50.692
2025-12-13 13:50,33.11,,33.11,28.24,88.01,28.24,0,15,0.7,76.71,33.23,1,18,1.03,18.52,51.75,133.91,154.374,0.43,0,8,64.4,15.812,50.409
2025-12-13 14:00,33.11,,33.11,28.24,90.7,28.24,0,15,0.7,72.06,33.23,0,18,1.03,18.52,51.75,133.911,150.374,0.43,0,8,64.4,47.074,50.622
2025-12-13 14:10,33.11,,33.11,28.24,88.01,28.24,0,15,0.7,73.23,33.23,0,18,1.02,18.52,51.74,133.912,107.041,0.43,0,8,64.406,71.345,50.505
2025-12-13 14:20,33.11,,33.11,28.24,90.02,28.24,0,15,0.71,71.05,33.24,0,18,1.02,18.52,51.74,133.911,31.986,0.43,0,8,64.402,57.497,50.53
2025-12-13 14:30,33.11,,33.11,28.24,93.38,28.24,1,16,0.7,80.2,33.23,1,19,1.02,18.52,51.74,133.909,0,0.43,0,8,64.4,50.439,50.282
2025-12-13 14:40,33.11,,33.11,28.24,90.02,28.24,0,16,0.71,74.55,33.24,0,19,1.02,18.52,51.74,133.91,0,0.43,0,8,64.4,29.638,50.601
2025-12-13 14:50,33.11,,33.11,28.24,92.04,28.24,0,16,0.71,73.38,33.24,0,19,1.02,18.52,51.74,133.909,0,0.43,0,8,64.399,39.985,50.24
2025-12-13 15:00,33.11,,33.11,28.24,90.7,28.24,1,17,0.71,71.05,33.24,1,20,1.02,18.52,51.74,133.909,0,0.43,0,8,64.39,15.856,50.394
2025-12-13 15:10,33.11,,33.11,28.24,92.7,28.24,0,17,0.71,72.22,33.24,0,20,1.02,18.52,51.74,133.906,0,156.185,0,8,64.39,15.759,50.311
2025-12-13 15:20,33.11,,33.11,28.24,92.7,28.24,0,17,0.71,69.89,33.24,0,20,1.02,18.52,51.74,133.907,13.162,155.205,1,9,64.39,19.239,50.347
2025-12-13 15:30,33.11,,33.11,28.24,92.7,28.24,0,17,0.7,70.9,33.23,1,21,1.01,18.52,51.73,133.908,121.675,160.136,0,9,64.39,50.355,50.408
2025-12-13 15:40,33.11,,33.11,28.25,96.07,28.25,1,18,0.7,70.9,33.23,0,21,1.01,18.52,51.73,133.909,251.064,153.685,0,9,64.39,50.368,50.35
2025-12-13 15:50,33.11,,33.11,28.25,98.79,28.25,0,18,0.7,76.71,33.23,0,21,1.01,18.52,51.73,133.907,178.404,150.223,0,9,64.389,46.851,50.297
2025-12-13 16:00,33.11,,33.11,28.25,98.11,28.25,0,18,0.7,76.71,33.23,0,21,1.01,18.52,51.73,133.906,74.928,157.708,0,9,64.38,15.786,50.378
2025-12-13 16:10,33.11,,33.11,28.25,95.4,28.25,1,19,0.7,72.06,33.23,0,21,1.01,18.52,51.73,133.904,0,144.725,0,9,64.38,15.675,50.017
2025-12-13 16:20,33.11,,33.11,28.25,95.4,28.25,0,19,0.71,72.22,33.24,0,21,1.01,18.52,51.73,133.903,0,155.78,1,10,64.38,19.208,50.394
2025-12-13 16:30,33.11,,33.11,28.25,95.4,28.25,0,19,0.7,72.06,33.23,0,21,1.02,18.52,51.74,133.902,6.403,156.704,0,10,64.38,50.252,50.346
2025-12-13 16:40,33.11,,33.11,28.25,93.37,28.25,0,19,0.7,70.9,33.23,0,21,1.01,18.52,51.73,133.902,85.509,157.209,0,10,64.38,50.38,50.401
2025-12-13 16:50,33.11,,33.11,28.25,96.08,28.25,0,19,0.71,72.22,33.24,0,21,1.01,18.52,51.73,133.902,123.442,151.08,0,10,64.38,50.336,50.26
2025-12-13 17:00,33.11,,33.11,28.25,94.73,28.25,1,20,0.71,71.05,33.24,0,21,1.01,18.52,51.73,133.902,162.73,156.235,1,11,64.393,95.231,50.364
2025-12-13 17:10,33.11,,33.11,28.25,92.7,28.25,0,20,0.71,69.89,33.24,0,21,1.01,18.52,51.73,133.903,176.814,140.293,0,11,64.402,126.329,50.197
2025-12-13 17:20,33.11,,33.11,28.25,90.67,28.25,0,20,0.71,69.89,33.24,0,21,1.01,18.52,51.73,133.902,144.756,149.574,0,11,64.41,154.163,50.428
2025-12-13 17:30,33.11,,33.11,28.25,94.05,28.25,0,20,0.71,69.89,33.24,0,21,1.01,18.52,51.73,133.9,76.143,151.73,0,11,64.417,133.63,50.431
2025-12-13 17:40,33.11,,33.11,28.25,94.05,28.25,0,20,0.71,68.72,33.24,0,21,1,18.52,51.72,133.9,9.663,142.018,1,12,64.425,130.428,50.426
2025-12-13 17:50,33.11,,33.11,28.25,95.4,28.25,1,21,0.71,67.56,33.24,0,21,1,18.52,51.72,133.897,0,146.523,0,12,64.433,130.62,50.504
2025-12-13 18:00,33.11,,33.11,28.25,96.08,28.25,0,21,0.71,68.72,33.24,0,21,1,18.52,51.72,133.894,0,156.016,0,12,64.443,141.352,50.626
2025-12-13 18:10,33.11,,33.11,28.25,94.73,28.25,0,21,0.71,69.89,33.24,0,21,1,18.52,51.72,133.897,0,28.493,0,12,64.453,148.602,50.676
2025-12-13 18:20,33.11,,33.11,28.25,95.4,28.25,0,21,0.71,69.89,33.24,1,22,1,18.52,51.72,133.899,136.646,0.43,1,13,64.462,152.441,50.854
2025-12-13 18:30,33.11,,33.11,28.25,96.08,28.25,1,22,0.71,67.56,33.24,0,22,1.01,18.52,51.73,133.899,203.118,0.43,0,13,64.47,145.75,50.886
2025-12-13 18:40,33.11,,33.11,28.25,92.02,28.25,0,22,0.71,68.72,33.24,0,22,1,18.52,51.72,133.899,102.986,0.43,0,13,64.48,146.03,50.682
2025-12-13 18:50,33.11,,33.11,28.25,94.73,28.25,0,22,0.71,68.72,33.24,0,22,1.01,18.52,51.73,133.9,67.486,0.43,0,13,64.489,146.114,50.441
2025-12-13 19:00,33.11,,33.11,28.25,90.67,28.25,0,22,0.71,69.89,33.24,0,22,1.01,18.52,51.73,133.899,8.319,0.43,0,13,64.496,142.603,50.519
2025-12-13 19:10,33.11,,33.11,28.25,92.02,28.25,0,22,0.71,68.72,33.24,0,22,1,18.52,51.72,133.898,0,0.43,0,13,64.505,139.285,50.561
2025-12-13 19:20,33.11,,33.11,28.25,92.02,28.25,0,22,0.71,67.56,33.24,0,22,1,18.52,51.72,133.897,0,0.43,0,13,64.51,125.23,50.609
2025-12-13 19:30,33.11,,33.11,28.25,93.37,28.25,0,22,0.71,71.05,33.24,0,22,1.01,18.52,51.73,133.897,0,0.43,0,13,64.51,100.417,50.581
2025-12-13 19:40,33.11,,33.11,28.25,96.76,28.25,1,23,0.71,69.89,33.24,0,22,1.01,18.52,51.73,133.898,0,0.43,0,13,64.51,68.382,50.623
2025-12-13 19:50,33.11,,33.11,28.25,94.73,28.25,0,23,0.71,69.89,33.24,0,22,1.01,18.52,51.73,133.9,95.097,0.43,0,13,64.51,50.567,50.496
2025-12-13 20:00,33.11,,33.11,28.25,96.76,28.25,0,23,0.71,71.05,33.24,0,22,1.01,18.52,51.73,133.901,181.93,0.43,0,13,64.51,50.52,50.442
2025-12-13 20:10,33.11,,33.11,28.25,96.76,28.25,0,23,0.71,73.38,33.24,0,22,1.01,18.52,51.73,133.903,217.43,0.43,0,13,64.51,50.487,50.524
2025-12-13 20:20,33.11,,33.11,28.25,94.05,28.25,0,23,0.71,71.05,33.24,0,22,1.01,18.52,51.73,133.904,154.319,0.43,0,13,64.51,50.5,50.535
2025-12-13 20:30,33.11,,33.11,28.25,96.76,28.25,0,23,0.71,72.22,33.24,0,22,1.01,18.52,51.73,133.902,31.986,0.43,1,14,64.51,50.508,50.465
2025-12-13 20:40,33.11,,33.11,28.25,94.05,28.25,0,23,0.71,74.55,33.24,0,22,1.01,18.52,51.73,133.901,0,0.43,0,14,64.51,50.419,50.257
2025-12-13 20:50,33.11,,33.11,28.25,92.02,28.25,0,23,0.71,73.38,33.24,0,22,1.01,18.52,51.73,133.899,0,0.43,0,14,64.51,50.3,50.178
2025-12-13 21:00,33.11,,33.11,28.25,92.7,28.25,0,23,0.71,73.38,33.24,0,22,1.01,18.52,51.73,133.9,0,0.43,0,14,64.508,43.216,50.545
2025-12-13 21:10,33.11,,33.11,28.25,95.4,28.25,1,24,0.71,71.05,33.24,0,22,1.01,18.52,51.73,133.9,0,0.43,0,14,64.5,14.77,50.421
2025-12-13 21:20,33.11,,33.11,28.25,92.7,28.25,0,24,0.72,70.04,33.25,0,22,1.01,18.52,51.73,133.902,95.152,0.43,0,14,64.5,14.893,50.547
2025-12-13 21:30,33.11,,33.11,28.25,92.02,28.25,0,24,0.71,73.38,33.24,0,22,1.02,18.52,51.74,133.903,122.763,0.43,0,14,64.5,21.948,50.376
2025-12-13 21:40,33.11,,33.11,28.25,94.05,28.25,0,24,0.71,79.21,33.24,0,22,1.02,18.52,51.74,133.904,178.041,0.43,0,14,64.5,50.332,50.074
2025-12-13 21:50,33.11,,33.11,28.25,92.02,28.25,0,24,0.72,82.88,33.25,0,22,1.01,18.52,51.73,133.904,114.874,0.43,0,14,64.5,50.094,49.832
2025-12-13 22:00,33.11,,33.11,28.25,92.7,28.25,0,24,0.71,83.87,33.24,0,22,1.01,18.52,51.73,133.905,87.263,0.43,0,14,64.499,46.257,49.533
2025-12-13 22:10,33.11,,33.11,28.25,92.02,28.25,0,24,0.71,86.2,33.24,0,22,1.01,18.52,51.73,133.904,0,0.43,0,14,64.49,14.547,50.775
2025-12-13 22:20,33.11,,33.11,28.25,89.31,28.25,0,24,0.72,87.55,33.25,0,22,1.01,18.52,51.73,133.904,0.43,0.43,0,14,64.49,14.732,50.388
2025-12-13 22:30,33.11,,33.11,28.25,90.67,28.25,0,24,0.71,86.2,33.24,0,22,1.01,18.52,51.73,133.904,0,0.43,0,14,64.49,18.455,50.036
2025-12-13 22:40,33.11,,33.11,28.25,89.31,28.25,0,24,0.71,79.21,33.24,0,22,1.01,18.52,51.73,133.905,51.708,0.43,0,14,64.49,50.242,50.304
2025-12-13 22:50,33.11,,33.11,28.25,90.67,28.25,0,24,0.71,78.04,33.24,0,22,1.02,18.52,51.74,133.906,63.541,0.43,0,14,64.488,43.037,50.104
2025-12-13 23:00,33.11,,33.11,28.25,88.64,28.25,0,24,0.71,81.54,33.24,0,22,1.03,18.52,51.75,133.907,106.986,0.43,0,14,64.481,18.153,49.717
2025-12-13 23:10,33.11,,33.11,28.26,85.25,28.26,0,24,0.72,80.55,33.25,0,22,1.03,18.52,51.75,133.909,122.763,0.43,0,14,64.48,14.57,50.221
2025-12-13 23:20,33.11,,33.11,28.26,92.02,28.26,0,24,0.71,80.37,33.24,0,22,1.04,18.52,51.76,133.909,114.874,0.43,0,14,64.477,11.003,49.906
2025-12-13 23:30,33.11,,33.11,28.26,90.67,28.26,0,24,0.71,76.88,33.24,0,22,1.02,18.52,51.74,133.908,39.874,0.43,0,14,64.47,11.206,50.158
2025-12-13 23:40,33.11,,33.11,28.26,90.67,28.26,0,24,0.71,80.37,33.24,0,22,1.02,18.52,51.74,133.907,0,0.43,0,14,64.47,14.719,50.093
2025-12-13 23:50,33.11,,33.11,28.26,89.95,28.26,0,24,0.71,80.37,33.24,0,22,1.02,18.52,51.74,133.907,0,0.43,0,14,64.47,25.405,50.131
2025-12-14 0:00,33.11,,33.11,28.26,89.27,28.26,0,24,0.71,78.04,33.24,0,22,1.03,18.52,51.75,133.907,0,0.43,0,14,64.466,35.818,49.564
2025-12-14 0:10,33.11,,33.11,28.26,90.63,28.26,0,24,0.72,77.04,33.25,0,22,1.03,18.52,51.75,133.907,4.374,0.43,0,14,64.461,17.977,49.402
2025-12-14 0:20,33.11,,33.11,28.26,91.31,28.26,0,24,0.71,78.04,33.24,0,22,1.03,18.52,51.75,133.907,24.097,0.43,0,14,64.46,14.391,49.873
2025-12-14 0:30,33.11,,33.11,28.26,91.99,28.26,0,24,0.71,80.37,33.24,0,22,1.04,18.52,51.76,133.904,0,0.43,0,14,64.46,28.597,49.85
2025-12-14 0:40,33.11,,33.11,28.26,93.35,28.26,0,24,0.71,88.53,33.24,0,22,1.04,18.52,51.76,133.909,71.43,0.43,0,14,64.451,14.791,50.152
2025-12-14 0:50,33.11,,33.11,28.26,92.67,28.26,0,24,0.71,90.86,33.24,0,22,1.04,18.52,51.76,133.91,106.986,0.43,1,15,64.45,14.807,49.918
2025-12-14 1:00,33.11,,33.11,28.26,98.12,28.26,0,24,0.71,82.7,33.24,0,22,1.04,18.52,51.76,133.911,284.541,0.43,0,15,64.45,14.866,50.026
2025-12-14 1:10,33.11,,33.11,28.26,97.44,28.26,0,24,0.71,83.87,33.24,0,22,1.04,18.52,51.76,133.912,118.874,0.43,0,15,64.445,28.863,49.812
2025-12-14 1:20,33.11,,33.11,28.26,98.12,28.26,0,24,0.71,81.54,33.24,0,22,1.04,18.52,51.76,133.912,59.652,0.43,0,15,64.44,14.86,49.909
2025-12-14 1:30,33.11,,33.11,28.26,94.72,28.26,0,24,0.72,73.54,33.25,0,22,1.04,18.52,51.76,133.909,0,0.43,0,15,64.44,14.913,50.184
2025-12-14 1:40,33.11,,33.11,28.26,93.35,28.26,0,24,0.72,72.37,33.25,0,22,1.04,18.52,51.76,133.909,0,0.43,0,15,64.436,18.511,49.941
2025-12-14 1:50,33.11,,33.11,28.26,93.35,28.26,0,24,0.72,72.37,33.25,0,22,1.04,18.52,51.76,133.909,0,0.43,0,15,64.43,15.081,50.117
2025-12-14 2:00,33.11,,33.11,28.26,91.31,28.26,0,24,0.72,73.54,33.25,0,22,1.04,18.52,51.76,133.911,51.708,0.43,0,15,64.43,15.088,50.206
2025-12-14 2:10,33.11,,33.11,28.26,92.67,28.26,0,24,0.72,73.54,33.25,0,22,1.05,18.52,51.77,133.912,126.763,0.43,0,15,64.427,18.524,49.749
2025-12-14 2:20,33.11,,33.11,28.26,94.72,28.26,0,24,0.72,73.54,33.25,0,22,1.05,18.52,51.77,133.913,150.374,0.43,0,15,64.42,15.07,49.92
2025-12-14 2:30,33.11,,33.11,28.26,90.63,28.26,0,24,0.72,74.71,33.25,0,22,1.05,18.52,51.77,133.913,83.319,0.43,0,15,64.42,15.014,50.038
2025-12-14 2:40,33.11,,33.11,28.26,93.35,28.26,0,24,0.72,77.04,33.25,0,22,1.05,18.52,51.77,133.913,39.874,0.43,0,15,64.42,25.638,50.123
2025-12-14 2:50,33.11,,33.11,28.26,89.95,28.26,0,24,0.72,75.88,33.25,0,22,1.05,18.52,51.77,133.912,0,0.43,0,15,64.413,25.662,49.824
2025-12-14 3:00,33.11,,33.11,28.26,91.31,28.26,0,24,0.72,73.54,33.25,0,22,1.05,18.52,51.77,133.912,0,0.43,0,15,64.41,14.88,49.028
2025-12-14 3:10,33.11,,33.11,28.26,90.63,28.26,0,24,0.72,71.21,33.25,0,22,1.05,18.52,51.77,133.913,0.43,0.43,0,15,64.41,14.854,50.045
2025-12-14 3:20,33.11,,33.11,28.26,88.59,28.26,0,24,0.72,68.87,33.25,0,22,1.05,18.52,51.77,133.914,67.541,0.43,0,15,64.407,28.811,50.028
2025-12-14 3:30,33.11,,33.11,28.26,90.63,28.26,0,24,0.72,73.54,33.25,0,22,1.06,18.52,51.78,133.915,138.597,0.43,0,15,64.4,15.1,49.395
2025-12-14 3:40,33.11,,33.11,28.26,93.35,28.26,0,24,0.72,71.21,33.25,0,22,1.06,18.52,51.78,133.916,138.597,0.43,0,15,64.4,15.007,49.763
2025-12-14 3:50,33.11,,33.11,28.26,93.35,28.26,0,24,0.72,70.04,33.25,0,22,1.06,18.52,51.78,133.918,150.43,0.43,0,15,64.398,18.484,49.793
2025-12-14 4:00,33.11,,33.11,28.26,89.95,28.26,0,24,0.71,71.05,33.24,0,22,1.06,18.52,51.78,133.919,130.652,0.43,0,15,64.39,15.28,49.951
2025-12-14 4:10,33.11,,33.11,28.26,89.27,28.26,0,24,0.72,78.21,33.25,0,22,1.06,18.52,51.78,133.918,79.374,0.43,0,15,64.39,15.547,50.564
2025-12-14 4:20,33.11,,33.11,28.26,85.86,28.26,0,24,0.71,78.04,33.24,0,22,1.06,18.52,51.78,133.916,0,0.43,0,15,64.382,0,50.199
2025-12-14 4:30,33.11,,33.11,28.26,88.59,28.26,0,24,0.71,76.88,33.24,0,22,1.06,18.52,51.78,133.915,0,0.43,0,15,64.38,15.77,50.213
2025-12-14 4:40,33.11,,33.11,28.26,87.9,28.26,0,24,0.71,76.88,33.24,0,22,1.06,18.52,51.78,133.916,0,0.43,0,15,64.38,15.663,50.244
2025-12-14 4:50,33.11,,33.11,28.26,89.27,28.26,0,24,0.7,75.55,33.23,0,22,1.06,18.52,51.78,133.916,0,0.43,0,15,64.38,43.295,50.261
2025-12-14 5:00,33.11,,33.11,28.26,89.95,28.26,0,24,0.7,80.2,33.23,0,22,1.06,18.52,51.78,133.917,47.763,0.43,0,15,64.379,46.656,49.795
2025-12-14 5:10,33.11,,33.11,28.26,88.59,28.26,0,24,0.71,78.04,33.24,0,22,1.06,18.52,51.78,133.918,91.208,0.43,0,15,64.37,15.741,50.333
2025-12-14 5:20,33.11,,33.11,28.26,86.54,28.26,0,24,0.71,75.71,33.24,0,22,1.06,18.52,51.78,133.918,87.263,0.43,0,15,64.369,12.032,49.467
2025-12-14 5:30,33.11,,33.11,28.26,90.63,28.26,0,24,0.71,73.38,33.24,0,22,1.06,18.52,51.78,133.919,75.43,0.43,0,15,64.361,0,49.91
2025-12-14 5:40,33.11,,33.11,28.26,88.59,28.26,0,24,0.71,72.22,33.24,0,22,1.06,18.52,51.78,133.919,20.208,0.43,0,15,64.36,15.32,49.584
2025-12-14 5:50,33.11,,33.11,28.26,89.95,28.26,0,24,0.71,69.89,33.24,0,22,1.06,18.52,51.78,133.918,0,0.43,0,15,64.36,18.855,49.739
2025-12-14 6:00,33.11,,33.11,28.26,88.59,28.26,0,24,0.71,71.05,33.24,0,22,1.06,18.52,51.78,133.918,0,0.43,0,15,64.354,25.58,49.418
2025-12-14 6:10,33.11,,33.11,28.26,89.95,28.26,0,24,0.72,74.71,33.25,0,22,1.06,18.52,51.78,133.919,12.263,0.43,0,15,64.35,15.475,49.934
2025-12-14 6:20,33.11,,33.11,28.26,87.9,28.26,0,24,0.72,74.71,33.25,0,22,1.07,18.52,51.79,133.918,16.208,0.43,0,15,64.35,15.516,49.863
2025-12-14 6:30,33.11,,33.11,28.26,86.54,28.26,0,24,0.72,74.71,33.25,0,22,1.07,18.52,51.79,133.919,39.93,0.43,0,15,64.346,22.326,49.18
2025-12-14 6:40,33.11,,33.11,28.26,87.22,28.26,0,24,0.72,73.54,33.25,0,22,1.06,18.52,51.78,133.921,71.486,0.43,0,15,64.34,15.202,49.065
2025-12-14 6:50,33.11,,33.11,28.26,87.9,28.26,0,24,0.72,74.71,33.25,0,22,1.08,18.52,51.8,133.921,103.097,0.43,0,15,64.34,15.022,49.322
2025-12-14 7:00,33.11,,33.11,28.26,85.86,28.26,0,24,0.72,73.54,33.25,0,22,1.07,18.52,51.79,133.921,91.208,0.43,0,15,64.335,11.698,49.209
2025-12-14 7:10,33.11,,33.11,28.26,86.54,28.26,0,24,0.71,74.55,33.24,0,22,1.07,18.52,51.79,133.922,31.986,0.43,0,15,64.33,15.197,49.061
2025-12-14 7:20,33.11,,33.11,28.26,88.59,28.26,0,24,0.71,73.38,33.24,0,22,1.08,18.52,51.8,133.921,0,0.43,0,15,64.33,15.079,48.967
2025-12-14 7:30,33.11,,33.11,28.26,88.59,28.26,0,24,0.71,79.21,33.24,0,22,1.08,18.52,51.8,133.92,0,0.43,0,15,64.328,25.085,48.729
2025-12-14 7:40,33.11,,33.11,28.26,87.22,28.26,0,24,0.71,83.87,33.24,0,22,1.08,18.52,51.8,133.921,0,0.43,0,15,64.32,14.907,48.86
2025-12-14 7:50,33.11,,33.11,28.26,90.63,28.26,0,24,0.72,81.71,33.25,0,22,1.08,18.52,51.8,133.919,0,0.43,0,15,64.32,14.963,49.133
2025-12-14 8:00,33.11,,33.11,28.26,91.95,28.26,0,24,0.72,80.55,33.25,0,22,1.08,18.52,51.8,133.919,0,0.43,0,15,64.319,18.596,49.295
2025-12-14 8:10,33.11,,33.11,28.26,91.95,28.26,0,24,0.71,76.88,33.24,0,22,1.07,18.52,51.79,133.918,0,134.724,0,15,64.312,22.216,49.554
2025-12-14 8:20,33.11,,33.11,28.26,86.46,28.26,0,24,0.71,75.71,33.24,0,22,1.07,18.52,51.79,133.917,0,153.401,0,15,64.31,15.565,49.513
2025-12-14 8:30,33.11,,33.11,28.26,84.41,28.26,0,24,0.71,73.38,33.24,0,22,1.07,18.52,51.79,133.919,112.016,154.589,0,15,64.31,19.078,49.667
2025-12-14 8:40,33.11,,33.11,28.26,87.9,28.26,0,24,0.72,72.37,33.25,0,22,1.07,18.52,51.79,133.92,206.701,158.112,0,15,64.3,9.087,49.582
2025-12-14 8:50,33.11,,33.11,28.26,85.78,28.26,0,24,0.72,71.21,33.25,0,22,1.07,18.52,51.79,133.919,267.403,157.842,0,15,64.3,15.876,49.546
2025-12-14 9:00,33.11,,33.11,28.26,88.52,28.26,0,24,0.72,66.54,33.25,0,22,1.06,18.52,51.78,133.919,174.194,159.128,0,15,64.3,15.796,49.427
2025-12-14 9:10,33.11,,33.11,28.26,87.15,28.26,0,24,0.71,66.39,33.24,0,22,1.08,18.52,51.8,133.918,94.381,155.671,0,15,64.293,25.825,49.336
2025-12-14 9:20,33.11,,33.11,28.26,85.09,28.26,0,24,0.71,68.72,33.24,0,22,1.08,18.52,51.8,133.917,66.328,156.519,0,15,64.29,15.798,49.631
2025-12-14 9:30,33.11,,33.11,28.27,84.41,28.27,0,24,0.71,67.56,33.24,0,22,1.09,18.52,51.81,133.918,132.989,157.944,0,15,64.284,0,49.393
2025-12-14 9:40,33.11,,33.11,28.27,87.84,28.27,0,24,0.71,65.23,33.24,0,22,1.06,18.52,51.78,133.917,96.498,152.698,0,15,64.28,5.781,49.318
2025-12-14 9:50,33.11,,33.11,28.27,84.41,28.27,0,24,0.71,65.23,33.24,0,22,1.06,18.52,51.78,133.914,18.677,148.058,0,15,64.28,15.68,49.163
2025-12-14 10:00,33.11,,33.11,28.27,90.58,28.27,0,24,0.71,65.23,33.24,0,22,1.07,18.52,51.79,133.913,0,151.258,0,15,64.28,35.821,49.315
2025-12-14 10:10,33.11,,33.11,28.27,97.44,28.27,0,24,0.71,65.23,33.24,0,22,1.06,18.52,51.78,133.912,0,153.725,0,15,64.28,49.268,49.328
2025-12-14 10:20,33.11,,33.11,28.27,99.5,28.27,0,24,0.71,78.04,33.24,0,22,1.06,18.52,51.78,133.91,10.944,154.183,0,15,64.29,82.925,49.298
2025-12-14 10:30,33.11,,33.11,28.27,99.5,28.27,0,24,0.72,74.71,33.25,0,22,1.08,18.52,51.8,133.91,66.925,153.369,0,15,64.306,136.619,48.73
2025-12-14 10:40,33.11,,33.11,28.27,98.13,28.27,0,24,0.72,67.71,33.25,0,22,1.06,18.52,51.78,133.909,41.991,150.088,0,15,64.32,184.021,49.368
2025-12-14 10:50,33.11,,33.11,28.27,100.19,28.27,0,24,0.72,66.54,33.25,0,22,1.06,18.52,51.78,133.906,0.51,148.074,0,15,64.32,150.437,49.379
2025-12-14 11:00,33.11,,33.11,28.27,100.19,28.27,0,24,0.71,73.38,33.24,0,22,1.08,18.52,51.8,133.905,0,140.449,0,15,64.327,120.519,49.475
2025-12-14 11:10,33.11,,33.11,28.27,97.44,28.27,0,24,0.71,71.05,33.24,0,22,1.07,18.52,51.79,133.904,0,144.866,0,15,64.333,93.523,49.38
2025-12-14 11:20,33.11,,33.11,28.27,96.07,28.27,0,24,0.71,78.04,33.24,0,22,1.07,18.52,51.79,133.902,0,155.005,0,15,64.343,127.76,49.759
2025-12-14 11:30,33.11,,33.11,28.27,98.13,28.27,0,24,0.71,79.21,33.24,0,22,1.07,18.52,51.79,133.902,63.87,140.405,0,15,64.352,134.775,49.52
2025-12-14 11:40,33.11,,33.11,28.27,96.76,28.27,0,24,0.72,81.71,33.25,0,22,1.06,18.52,51.78,133.902,78.691,141.995,0,15,64.363,152.126,49.598
2025-12-14 11:50,33.11,,33.11,28.27,100.19,28.27,0,24,0.71,83.87,33.24,1,23,1.06,18.52,51.78,133.903,179.713,138.404,0,15,64.375,159.042,49.174
2025-12-14 12:00,33.11,,33.11,28.27,97.44,28.27,0,24,0.71,85.03,33.24,0,23,1.06,18.52,51.78,133.902,123.047,147.909,1,16,64.381,148.759,48.838
2025-12-14 12:10,33.11,,33.11,28.27,95.4,28.27,0,24,0.72,80.55,33.25,0,23,1.06,18.52,51.78,133.904,168.099,4.817,0,16,64.39,142.142,49.412
2025-12-14 12:20,33.11,,33.11,28.26,97.44,28.26,0,24,0.71,81.54,33.24,0,23,1.06,18.52,51.78,133.905,161.552,0.43,0,16,64.398,128.596,49.204
2025-12-14 12:30,33.11,,33.11,28.26,96.76,28.26,0,24,0.72,82.88,33.25,0,23,1.06,18.52,51.78,133.912,400.503,0.43,0,16,64.406,135.759,49.161
2025-12-14 12:40,33.11,,33.11,28.26,95.4,28.26,0,24,0.72,84.05,33.25,0,23,1.06,18.52,51.78,133.904,0.43,0.43,0,16,64.414,132.451,49.487
2025-12-14 12:50,33.11,,33.11,28.26,91.99,28.26,0,24,0.71,74.55,33.24,1,24,1.06,18.52,51.78,133.902,0,0.43,0,16,64.422,132.795,49.57
2025-12-14 13:00,33.11,,33.11,28.26,93.35,28.26,0,24,0.71,68.72,33.24,0,24,1.06,18.52,51.78,133.9,0,0.43,0,16,64.431,136.792,50.152
2025-12-14 13:10,33.11,,33.11,28.26,91.31,28.26,0,24,0.71,76.88,33.24,0,24,1.06,18.52,51.78,133.899,0,0.43,0,16,64.439,137.298,50.339
2025-12-14 13:20,33.11,,33.11,28.26,91.31,28.26,0,24,0.71,73.38,33.24,0,24,1.06,18.52,51.78,133.898,0,0.43,0,16,64.44,113.181,50.385
2025-12-14 13:30,33.11,,33.11,28.26,93.35,28.26,0,24,0.71,81.54,33.24,0,24,1.07,18.52,51.79,133.899,0,0.43,0,16,64.44,81.719,49.933
2025-12-14 13:40,33.11,,33.11,28.26,92.67,28.26,0,24,0.72,80.55,33.25,0,24,1.07,18.52,51.79,133.9,71.43,0.43,0,16,64.44,53.706,50.301
2025-12-14 13:50,33.11,,33.11,28.26,90.63,28.26,0,24,0.72,80.55,33.25,0,24,1.07,18.52,51.79,133.901,99.097,0.43,0,16,64.44,50.115,50.11
2025-12-14 14:00,33.11,,33.11,28.26,90.63,28.26,0,24,0.71,80.55,33.24,0,24,1.07,18.52,51.79,133.902,134.597,0.43,0,16,64.44,50.17,50.098
2025-12-14 14:10,33.11,,33.11,28.26,94.04,28.26,0,24,0.72,63.04,33.25,1,25,1.07,18.52,51.79,133.902,67.541,0.43,0,16,64.44,50.25,50.542
2025-12-14 14:20,33.11,,33.11,28.27,94.04,28.27,0,24,0.72,65.37,33.25,0,25,1.07,18.52,51.79,133.902,31.986,0.43,0,16,64.44,50.304,50.273
2025-12-14 14:30,33.11,,33.11,28.26,94.04,28.26,0,24,0.71,66.39,33.24,0,25,1.07,18.52,51.79,133.901,0,0.43,0,16,64.44,50.403,50.396
2025-12-14 14:40,33.11,,33.11,28.26,96.08,28.26,0,24,0.71,67.56,33.24,0,25,1.08,18.52,51.8,133.901,0,0.43,0,16,64.44,50.283,50.181
2025-12-14 14:50,33.11,,33.11,28.26,97.44,28.26,0,24,0.72,65.37,33.25,0,25,1.08,18.52,51.8,133.901,0,0.43,0,16,64.44,50.337,50.435
2025-12-14 15:00,33.11,,33.11,28.26,97.44,28.26,0,24,0.71,65.23,33.24,0,25,1.08,18.52,51.8,133.902,59.314,11.417,0,16,64.434,29.294,50.267
2025-12-14 15:10,33.11,,33.11,28.26,94.72,28.26,0,24,0.72,68.87,33.25,1,26,1.08,18.52,51.8,133.898,0,138.375,0,16,64.43,15.187,49.859
2025-12-14 15:20,33.11,,33.11,28.26,95.4,28.26,0,24,0.71,65.23,33.24,0,26,1.08,18.52,51.8,133.894,0,146.642,0,16,64.43,15.085,50.13
2025-12-14 15:30,33.11,,33.11,28.26,98.12,28.26,0,24,0.72,65.37,33.25,0,26,1.07,18.52,51.79,133.893,0,131.397,0,16,64.43,35.893,49.689
2025-12-14 15:40,33.11,,33.11,28.26,99.49,28.26,0,24,0.72,64.2,33.25,0,26,1.07,18.52,51.79,133.891,0,151.67,0,16,64.43,49.833,49.681
2025-12-14 15:50,33.11,,33.11,28.26,97.44,28.26,0,24,0.72,67.71,33.25,0,26,1.07,18.52,51.79,133.888,0,154.24,0,16,64.429,46.433,50.429
2025-12-14 16:00,33.11,,33.11,28.26,97.44,28.26,0,24,0.72,65.37,33.25,0,26,1.07,18.52,51.79,133.889,0,141.402,0,16,64.42,15.366,50.653
2025-12-14 16:10,33.11,,33.11,28.26,97.44,28.26,0,24,0.72,67.71,33.25,0,26,1.06,18.52,51.78,133.889,72.207,122.311,0,16,64.42,15.493,50.063
2025-12-14 16:20,33.11,,33.11,28.26,95.4,28.26,0,24,0.71,68.72,33.24,0,26,1.06,18.52,51.78,133.888,120.306,144.538,0,16,64.42,18.929,50.238
2025-12-14 16:30,33.11,,33.11,28.26,95.4,28.26,0,24,0.72,64.2,33.25,0,26,1.06,18.52,51.78,133.887,76.578,152.218,0,16,64.42,50.228,50.383
2025-12-14 16:40,33.11,,33.11,28.26,93.35,28.26,0,24,0.72,66.54,33.25,0,26,1.06,18.52,51.78,133.887,31.658,117.718,0,16,64.419,46.605,49.695
2025-12-14 16:50,33.11,,33.11,28.26,90.63,28.26,0,24,0.72,67.71,33.25,0,26,1.06,18.52,51.78,133.885,0,141.459,0,16,64.42,50.083,50.172
2025-12-14 17:00,33.11,,33.11,28.26,93.35,28.26,0,24,0.71,69.89,33.24,0,26,1.05,18.52,51.77,133.882,0,154.777,0,16,64.43,84.953,50.325
2025-12-14 17:10,33.11,,33.11,28.26,92.02,28.26,0,24,0.72,65.37,33.25,0,26,1.05,18.52,51.77,133.882,0,135.95,0,16,64.44,123.606,50.156
2025-12-14 17:20,33.11,,33.11,28.26,87.96,28.26,0,24,0.72,66.54,33.25,0,26,1.05,18.52,51.77,133.882,59.384,147.759,0,16,64.45,155.268,50.489
2025-12-14 17:30,33.11,,33.11,28.26,89.31,28.26,0,24,0.72,74.71,33.25,0,26,1.05,18.52,51.77,133.881,131.719,158.781,0,16,64.45,120.469,50.596
2025-12-14 17:40,33.11,,33.11,28.26,89.31,28.26,0,24,0.72,70.04,33.25,0,26,1.05,18.52,51.77,133.88,100.18,159.668,0,16,64.458,113.723,50.585
2025-12-14 17:50,33.11,,33.11,28.26,90.67,28.26,0,24,0.72,67.71,33.25,0,26,1.05,18.52,51.77,133.88,79.905,146.099,0,16,64.461,89.195,50.403
2025-12-14 18:00,33.11,,33.11,28.26,92.7,28.26,0,24,0.72,68.87,33.25,0,26,1.05,18.52,51.77,133.878,9.516,148.614,0,16,64.471,124.569,50.884
2025-12-14 18:10,33.11,,33.11,28.26,92.02,28.26,0,24,0.72,72.37,33.25,0,26,1.05,18.52,51.77,133.877,21.315,112.231,0,16,64.48,128.284,50.733
2025-12-14 18:20,33.11,,33.11,28.26,90.67,28.26,0,24,0.72,70.04,33.25,0,26,1.05,18.52,51.77,133.882,149.883,11.303,0,16,64.49,153.375,51.007
2025-12-14 18:30,33.11,,33.11,28.26,93.37,28.26,0,24,0.72,67.71,33.25,0,26,1.05,18.52,51.77,133.885,344.988,0.43,0,16,64.498,146.537,51.037
2025-12-14 18:40,33.11,,33.11,28.26,92.7,28.26,0,24,0.72,65.37,33.25,0,26,1.05,18.52,51.77,133.887,366.888,0.43,0,16,64.507,146.917,51.04
2025-12-14 18:50,33.11,,33.11,28.26,94.73,28.26,0,24,0.72,66.54,33.25,0,26,1.05,18.52,51.77,133.887,193.708,0.43,0,16,64.513,132.936,51.232
2025-12-14 19:00,33.11,,33.11,28.26,92.02,28.26,0,24,0.72,68.87,33.25,0,26,1.05,18.52,51.77,133.888,126.652,0.43,0,16,64.52,129.563,51.083
2025-12-14 19:10,33.11,,33.11,28.26,91.34,28.26,0,24,0.72,66.54,33.25,0,26,1.05,18.52,51.77,133.886,0,0.43,0,16,64.53,133.292,51.062
2025-12-14 19:20,33.11,,33.11,28.26,91.34,28.26,0,24,0.72,66.54,33.25,0,26,1.05,18.52,51.77,133.886,0,0.43,0,16,64.538,140.603,51.165
2025-12-14 19:30,33.11,,33.11,28.26,87.96,28.26,0,24,0.72,65.37,33.25,0,26,1.06,18.52,51.78,133.885,0,0.43,0,16,64.54,122.873,51.392
2025-12-14 19:40,33.11,,33.11,28.26,92.7,28.26,0,24,0.72,64.2,33.25,0,26,1.06,18.52,51.78,133.884,0,0.43,0,16,64.54,87.16,51.256
2025-12-14 19:50,33.11,,33.11,28.26,88.64,28.26,0,24,0.72,70.04,33.25,0,26,1.06,18.52,51.78,133.886,8.319,0.43,0,16,64.54,58.426,51.131
2025-12-14 20:00,33.11,,33.11,28.26,92.02,28.26,0,24,0.72,68.87,33.25,0,26,1.06,18.52,51.78,133.888,106.93,0.43,0,16,64.54,51.205,51.229
2025-12-14 20:10,33.11,,33.11,28.26,90.67,28.26,0,24,0.72,68.87,33.25,0,26,1.06,18.52,51.78,133.888,154.263,0.43,0,16,64.54,51.157,51.11
2025-12-14 20:20,33.11,,33.11,28.26,90.67,28.26,0,24,0.72,67.71,33.25,0,26,1.06,18.52,51.78,133.889,99.041,0.43,0,16,64.54,51.162,51.148
2025-12-14 20:30,33.11,,33.11,28.26,92.7,28.26,0,24,0.72,67.71,33.25,0,26,1.06,18.52,51.78,133.889,43.819,0.43,0,16,64.54,51.356,51.81
2025-12-14 20:40,33.11,,33.11,28.26,90.67,28.26,0,24,0.72,70.04,33.25,0,26,1.06,18.52,51.78,133.889,20.152,0.43,0,16,64.54,51.398,51.235
2025-12-14 20:50,33.11,,33.11,28.26,88.64,28.26,0,24,0.72,72.37,33.25,0,26,1.06,18.52,51.78,133.888,0,0.43,0,16,64.54,51.516,51.503
2025-12-14 21:00,33.11,,33.11,28.25,89.31,28.25,0,24,0.72,68.87,33.25,0,26,1.06,18.52,51.78,133.888,0,0.43,0,16,64.532,22.461,50.812
2025-12-14 21:10,33.11,,33.11,28.25,87.96,28.25,0,24,0.72,67.71,33.25,0,26,1.06,18.52,51.78,133.888,0,0.43,0,16,64.53,15.18,50.892
2025-12-14 21:20,33.11,,33.11,28.25,89.31,28.25,0,24,0.72,68.87,33.25,0,26,1.06,18.52,51.78,133.89,67.486,0.43,0,16,64.53,15.057,51.134
2025-12-14 21:30,33.11,,33.11,28.25,89.99,28.25,0,24,0.72,68.87,33.25,0,26,1.06,18.52,51.78,133.891,99.097,0.43,0,16,64.53,43.883,51.122
2025-12-14 21:40,33.11,,33.11,28.25,88.64,28.25,0,24,0.72,66.54,33.25,0,26,1.06,18.52,51.78,133.892,122.763,0.43,0,16,64.529,47.536,51.019
2025-12-14 21:50,33.11,,33.11,28.25,92.7,28.25,0,24,0.72,67.71,33.25,0,26,1.06,18.52,51.78,133.892,99.097,0.43,0,16,64.523,26.047,51.166
2025-12-14 22:00,33.11,,33.11,28.25,88.64,28.25,0,24,0.72,67.71,33.25,0,26,1.06,18.52,51.78,133.892,35.93,0.43,0,16,64.52,15.363,51.238
2025-12-14 22:10,33.11,,33.11,28.25,88.64,28.25,0,24,0.72,68.87,33.25,0,26,1.06,18.52,51.78,133.892,0.43,0.43,0,16,64.52,19.051,51.415
2025-12-14 22:20,33.11,,33.11,28.25,90.67,28.25,0,24,0.72,70.04,33.25,0,26,1.05,18.52,51.77,133.891,0,0.43,0,16,64.515,22.692,51.089
2025-12-14 22:30,33.11,,33.11,28.25,88.64,28.25,0,24,0.72,68.87,33.25,0,26,1.05,18.52,51.77,133.892,0.43,0.43,0,16,64.51,15.383,50.813
2025-12-14 22:40,33.11,,33.11,28.25,85.32,28.25,0,24,0.72,65.37,33.25,0,26,1.05,18.52,51.77,133.893,39.874,0.43,0,16,64.51,15.181,50.809
2025-12-14 22:50,33.11,,33.11,28.25,86.66,28.25,0,24,0.72,67.71,33.25,1,27,1.05,18.52,51.77,133.894,114.819,0.43,0,16,64.51,32.706,50.164
2025-12-14 23:00,33.11,,33.11,28.25,88.01,28.25,0,24,0.72,64.2,33.25,0,27,1.05,18.52,51.77,133.895,134.541,0.43,0,16,64.508,43.184,49.912
2025-12-14 23:10,33.11,,33.11,28.25,88.68,28.25,0,24,0.72,64.2,33.25,0,27,1.05,18.52,51.77,133.895,102.986,0.43,0,16,64.5,14.76,51.036
2025-12-14 23:20,33.11,,33.11,28.25,88.68,28.25,0,24,0.72,66.54,33.25,0,27,1.06,18.52,51.78,133.895,39.874,0.43,0,16,64.5,14.98,50.825
2025-12-14 23:30,33.11,,33.11,28.25,85.32,28.25,0,24,0.72,68.87,33.25,0,27,1.06,18.52,51.78,133.895,20.152,0.43,0,16,64.499,18.743,50.536
2025-12-14 23:40,33.11,,33.11,28.25,88.68,28.25,0,24,0.72,65.37,33.25,0,27,1.06,18.52,51.78,133.895,0,0.43,0,16,64.49,15.109,50.468
2025-12-14 23:50,33.11,,33.11,28.25,84.65,28.25,0,24,0.72,60.7,33.25,0,27,1.06,18.52,51.78,133.895,0,0.43,0,16,64.49,14.742,49.723
2025-12-15 0:00,33.11,,33.11,28.25,83.31,28.25,0,24,0.72,67.71,33.25,0,27,1.06,18.52,51.78,133.895,0,0.43,0,16,64.49,17.978,49.576
2025-12-15 0:10,33.11,,33.11,28.25,86.66,28.25,0,24,0.72,66.54,33.25,0,27,1.06,18.52,51.78,133.896,55.652,0.43,0,16,64.488,42.686,50.092
2025-12-15 0:20,33.11,,33.11,28.25,86.66,28.25,0,24,0.71,64.07,33.24,0,27,1.06,18.52,51.78,133.896,35.93,0.43,0,16,64.48,14.451,50.019
2025-12-15 0:30,33.11,,33.11,28.25,84.65,28.25,0,24,0.71,65.23,33.24,1,28,1.06,18.52,51.78,133.896,28.041,0.43,0,16,64.48,14.633,50.123
2025-12-15 0:40,33.11,,33.11,28.25,84.65,28.25,0,24,0.72,64.2,33.25,0,28,1.06,18.52,51.78,133.896,0,0.43,0,16,64.478,14.636,49.933
2025-12-15 0:50,33.11,,33.11,28.25,84.65,28.25,0,24,0.72,64.2,33.25,0,28,1.06,18.52,51.78,133.897,24.097,0.43,0,16,64.47,14.902,50.65
2025-12-15 1:00,33.11,,33.11,28.25,83.31,28.25,0,24,0.72,61.87,33.25,0,28,1.06,18.52,51.78,133.897,39.93,0.43,0,16,64.47,15.143,50.847
2025-12-15 1:10,33.11,,33.11,28.25,81.29,28.25,0,24,0.72,61.87,33.25,0,28,1.06,18.52,51.78,133.897,35.986,0.43,0,16,64.468,15.363,50.591
2025-12-15 1:20,33.11,,33.11,28.25,84.65,28.25,0,24,0.71,60.57,33.24,0,28,1.06,18.52,51.78,133.898,39.93,0.43,0,16,64.46,15.431,50.521
2025-12-15 1:30,33.11,,33.11,28.25,79.95,28.25,0,24,0.71,61.74,33.24,0,28,1.05,18.52,51.77,133.898,20.152,0.43,0,16,64.46,15.323,50.523
2025-12-15 1:40,33.11,,33.11,28.25,88.01,28.25,0,24,0.71,60.57,33.24,0,28,1.05,18.52,51.77,133.898,43.819,0.43,0,16,64.46,22.41,50.687
2025-12-15 1:50,33.11,,33.11,28.25,85.32,28.25,0,24,0.72,59.53,33.25,0,28,1.05,18.52,51.77,133.898,24.097,0.43,0,16,64.455,32.956,50.493
2025-12-15 2:00,33.11,,33.11,28.25,88.68,28.25,0,24,0.72,59.53,33.25,0,28,1.05,18.52,51.77,133.898,28.041,0.43,0,16,64.45,15.468,50.724
2025-12-15 2:10,33.11,,33.11,28.25,86.66,28.25,0,24,0.71,57.08,33.24,0,28,1.05,18.52,51.77,133.898,12.263,0.43,0,16,64.448,8.382,50.595
2025-12-15 2:20,33.11,,33.11,28.25,80.62,28.25,0,24,0.71,57.08,33.24,0,28,1.05,18.52,51.77,133.899,31.986,0.43,0,16,64.44,0,50.363
2025-12-15 2:30,33.11,,33.11,28.25,83.98,28.25,0,24,0.71,58.24,33.24,0,28,1.05,18.52,51.77,133.9,71.43,0.43,0,16,64.44,15.284,50.06
2025-12-15 2:40,33.11,,33.11,28.25,81.96,28.25,0,24,0.71,60.57,33.24,0,28,1.05,18.52,51.77,133.9,67.486,0.43,0,16,64.44,22.279,50.413
2025-12-15 2:50,33.11,,33.11,28.25,79.27,28.25,0,24,0.71,60.57,33.24,0,28,1.03,18.52,51.75,133.899,4.374,0.43,0,16,64.432,22.183,50.076
2025-12-15 3:00,33.11,,33.11,28.25,82.63,28.25,0,24,0.71,62.9,33.24,0,28,1.02,18.52,51.74,133.899,0,0.43,0,16,64.43,15.235,50.215
2025-12-15 3:10,33.11,,33.11,28.25,83.98,28.25,0,24,0.72,61.87,33.25,0,28,1.04,18.52,51.76,133.898,0,0.43,0,16,64.43,15.067,49.908
2025-12-15 3:20,33.11,,33.11,28.25,80.62,28.25,0,24,0.72,60.7,33.25,0,28,1.04,18.52,51.76,133.899,0,0.43,0,16,64.425,25.613,50.048
2025-12-15 3:30,33.11,,33.11,28.25,84.65,28.25,0,24,0.72,66.54,33.25,0,28,1.04,18.52,51.76,133.899,0.43,0.43,0,16,64.42,15.085,49.964
2025-12-15 3:40,33.11,,33.11,28.25,88.68,28.25,0,24,0.72,67.71,33.25,0,28,1.04,18.52,51.76,133.9,83.263,0.43,0,16,64.42,15.135,50.061
2025-12-15 3:50,33.11,,33.11,28.25,83.31,28.25,0,24,0.72,64.2,33.25,0,28,1.04,18.52,51.76,133.901,91.208,0.43,0,16,64.411,1.262,49.927
2025-12-15 4:00,33.11,,33.11,28.25,85.99,28.25,0,24,0.72,57.2,33.25,0,28,1.04,18.52,51.76,133.901,91.208,0.43,0,16,64.41,15.264,50.136
2025-12-15 4:10,33.11,,33.11,28.25,81.29,28.25,0,24,0.72,63.04,33.25,0,28,1.04,18.52,51.76,133.901,35.986,0.43,0,16,64.41,15.205,49.886
2025-12-15 4:20,33.11,,33.11,28.25,85.32,28.25,0,24,0.72,60.7,33.25,0,28,1.04,18.52,51.76,133.901,0,0.43,0,16,64.409,43.086,50.236
2025-12-15 4:30,33.11,,33.11,28.25,85.99,28.25,0,24,0.71,59.41,33.24,0,28,1.04,18.52,51.76,133.901,0,0.43,0,16,64.4,15.353,50.104
2025-12-15 4:40,33.11,,33.11,28.25,85.99,28.25,0,24,0.71,58.24,33.24,0,28,1.03,18.52,51.75,133.901,0,0.43,0,16,64.4,15.423,50.095
2025-12-15 4:50,33.11,,33.11,28.25,85.32,28.25,0,24,0.72,57.2,33.25,0,28,1.04,18.52,51.76,133.901,8.319,0.43,0,16,64.392,0,49.877
2025-12-15 5:00,33.11,,33.11,28.25,86.66,28.25,0,24,0.72,46.69,33.25,0,28,1.03,18.52,51.75,133.902,63.597,0.43,0,16,64.391,18.784,49.712
2025-12-15 5:10,33.11,,33.11,28.25,85.99,28.25,0,24,0.72,46.69,33.25,0,28,1.04,18.52,51.76,133.903,99.097,0.43,0,16,64.39,15.266,49.876
2025-12-15 5:20,33.11,,33.11,28.25,85.32,28.25,0,24,0.72,57.2,33.25,0,28,1.03,18.52,51.75,133.904,102.986,0.43,0,16,64.385,25.649,49.858
2025-12-15 5:30,33.11,,33.11,28.25,80.62,28.25,0,24,0.72,51.36,33.25,0,28,1.05,18.52,51.77,133.904,55.652,0.43,0,16,64.38,11.878,49.9
2025-12-15 5:40,33.11,,33.11,28.25,82.63,28.25,0,24,0.72,49.03,33.25,0,28,1.03,18.52,51.75,133.903,0,0.43,0,16,64.38,15.288,49.773
2025-12-15 5:50,33.11,,33.11,28.25,82.63,28.25,0,24,0.71,54.75,33.24,0,28,1.04,18.52,51.76,133.903,0,0.43,0,16,64.378,25.702,49.934
2025-12-15 6:00,33.11,,33.11,28.25,79.27,28.25,0,24,0.71,54.75,33.24,0,28,1.03,18.52,51.75,133.903,0,0.43,0,16,64.37,15.508,49.983
2025-12-15 6:10,33.11,,33.11,28.25,81.29,28.25,0,24,0.71,57.08,33.24,0,28,1.04,18.52,51.76,133.904,35.93,0.43,0,16,64.37,15.633,50.149
2025-12-15 6:20,33.11,,33.11,28.25,83.31,28.25,0,24,0.72,57.2,33.25,0,28,1.02,18.52,51.74,133.904,47.819,0.43,0,16,64.369,19.088,49.965
2025-12-15 6:30,33.11,,33.11,28.25,81.29,28.25,0,24,0.72,58.37,33.25,0,28,1.02,18.52,51.74,133.905,67.541,0.43,0,16,64.361,19.096,49.842
2025-12-15 6:40,33.11,,33.11,28.25,85.99,28.25,0,24,0.72,57.2,33.25,0,28,1.01,18.52,51.73,133.907,118.819,0.43,0,16,64.36,15.527,49.776
2025-12-15 6:50,33.11,,33.11,28.25,85.32,28.25,0,24,0.72,58.37,33.25,0,28,1.02,18.52,51.74,133.907,106.986,0.43,0,16,64.359,15.508,49.907
2025-12-15 7:00,33.11,,33.11,28.25,85.32,28.25,0,24,0.72,59.53,33.25,0,28,1.02,18.52,51.74,133.906,71.43,0.43,0,16,64.35,12.05,49.466
2025-12-15 7:10,33.11,,33.11,28.25,79.27,28.25,0,24,0.72,58.37,33.25,0,28,1.01,18.52,51.73,133.906,0,0.43,0,16,64.35,15.498,49.787
2025-12-15 7:20,33.11,,33.11,28.25,82.63,28.25,0,24,0.71,53.58,33.24,0,28,1.02,18.52,51.74,133.906,0,0.43,0,16,64.349,15.485,49.869
2025-12-15 7:30,33.11,,33.11,28.25,82.63,28.25,0,24,0.72,49.03,33.25,0,28,1.02,18.52,51.74,133.906,0,0.43,0,16,64.341,18.996,49.498
2025-12-15 7:40,33.11,,33.11,28.25,80.62,28.25,0,24,0.72,50.2,33.25,0,28,1.02,18.52,51.74,133.906,0,0.43,0,16,64.34,15.583,49.882
2025-12-15 7:50,33.11,,33.11,28.25,79.95,28.25,0,24,0.71,48.92,33.24,0,28,1.02,18.52,51.74,133.906,0,0.43,0,16,64.34,19.094,50.07
2025-12-15 8:00,33.11,,33.11,28.25,82.63,28.25,0,24,0.71,48.92,33.24,0,28,1.01,18.52,51.73,133.906,0,8.786,0,16,64.331,16.107,50.537
2025-12-15 8:10,33.11,,33.11,28.25,83.31,28.25,0,24,0.71,50.09,33.24,0,28,1.02,18.52,51.74,133.904,0,157.939,0,16,64.33,16.219,50.049
2025-12-15 8:20,33.11,,33.11,28.25,81.29,28.25,0,24,0.71,46.59,33.24,0,28,1.01,18.52,51.73,133.903,1.844,158.474,0,16,64.33,16.225,50.088
2025-12-15 8:30,33.11,,33.11,28.25,82.63,28.25,0,24,0.72,51.36,33.25,0,28,1.01,18.52,51.73,133.904,74.119,154.612,0,16,64.323,22.894,50.045
2025-12-15 8:40,33.11,,33.11,28.25,78.6,28.25,0,24,0.72,53.7,33.25,0,28,1.01,18.52,51.73,133.904,171.861,154.998,0,16,64.32,16.147,50.141
2025-12-15 8:50,33.11,,33.11,28.25,81.29,28.25,0,24,0.72,59.53,33.25,0,28,1.01,18.52,51.73,133.903,143.042,155.016,0,16,64.32,16.138,50.061
2025-12-15 9:00,33.11,,33.11,28.25,79.27,28.25,0,24,0.71,61.74,33.24,0,28,1.01,18.52,51.73,133.902,101.497,160.143,0,16,64.32,39.925,50.072
2025-12-15 9:10,33.11,,33.11,28.25,84.65,28.25,0,24,0.71,62.9,33.24,0,28,1.01,18.52,51.73,133.903,86.001,156.012,0,16,64.311,19.416,49.614
2025-12-15 9:20,33.11,,33.11,28.25,87.34,28.25,0,24,0.71,62.9,33.24,0,28,1.01,18.52,51.73,133.901,93.136,152.586,0,16,64.31,15.767,49.282
2025-12-15 9:30,33.11,,33.11,28.25,88.01,28.25,0,24,0.71,59.41,33.24,0,28,1.01,18.52,51.73,133.902,150.884,155.886,0,16,64.307,5.395,49.29
2025-12-15 9:40,33.11,,33.11,28.25,88.68,28.25,0,24,0.72,61.87,33.25,0,28,1.01,18.52,51.73,133.9,56.731,157.722,0,16,64.3,12.15,49.213
2025-12-15 9:50,33.11,,33.11,28.25,88.01,28.25,0,24,0.71,55.91,33.24,0,28,1.02,18.52,51.74,133.899,74.593,158.839,0,16,64.3,15.6,49.463
2025-12-15 10:00,33.11,,33.11,28.25,84.65,28.25,0,24,0.71,57.08,33.24,0,28,1.01,18.52,51.73,133.899,25.136,149.515,0,16,64.3,25.749,49.406
2025-12-15 10:10,33.11,,33.11,28.25,83.98,28.25,0,24,0.72,56.03,33.25,0,28,1.02,18.52,51.74,133.899,99.176,166.676,0,16,64.3,49.393,49.31
2025-12-15 10:20,33.11,,33.11,28.24,81.96,28.24,0,24,0.72,58.37,33.25,0,28,1.03,18.52,51.75,133.898,90.652,156.934,0,16,64.314,96.668,49.453
2025-12-15 10:30,33.11,,33.11,28.25,78.6,28.25,0,24,0.71,60.57,33.24,0,28,1.02,18.52,51.74,133.897,91.689,152.625,0,16,64.33,150.973,49.49
2025-12-15 10:40,33.11,,33.11,28.25,72.4,28.25,0,24,0.71,55.91,33.24,0,28,1.01,18.52,51.73,133.895,33.364,157.533,0,16,64.34,185.046,49.529
2025-12-15 10:50,33.11,,33.11,28.25,63.37,28.25,0,24,0.71,54.75,33.24,0,28,1.01,18.52,51.73,133.892,0,161.416,0,16,64.34,137.862,49.735
2025-12-15 11:00,33.11,,33.11,28.25,68.14,28.25,0,24,0.71,53.58,33.24,0,28,1.01,18.52,51.73,133.891,0,143.893,0,16,64.349,114.429,49.858
2025-12-15 11:10,33.11,,33.11,28.26,70.68,28.26,0,24,0.71,59.41,33.24,0,28,1.03,18.52,51.75,133.89,0,131.392,0,16,64.353,93.993,49.054
2025-12-15 11:20,33.11,,33.11,28.26,70.48,28.26,0,24,0.71,57.08,33.24,0,28,1.03,18.52,51.75,133.888,0,127.77,0,16,64.364,131.237,48.467
2025-12-15 11:30,33.11,,33.11,28.26,70.48,28.26,0,24,0.71,59.41,33.24,0,28,1.03,18.52,51.75,133.889,43.791,120.879,0,16,64.374,134.349,48.193
2025-12-15 11:40,33.11,,33.11,28.27,73.76,28.27,0,24,0.71,55.91,33.24,0,28,1.03,18.52,51.75,133.887,1.001,121.188,0,16,64.384,155.098,49.136
2025-12-15 11:50,33.11,,33.11,28.27,75.15,28.27,0,24,0.71,55.91,33.24,0,28,1.03,18.52,51.75,133.886,47.428,125.051,0,16,64.396,159.297,49.73
2025-12-15 12:00,33.11,,33.11,28.27,74.45,28.27,0,24,0.71,66.39,33.24,0,28,1.02,18.52,51.74,133.885,0,134.428,0,16,64.402,146.265,49.929
2025-12-15 12:10,33.11,,33.11,28.28,72.87,28.28,0,24,0.71,61.74,33.24,0,28,1.02,18.52,51.74,133.886,52.93,5.811,0,16,64.41,140.236,51.049
2025-12-15 12:20,33.11,,33.11,28.28,75.67,28.28,0,24,0.71,55.91,33.24,0,28,1.02,18.52,51.74,133.887,50.834,0.43,0,16,64.415,116.471,50.601
2025-12-15 12:30,33.11,,33.11,28.28,72.66,28.28,0,24,0.71,54.75,33.24,0,28,1.01,18.52,51.73,133.887,73.224,0.43,0,16,64.423,123.794,50.732
2025-12-15 12:40,33.11,,33.11,28.28,71.25,28.28,0,24,0.71,57.08,33.24,0,28,1.01,18.52,51.73,133.887,31.986,0.43,0,16,64.43,120.286,50.524
2025-12-15 12:50,33.11,,33.11,28.29,74.07,28.29,0,24,0.71,59.41,33.24,0,28,1.01,18.52,51.73,133.886,0,0.43,0,16,64.44,137.879,50.548
2025-12-15 13:00,33.11,,33.11,28.29,73.87,28.29,0,24,0.71,57.08,33.24,0,28,1.01,18.52,51.73,133.886,0,0.43,0,16,64.447,134.584,50.845
2025-12-15 13:10,33.11,,33.11,28.29,68.18,28.29,0,24,0.71,60.57,33.24,0,28,1.01,18.52,51.73,133.886,0,0.43,0,16,64.45,121.137,51.85
2025-12-15 13:20,33.11,,33.11,28.29,71.03,28.29,0,24,0.71,57.08,33.24,0,28,1.02,18.52,51.74,133.885,0,0.43,0,16,64.46,121.374,50.759
2025-12-15 13:30,33.11,,33.11,28.29,70.31,28.29,0,24,0.71,59.41,33.24,0,28,1.02,18.52,51.74,133.884,0,0.43,0,16,64.459,93.325,50.867
2025-12-15 13:40,33.11,,33.11,28.29,73.87,28.29,0,24,0.71,58.24,33.24,0,28,1.01,18.52,51.73,133.883,0,0.43,0,16,64.452,57.818,50.826
2025-12-15 13:50,33.11,,33.11,28.3,75.08,28.3,0,24,0.71,59.41,33.24,0,28,1.01,18.52,51.73,133.882,0,0.43,0,16,64.45,15.662,50.791
2025-12-15 14:00,33.11,,33.11,28.3,78.84,28.3,0,24,0.71,59.41,33.24,0,28,1.01,18.52,51.73,133.883,0,0.43,0,16,64.45,19.255,50.982
2025-12-15 14:10,33.11,,33.11,28.3,85.36,28.3,0,24,0.71,58.24,33.24,0,28,1.01,18.52,51.73,133.883,8.319,0.43,0,16,64.45,43.825,50.702
2025-12-15 14:20,33.11,,33.11,28.29,86.77,28.29,0,24,0.71,58.24,33.24,0,28,1.01,18.52,51.73,133.884,67.486,0.43,0,16,64.45,50.629,50.202
2025-12-15 14:30,33.11,,33.11,28.29,86.77,28.29,0,24,0.71,59.41,33.24,0,28,1.01,18.52,51.73,133.883,24.097,0.43,0,16,64.45,50.637,51.007
2025-12-15 14:40,33.11,,33.11,28.28,86.18,28.28,0,24,0.7,59.28,33.23,0,28,1.01,18.52,51.73,133.884,55.652,0.43,0,16,64.45,50.696,50.879
2025-12-15 14:50,33.11,,33.11,28.28,88.28,28.28,0,24,0.71,59.41,33.24,0,28,1.01,18.52,51.73,133.885,39.874,0.43,0,16,64.441,19.384,50.931
2025-12-15 15:00,33.11,,33.11,28.28,82.8,28.28,0,24,0.71,60.57,33.24,0,28,1.01,18.52,51.73,133.886,99.041,0.43,0,16,64.44,15.848,50.9
2025-12-15 15:10,33.11,,33.11,28.27,84.2,28.27,0,24,0.7,61.6,33.23,0,28,1.01,18.52,51.73,133.885,35.93,0.43,0,16,64.44,15.766,50.634
2025-12-15 15:20,33.11,,33.11,28.27,84.31,28.27,0,24,0.71,57.08,33.24,0,28,1.01,18.52,51.73,133.887,95.097,0.43,0,16,64.431,15.787,50.829
2025-12-15 15:30,33.11,,33.11,28.27,80.85,28.27,0,24,0.71,58.24,33.24,0,28,1.01,18.52,51.73,133.888,87.208,0.43,0,16,64.43,15.747,50.779
2025-12-15 15:40,33.11,,33.11,28.27,86.38,28.27,0,24,0.71,58.24,33.24,0,28,1.01,18.52,51.73,133.89,173.986,0.43,0,16,64.43,15.723,50.562
2025-12-15 15:50,33.11,,33.11,28.27,91.27,28.27,0,24,0.71,55.91,33.24,0,28,1.01,18.52,51.73,133.89,102.986,0.43,0,16,64.42,12.953,52.684
2025-12-15 16:00,33.11,,33.11,28.26,91.95,28.26,0,24,0.71,55.91,33.24,0,28,1.01,18.52,51.73,133.889,39.874,0.43,0,16,64.424,30.929,52.376
2025-12-15 16:10,33.11,,33.11,28.26,88.52,28.26,0,24,0.71,58.24,33.24,0,28,1.01,18.52,51.73,133.885,0,139.654,0,16,64.42,17.972,53.523
2025-12-15 16:20,33.11,,33.11,28.26,82.35,28.26,0,24,0.71,54.75,33.24,0,28,1.01,18.52,51.73,133.883,0,156.01,0,16,64.42,53.399,54.298
2025-12-15 16:30,33.11,,33.11,28.26,78.36,28.26,0,24,0.71,55.91,33.24,0,28,1.01,18.52,51.73,133.883,0,158.33,0,16,64.411,8.559,53.523
2025-12-15 16:40,33.11,,33.11,28.26,82.45,28.26,0,24,0.71,55.91,33.24,0,28,1.01,18.52,51.73,133.882,38.109,154.988,0,16,64.411,21.756,51.28
2025-12-15 16:50,33.11,,33.11,28.25,85.86,28.25,0,24,0.71,57.08,33.24,0,28,1.01,18.52,51.73,133.881,85.619,156.538,0,16,64.41,17.603,52.339
2025-12-15 17:00,33.11,,33.11,28.25,81.09,28.25,0,24,0.71,55.91,33.24,0,28,1.01,18.52,51.73,133.881,49.817,157.424,0,16,64.409,45.484,53.834
2025-12-15 17:10,33.11,,33.11,28.25,79.16,28.25,0,24,0.71,53.58,33.24,0,28,1.01,18.52,51.73,133.881,112.997,155.195,0,16,64.408,42.052,51.316
2025-12-15 17:20,33.11,,33.11,28.25,81.87,28.25,0,24,0.71,54.75,33.24,0,28,1.01,18.52,51.73,133.88,125.057,157.053,0,16,64.4,17.477,51.447
2025-12-15 17:30,33.11,,33.11,28.25,89.31,28.25,0,24,0.71,57.08,33.24,0,28,1.01,18.52,51.73,133.879,108.554,155.249,0,16,64.399,16.681,51.281
2025-12-15 17:40,33.11,,33.11,28.25,90.67,28.25,0,24,0.71,55.91,33.24,0,28,1.01,18.52,51.73,133.878,20.993,152.843,0,16,64.395,6.228,51.121
2025-12-15 17:50,33.11,,33.11,28.25,90.02,28.25,0,24,0.71,57.08,33.24,0,28,1.01,18.52,51.73,133.877,43.974,155.163,0,16,64.397,40.838,51.278
2025-12-15 18:00,33.11,,33.11,28.24,91.37,28.24,0,24,0.71,58.24,33.24,0,28,1.01,18.52,51.73,133.876,36.164,155.487,0,16,64.406,75.488,51.231
2025-12-15 18:10,33.11,,33.11,28.24,88.68,28.24,0,24,0.71,61.74,33.24,0,28,1.01,18.52,51.73,133.876,99.621,153.881,0,16,64.42,137.945,50.994
2025-12-15 18:20,33.11,,33.11,28.24,90.02,28.24,0,24,0.71,58.24,33.24,0,28,1.01,18.52,51.73,133.876,118.547,152.772,0,16,64.43,166.014,51.485
2025-12-15 18:30,33.11,,33.11,28.24,89.35,28.24,0,24,0.71,62.9,33.24,0,28,1.01,18.52,51.73,133.877,163.162,159.166,0,16,64.439,166.428,51.639
2025-12-15 18:40,33.11,,33.11,28.24,87.34,28.24,0,24,0.71,57.08,33.24,0,28,1.01,18.52,51.73,133.875,113.96,160.109,0,16,64.44,121.445,51.546
2025-12-15 18:50,33.11,,33.11,28.24,86.71,28.24,0,24,0.71,52.42,33.24,0,28,1.01,18.52,51.73,133.873,41.016,158.606,0,16,64.446,107.465,51.209
2025-12-15 19:00,33.11,,33.11,28.24,84.04,28.24,0,24,0.71,53.58,33.24,0,28,1.01,18.52,51.73,133.873,0,115.118,0,16,64.454,104.05,51.562
2025-12-15 19:10,33.11,,33.11,28.24,84.04,28.24,0,24,0.71,54.75,33.24,0,28,1.01,18.52,51.73,133.875,67.718,0.43,0,16,64.465,139.32,51.687
2025-12-15 19:20,33.11,,33.11,28.24,86.05,28.24,0,24,0.71,54.75,33.24,0,28,1.01,18.52,51.73,133.873,34.715,0.43,0,16,64.478,164.204,51.197
2025-12-15 19:30,33.11,,33.11,28.24,83.38,28.24,0,24,0.71,54.75,33.24,0,28,1.01,18.52,51.73,133.872,0,0.43,0,16,64.49,178.491,51.257
2025-12-15 19:40,33.11,,33.11,28.23,80.13,28.23,0,24,0.71,58.24,33.24,0,28,1.01,18.52,51.73,133.87,0,0.43,0,16,64.496,160.831,51.039
2025-12-15 19:50,33.11,,33.11,28.23,84.76,28.23,0,24,0.71,52.42,33.24,0,28,1.01,18.52,51.73,133.869,0,0.43,0,16,64.5,129.206,51.322
2025-12-15 20:00,33.11,,33.11,28.23,83.44,28.23,0,24,0.71,55.91,33.24,0,28,1.01,18.52,51.73,133.869,0,0.43,0,16,64.509,118.659,50.95
2025-12-15 20:10,33.11,,33.11,28.23,85.43,28.23,0,24,0.71,55.91,33.24,0,28,1.01,18.52,51.73,133.869,0,0.43,0,16,64.517,126.117,51.579
2025-12-15 20:20,33.11,,33.11,28.23,86.75,28.23,0,24,0.71,52.42,33.24,0,28,1.01,18.52,51.73,133.87,35.874,0.43,0,16,64.52,122.82,51.931
2025-12-15 20:30,33.11,,33.11,28.23,80.79,28.23,0,24,0.71,52.42,33.24,0,28,1.01,18.52,51.73,133.871,51.652,0.43,0,16,64.52,91.071,51.87
2025-12-15 20:40,33.11,,33.11,28.23,84.1,28.23,0,24,0.71,60.57,33.24,0,28,1.01,18.52,51.73,133.873,142.374,0.43,0,16,64.52,62.608,51.855
2025-12-15 20:50,33.11,,33.11,28.23,82.84,28.23,0,24,0.71,55.91,33.24,0,28,1.01,18.52,51.73,133.874,154.208,0.43,0,16,64.52,51.799,51.673
2025-12-15 21:00,33.11,,33.11,28.23,78.14,28.23,0,24,0.71,51.25,33.24,0,28,1.01,18.52,51.73,133.874,154.208,0.43,0,16,64.52,51.667,51.472
2025-12-15 21:10,33.11,,33.11,28.23,78.8,28.23,0,24,0.71,53.58,33.24,0,28,1.01,18.52,51.73,133.875,71.374,0.43,0,16,64.52,51.458,51.23
2025-12-15 21:20,33.11,,33.11,28.23,76.16,28.23,0,24,0.71,51.25,33.24,0,28,1.01,18.52,51.73,133.875,47.763,0.43,0,16,64.52,51.298,51.193
2025-12-15 21:30,33.11,,33.11,28.23,77.48,28.23,0,24,0.71,53.58,33.24,0,28,1,18.52,51.72,133.875,4.374,0.43,0,16,64.52,51.257,51.348
2025-12-15 21:40,33.11,,33.11,28.23,75.49,28.23,0,24,0.71,50.09,33.24,0,28,1,18.52,51.72,133.874,0,0.43,0,16,64.52,51.258,51.233
2025-12-15 21:50,33.11,,33.11,28.23,74.83,28.23,0,24,0.71,53.58,33.24,0,28,1,18.52,51.72,133.874,0,0.43,0,16,64.515,33.491,51.392
2025-12-15 22:00,33.11,,33.11,28.23,78.14,28.23,0,24,0.71,52.42,33.24,0,28,1,18.52,51.72,133.873,0,0.43,0,16,64.51,15.7,51.642
2025-12-15 22:10,33.11,,33.11,28.23,77.48,28.23,0,24,0.71,57.08,33.24,0,28,1,18.52,51.72,133.873,0,0.43,0,16,64.51,15.985,52.088
2025-12-15 22:20,33.11,,33.11,28.23,77.48,28.23,0,24,0.71,55.91,33.24,0,28,1,18.52,51.72,133.875,24.097,0.43,0,16,64.51,33.788,51.3
2025-12-15 22:30,33.11,,33.11,28.23,75.49,28.23,0,24,0.71,53.58,33.24,0,28,1,18.52,51.72,133.875,79.263,0.43,0,16,64.509,47.854,50.842
2025-12-15 22:40,33.11,,33.11,28.23,74.17,28.23,0,24,0.71,54.75,33.24,0,28,1,18.52,51.72,133.876,91.097,0.43,0,16,64.506,36.754,50.788
2025-12-15 22:50,33.11,,33.11,28.23,75.49,28.23,0,24,0.71,58.24,33.24,0,28,1,18.52,51.72,133.875,24.097,0.43,0,16,64.5,15.256,50.973
2025-12-15 23:00,33.11,,33.11,28.23,78.71,28.23,0,24,0.71,51.25,33.24,0,28,1,18.52,51.72,133.875,0,0.43,0,16,64.498,11.747,50.981
2025-12-15 23:10,33.11,,33.11,28.24,78.04,28.24,0,24,0.71,58.24,33.24,0,28,1,18.52,51.72,133.876,8.319,0.43,0,16,64.49,0,51.745
2025-12-15 23:20,33.11,,33.11,28.23,78.04,28.23,0,24,0.71,61.74,33.24,0,28,1,18.52,51.72,133.877,67.486,0.43,0,16,64.49,15.863,51.364
2025-12-15 23:30,33.11,,33.11,28.24,80.71,28.24,0,24,0.71,64.07,33.24,0,28,1,18.52,51.72,133.879,181.874,0.43,0,16,64.49,23.086,51.317
2025-12-15 23:40,33.11,,33.11,28.24,78.71,28.24,0,24,0.71,60.57,33.24,0,28,1,18.52,51.72,133.88,166.097,0.43,0,16,64.49,51.272,51.135
2025-12-15 23:50,33.11,,33.11,28.24,80.71,28.24,0,24,0.71,57.08,33.24,0,28,1,18.52,51.72,133.881,142.374,0.43,0,16,64.49,51.097,50.839
2025-12-16 0:00,33.11,,33.11,28.24,80.04,28.24,0,24,0.71,57.08,33.24,0,28,1,18.52,51.72,133.881,71.374,0.43,0,16,64.481,18.876,50.32
2025-12-16 0:10,33.11,,33.11,28.24,80.71,28.24,0,24,0.71,54.75,33.24,0,28,1.01,18.52,51.73,133.881,43.763,0.43,0,16,64.48,15.108,50.498
2025-12-16 0:20,33.11,,33.11,28.24,82.04,28.24,0,24,0.71,54.75,33.24,0,28,1.01,18.52,51.73,133.881,12.263,0.43,0,16,64.474,0,51.267
2025-12-16 0:30,33.11,,33.11,28.24,82.04,28.24,0,24,0.71,54.75,33.24,0,28,1,18.52,51.72,133.879,0,0.43,0,16,64.47,12.119,51.259
2025-12-16 0:40,33.11,,33.11,28.24,77.37,28.24,0,24,0.71,52.42,33.24,0,28,1,18.52,51.72,133.881,0,0.43,0,16,64.47,15.807,50.896
2025-12-16 0:50,33.11,,33.11,28.24,76.71,28.24,0,24,0.71,50.09,33.24,0,28,1,18.52,51.72,133.882,59.597,0.43,0,16,64.467,26.236,50.555
2025-12-16 1:00,33.11,,33.11,28.24,80.04,28.24,0,24,0.71,53.58,33.24,0,28,1,18.52,51.72,133.881,87.152,0.43,0,16,64.46,15.343,50.246
2025-12-16 1:10,33.11,,33.11,28.24,79.38,28.24,0,24,0.71,53.58,33.24,0,28,1.01,18.52,51.73,133.882,51.708,0.43,0,16,64.46,15.362,50.951
2025-12-16 1:20,33.11,,33.11,28.24,78.71,28.24,0,24,0.72,51.36,33.25,0,28,1.01,18.52,51.73,133.881,0,0.43,0,16,64.46,26.105,51.117
2025-12-16 1:30,33.11,,33.11,28.24,79.38,28.24,0,24,0.72,57.2,33.25,0,28,1.01,18.52,51.73,133.881,0,0.43,0,16,64.451,19.269,50.741
2025-12-16 1:40,33.11,,33.11,28.24,80.04,28.24,0,24,0.71,54.75,33.24,0,28,1.01,18.52,51.73,133.881,0,0.43,0,16,64.45,15.672,50.658
2025-12-16 1:50,33.11,,33.11,28.24,79.27,28.24,0,24,0.72,54.86,33.25,0,28,1.01,18.52,51.73,133.882,63.541,0.43,0,16,64.449,12.073,50.821
2025-12-16 2:00,33.11,,33.11,28.24,82.63,28.24,0,24,0.71,60.57,33.24,0,28,1.01,18.52,51.73,133.884,118.763,0.43,0,16,64.442,19.143,50.615
2025-12-16 2:10,33.11,,33.11,28.24,81.29,28.24,0,24,0.72,60.7,33.25,0,28,1.01,18.52,51.73,133.884,106.93,0.43,0,16,64.44,15.725,50.907
2025-12-16 2:20,33.11,,33.11,28.24,82.63,28.24,0,24,0.72,60.7,33.25,0,28,1.01,18.52,51.73,133.885,91.152,0.43,0,16,64.44,19.129,50.532
2025-12-16 2:30,33.11,,33.11,28.24,81.29,28.24,0,24,0.72,58.37,33.25,0,28,1.03,18.52,51.75,133.884,12.263,0.43,0,16,64.433,19.23,50.751
2025-12-16 2:40,33.11,,33.11,28.24,80.62,28.24,0,24,0.72,57.2,33.25,0,28,1.03,18.52,51.75,133.885,31.986,0.43,0,16,64.43,15.647,50.659
2025-12-16 2:50,33.11,,33.11,28.24,80.62,28.24,0,24,0.71,57.08,33.24,0,28,1.04,18.52,51.76,133.886,35.93,0.43,0,16,64.43,15.815,51.035
2025-12-16 3:00,33.11,,33.11,28.24,84.65,28.24,0,24,0.71,57.08,33.24,0,28,1.04,18.52,51.76,133.886,99.041,0.43,0,16,64.425,22.802,50.546
2025-12-16 3:10,33.11,,33.11,28.24,79.27,28.24,0,24,0.72,57.2,33.25,0,28,1.04,18.52,51.76,133.887,99.041,0.43,0,16,64.42,15.642,50.011
2025-12-16 3:20,33.11,,33.11,28.24,81.29,28.24,0,24,0.72,56.03,33.25,0,28,1.04,18.52,51.76,133.888,75.374,0.43,0,16,64.42,15.367,50.211
2025-12-16 3:30,33.11,,33.11,28.24,79.27,28.24,0,24,0.72,53.7,33.25,0,28,1.04,18.52,51.76,133.885,0,0.43,0,16,64.418,25.954,50.805
2025-12-16 3:40,33.11,,33.11,28.24,77.26,28.24,0,24,0.72,54.86,33.25,0,28,1.03,18.52,51.75,133.884,0,0.43,0,16,64.41,15.819,50.773
2025-12-16 3:50,33.11,,33.11,28.24,79.95,28.24,0,24,0.71,50.09,33.24,0,28,1.03,18.52,51.75,133.885,0,0.43,0,16,64.41,16.009,50.782
2025-12-16 4:00,33.11,,33.11,28.25,79.95,28.25,0,24,0.72,57.2,33.25,0,28,1.03,18.52,51.75,133.885,4.374,0.43,0,16,64.404,2.121,50.809
2025-12-16 4:10,33.11,,33.11,28.24,81.29,28.24,0,24,0.72,50.2,33.25,0,28,1.03,18.52,51.75,133.885,28.041,0.43,0,16,64.4,15.967,50.475
2025-12-16 4:20,33.11,,33.11,28.24,79.27,28.24,0,24,0.71,50.09,33.24,0,28,1.03,18.52,51.75,133.885,4.374,0.43,0,16,64.4,16.005,50.898
2025-12-16 4:30,33.11,,33.11,28.24,83.31,28.24,0,24,0.72,57.2,33.25,0,28,1.03,18.52,51.75,133.886,20.152,0.43,0,16,64.395,19.544,50.758
2025-12-16 4:40,33.11,,33.11,28.25,82.63,28.25,0,24,0.72,57.2,33.25,0,28,1.02,18.52,51.74,133.887,79.319,0.43,0,16,64.39,16.396,51.2
2025-12-16 4:50,33.11,,33.11,28.25,83.31,28.25,0,24,0.71,50.09,33.24,0,28,1.02,18.52,51.74,133.887,99.041,0.43,0,16,64.39,16.471,51.122
2025-12-16 5:00,33.11,,33.11,28.25,81.96,28.25,0,24,0.71,50.09,33.24,0,28,1.02,18.52,51.74,133.886,24.097,0.43,0,16,64.388,26.87,50.953
2025-12-16 5:10,33.11,,33.11,28.25,82.63,28.25,0,24,0.71,52.42,33.24,0,28,1.02,18.52,51.74,133.887,8.319,0.43,0,16,64.38,16.454,50.953
2025-12-16 5:20,33.11,,33.11,28.25,79.27,28.25,0,24,0.71,50.09,33.24,0,28,1.01,18.52,51.73,133.888,24.097,0.43,0,16,64.38,16.341,50.783
2025-12-16 5:30,33.11,,33.11,28.25,79.95,28.25,0,24,0.71,53.58,33.24,0,28,1.03,18.52,51.75,133.888,87.208,0.43,0,16,64.374,2.475,50.354
2025-12-16 5:40,33.11,,33.11,28.25,82.63,28.25,0,24,0.71,55.91,33.24,0,28,1.04,18.52,51.76,133.888,43.819,0.43,0,16,64.37,16.27,50.84
2025-12-16 5:50,33.11,,33.11,28.25,77.93,28.25,0,24,0.71,55.91,33.24,0,28,1.04,18.52,51.76,133.889,59.597,0.43,0,16,64.37,16.339,50.991
2025-12-16 6:00,33.11,,33.11,28.25,79.95,28.25,0,24,0.71,58.24,33.24,0,28,1.04,18.52,51.76,133.889,35.93,0.43,0,16,64.367,26.79,50.872
2025-12-16 6:10,33.11,,33.11,28.25,81.19,28.25,0,24,0.71,60.57,33.24,0,28,1.03,18.52,51.75,133.89,67.486,0.43,0,16,64.36,16.733,51.337
2025-12-16 6:20,33.11,,33.11,28.25,81.29,28.25,0,24,0.71,58.24,33.24,0,28,1.03,18.52,51.75,133.89,31.986,0.43,0,16,64.36,16.795,51.175
2025-12-16 6:30,33.11,,33.11,28.25,77.81,28.25,0,24,0.71,58.24,33.24,0,28,1.03,18.52,51.75,133.889,0.43,0.43,0,16,64.356,13.443,50.985
2025-12-16 6:40,33.11,,33.11,28.25,73.75,28.25,0,24,0.71,57.08,33.24,0,28,1.04,18.52,51.76,133.888,0,0.43,0,16,64.35,16.659,50.483
2025-12-16 6:50,33.11,,33.11,28.25,77.81,28.25,0,24,0.71,54.75,33.24,0,28,1.04,18.52,51.76,133.887,0,0.43,0,16,64.35,16.373,50.316
2025-12-16 7:00,33.11,,33.11,28.25,76.46,28.25,0,24,0.71,54.75,33.24,0,28,1.05,18.52,51.77,133.886,0,0.43,0,16,64.343,6.31,51.296
2025-12-16 7:10,33.11,,33.11,28.25,80.52,28.25,0,24,0.71,54.75,33.24,0,28,1.05,18.52,51.77,133.888,0.43,0.43,0,16,64.34,16.664,50.879
2025-12-16 7:20,33.11,,33.11,28.25,77.81,28.25,0,24,0.71,53.58,33.24,0,28,1.05,18.52,51.77,133.889,79.319,0.43,0,16,64.34,16.794,50.706
2025-12-16 7:30,33.11,,33.11,28.25,77.81,28.25,0,24,0.71,51.25,33.24,0,28,1.04,18.52,51.76,133.891,193.763,0.43,0,16,64.34,40.584,51
2025-12-16 7:40,33.11,,33.11,28.25,72.4,28.25,0,24,0.71,59.41,33.24,0,28,1.04,18.52,51.76,133.891,106.986,0.43,0,16,64.331,20.285,50.983
2025-12-16 7:50,33.11,,33.11,28.25,77.81,28.25,0,24,0.71,57.08,33.24,0,28,1.03,18.52,51.75,133.891,83.319,0.43,0,16,64.33,16.89,50.687
2025-12-16 8:00,33.11,,33.11,28.25,79.95,28.25,0,24,0.71,58.24,33.24,0,28,1.03,18.52,51.75,133.891,3.382,9.286,0,16,64.32,0,51.021
2025-12-16 8:10,33.11,,33.11,28.25,77.93,28.25,0,24,0.71,57.08,33.24,0,28,1.03,18.52,51.75,133.887,0,153.562,0,16,64.32,13.559,50.969
2025-12-16 8:20,33.11,,33.11,28.24,81.96,28.24,0,24,0.71,61.74,33.24,0,28,1.04,18.52,51.76,133.88,0,159.475,0,16,64.32,17.03,50.932
2025-12-16 8:30,33.11,,33.11,28.24,77.26,28.24,0,24,0.71,66.39,33.24,0,28,1.04,18.52,51.76,133.879,0,156.618,0,16,64.32,50.874,50.72
2025-12-16 8:40,33.11,,33.11,28.24,79.27,28.24,0,24,0.71,59.41,33.24,0,28,1.04,18.52,51.76,133.878,0,156.786,0,16,64.313,26.935,50.321
2025-12-16 8:50,33.11,,33.11,28.24,80.62,28.24,0,24,0.71,59.41,33.24,0,28,1.04,18.52,51.76,133.877,49.521,154.66,0,16,64.31,16.596,50.415
2025-12-16 9:00,33.11,,33.11,28.24,80.62,28.24,0,24,0.71,58.24,33.24,0,28,1.05,18.52,51.77,133.878,136.65,157.672,0,16,64.303,0,50.368
2025-12-16 9:10,33.11,,33.11,28.24,78.04,28.24,0,24,0.71,61.74,33.24,0,28,1.05,18.52,51.77,133.878,171.858,155.91,0,16,64.3,6.243,49.614
2025-12-16 9:20,33.11,,33.11,28.24,78.04,28.24,0,24,0.71,62.9,33.24,0,28,1.05,18.52,51.77,133.878,192.703,158.027,0,16,64.3,16.355,50.249
2025-12-16 9:30,33.11,,33.11,28.24,83.38,28.24,0,24,0.71,61.74,33.24,0,28,1.03,18.52,51.75,133.875,38.175,155.588,0,16,64.29,6.246,50.207
2025-12-16 9:40,33.11,,33.11,28.24,80.71,28.24,0,24,0.71,60.57,33.24,0,28,1.03,18.52,51.75,133.873,0,155.179,0,16,64.29,16.529,50.132
2025-12-16 9:50,33.11,,33.11,28.24,78.71,28.24,0,24,0.71,58.24,33.24,0,28,1.02,18.52,51.74,133.872,0,154.06,0,16,64.29,16.329,49.648
2025-12-16 10:00,33.11,,33.11,28.24,80.71,28.24,0,24,0.71,58.24,33.24,0,28,1.04,18.52,51.76,133.871,0,155.596,0,16,64.286,36.511,50.087
2025-12-16 10:10,33.11,,33.11,28.24,80.04,28.24,0,24,0.71,65.23,33.24,0,28,1.03,18.52,51.75,133.871,68.339,155.695,0,16,64.287,39.708,49.722
2025-12-16 10:20,33.11,,33.11,28.24,80.13,28.24,0,24,0.71,65.23,33.24,0,28,1.04,18.52,51.76,133.87,104.686,156.601,0,16,64.3,83.684,50.242
2025-12-16 10:30,33.11,,33.11,28.23,80.13,28.23,0,24,0.71,59.41,33.24,0,28,1.06,18.52,51.78,133.871,157.043,158.832,0,16,64.315,147.846,50.241
2025-12-16 10:40,33.11,,33.11,28.23,74.17,28.23,0,24,0.71,64.07,33.24,0,28,1.06,18.52,51.78,133.869,101.981,156.008,0,16,64.324,175.242,50.409
2025-12-16 10:50,33.11,,33.11,28.23,80.13,28.23,0,24,0.71,64.07,33.24,0,28,1.06,18.52,51.78,133.869,105.356,154.895,0,16,64.33,151.835,50.188
2025-12-16 11:00,33.11,,33.11,28.23,81.45,28.23,0,24,0.71,59.41,33.24,0,28,1.05,18.52,51.77,133.868,21.281,155.105,0,16,64.33,101.197,50.327
2025-12-16 11:10,33.11,,33.11,28.23,80.13,28.23,0,24,0.71,60.57,33.24,0,28,1.05,18.52,51.77,133.866,40.001,153.004,0,16,64.339,101.218,50.137
2025-12-16 11:20,33.11,,33.11,28.23,75.49,28.23,0,24,0.71,61.74,33.24,0,28,1.05,18.52,51.77,133.866,12.3,154.626,0,16,64.348,111.434,49.836
2025-12-16 11:30,33.11,,33.11,28.23,87.41,28.23,0,24,0.71,61.74,33.24,0,28,1.03,18.52,51.75,133.864,6.983,150.987,0,16,64.357,142.061,49.876
2025-12-16 11:40,33.11,,33.11,28.23,78.14,28.23,0,24,0.71,60.57,33.24,0,28,1.03,18.52,51.75,133.862,0,150.133,0,16,64.371,159.483,50.07
2025-12-16 11:50,33.11,,33.11,28.23,82.12,28.23,0,24,0.71,62.9,33.24,0,28,1.03,18.52,51.75,133.861,0,143.001,0,16,64.381,163.197,49.979
2025-12-16 12:00,33.11,,33.11,28.23,80.13,28.23,0,24,0.71,60.57,33.24,0,28,1.02,18.52,51.74,133.861,24.671,147.378,0,16,64.389,160.102,50.09
2025-12-16 12:10,33.11,,33.11,28.23,78.14,28.23,0,24,0.71,64.07,33.24,0,28,1.01,18.52,51.73,133.859,37.891,154.461,0,16,64.396,136.476,50.693
2025-12-16 12:20,33.11,,33.11,28.23,78.14,28.23,0,24,0.71,61.74,33.24,0,28,1.01,18.52,51.73,133.859,63.916,150.076,0,16,64.402,123.243,51.113
2025-12-16 12:30,33.11,,33.11,28.23,78.8,28.23,0,24,0.71,59.41,33.24,0,28,1.01,18.52,51.73,133.857,0,154.688,0,16,64.41,123.755,51.127
2025-12-16 12:40,33.11,,33.11,28.23,78.8,28.23,0,24,0.71,59.41,33.24,0,28,1,18.52,51.72,133.854,0,153.699,0,16,64.422,141.506,51.28
2025-12-16 12:50,33.11,,33.11,28.23,82.78,28.23,0,24,0.71,59.41,33.24,0,28,0.97,18.52,51.69,133.854,0,154.336,0,16,64.431,152.216,51.409
2025-12-16 13:00,33.11,,33.11,28.23,80.13,28.23,0,24,0.71,58.24,33.24,0,28,0.98,18.52,51.7,133.854,24.465,155.693,0,16,64.44,156.035,51.415
2025-12-16 13:10,33.11,,33.11,28.23,80.79,28.23,0,24,0.71,53.58,33.24,0,28,0.97,18.52,51.69,133.853,92.309,156.066,0,16,64.45,149.398,51.537
2025-12-16 13:20,33.11,,33.11,28.23,78.8,28.23,0,24,0.71,58.24,33.24,0,28,0.97,18.52,51.69,133.853,106.705,162.024,0,16,64.458,146.206,51.665
2025-12-16 13:30,33.11,,33.11,28.23,81.45,28.23,0,24,0.71,58.24,33.24,0,28,0.96,18.52,51.68,133.856,233.58,157.984,0,16,64.461,125.342,51.657
2025-12-16 13:40,33.11,,33.11,28.23,80.13,28.23,0,24,0.71,58.24,33.24,0,28,0.96,18.52,51.68,133.858,375.525,156.234,0,16,64.472,129.098,51.639
2025-12-16 13:50,33.11,,33.11,28.23,76.82,28.23,0,24,0.71,58.24,33.24,0,28,0.96,18.52,51.68,133.859,378.2,158.216,0,16,64.482,136.357,51.608
2025-12-16 14:00,33.11,,33.11,28.23,81.45,28.23,0,24,0.71,59.41,33.24,0,28,0.93,18.52,51.65,133.859,283.054,156.21,0,16,64.491,157.743,51.815
2025-12-16 14:10,33.11,,33.11,28.23,80.79,28.23,0,24,0.71,65.23,33.24,0,28,0.94,18.52,51.66,133.856,94.481,158.184,0,16,64.5,150.967,51.81
2025-12-16 14:20,33.11,,33.11,28.23,81.45,28.23,0,24,0.71,62.9,33.24,0,28,0.94,18.52,51.66,133.855,16.059,159.449,0,16,64.51,151.271,51.853
2025-12-16 14:30,33.11,,33.11,28.23,80.13,28.23,0,24,0.71,61.74,33.24,0,28,0.93,18.52,51.65,133.852,0,172.601,0,16,64.516,140.721,51.501
2025-12-16 14:40,33.11,,33.11,28.23,82.12,28.23,0,24,0.71,60.57,33.24,0,28,0.91,18.52,51.63,133.848,0,173.334,0,16,64.524,137.401,51.849
2025-12-16 14:50,33.11,,33.11,28.23,80.79,28.23,0,24,0.71,60.57,33.24,0,28,0.91,18.52,51.63,133.849,148.554,99.726,0,16,64.534,137.664,51.975
2025-12-16 15:00,33.11,,33.11,28.23,82.12,28.23,0,24,0.71,60.57,33.24,0,28,0.9,18.52,51.62,133.853,91.163,0.43,0,16,64.546,159.489,51.975
2025-12-16 15:10,33.11,,33.11,28.23,84.76,28.23,0,24,0.71,60.57,33.24,1,29,0.9,18.52,51.62,133.853,33.529,0.43,0,16,64.556,166.933,52.017
2025-12-16 15:20,33.11,,33.11,28.23,83.44,28.23,0,24,0.71,60.57,33.24,0,29,0.91,18.52,51.63,133.854,0.43,0.43,0,16,64.563,156.483,52.292
2025-12-16 15:30,33.11,,33.11,28.23,81.45,28.23,0,24,0.71,60.57,33.24,0,29,0.9,18.52,51.62,133.854,43.763,0.43,0,16,64.57,139.023,52.929
2025-12-16 15:40,33.11,,33.11,28.23,80.79,28.23,0,24,0.71,61.74,33.24,0,29,0.9,18.52,51.62,133.853,0,0.43,0,16,64.578,133.963,57.836
2025-12-16 15:50,33.11,,33.11,28.23,83.44,28.23,0,24,0.71,61.74,33.24,0,29,0.91,18.52,51.63,133.85,0,0.43,0,16,64.589,149.001,53.406
2025-12-16 16:00,33.11,,33.11,28.23,78.8,28.23,0,24,0.71,62.9,33.24,0,29,0.89,18.52,51.61,133.849,0,0.43,0,16,64.6,169.31,69.688
2025-12-16 16:10,33.11,,33.11,28.23,85.43,28.23,0,24,0.71,61.74,33.24,0,29,0.89,18.52,51.61,133.848,0,0.43,0,16,64.603,152.078,56.973
2025-12-16 16:20,33.11,,33.11,28.23,84.76,28.23,0,24,0.71,61.74,33.24,0,29,0.88,18.52,51.6,133.848,0,0.43,0,16,64.61,129.491,32.147
2025-12-16 16:30,33.11,,33.11,28.23,85.43,28.23,0,24,0.71,61.74,33.24,0,29,0.87,18.52,51.59,133.851,75.319,0.43,0,16,64.61,75.414,27.623
2025-12-16 16:40,33.11,,33.11,28.23,84.76,28.23,0,24,0.71,64.07,33.24,0,29,0.87,18.52,51.59,133.853,193.541,0.43,0,16,64.6,27.247,58.14
2025-12-16 16:50,33.11,,33.11,28.23,85.43,28.23,0,24,0.71,66.39,33.24,0,29,0.87,18.52,51.59,133.853,229.041,0.43,0,16,64.594,0,32.054
2025-12-16 17:00,33.11,,33.11,28.23,83.44,28.23,0,24,0.71,66.39,33.24,0,29,0.88,18.52,51.6,133.853,79.263,0.43,0,16,64.594,0,50.715
2025-12-16 17:10,33.11,,33.11,28.23,83.44,28.23,0,24,0.71,65.23,33.24,0,29,0.89,18.52,51.61,133.851,0,0.43,0,16,64.597,33.401,50.268
2025-12-16 17:20,33.11,,33.11,28.23,83.44,28.23,0,24,0.71,65.23,33.24,0,29,0.89,18.52,51.61,133.85,0,0.43,0,16,64.598,63.996,50.503
2025-12-16 17:30,33.11,,33.11,28.23,80.13,28.23,0,24,0.71,64.07,33.24,0,29,0.89,18.52,51.61,133.849,0,0.43,0,16,64.599,68.624,50.435
2025-12-16 17:40,33.11,,33.11,28.23,81.45,28.23,0,24,0.71,62.9,33.24,0,29,0.88,18.52,51.6,133.85,0,0.43,0,16,64.598,54.136,50.468
2025-12-16 17:50,33.11,,33.11,28.23,83.44,28.23,0,24,0.71,62.9,33.24,0,29,0.88,18.52,51.6,133.85,4.374,0.43,0,16,64.59,21.307,50.351
2025-12-16 18:00,33.11,,33.11,28.23,83.44,28.23,0,24,0.71,65.23,33.24,0,29,0.88,18.52,51.6,133.851,110.763,0.43,0,16,64.586,3.17,50.693
2025-12-16 18:10,33.11,,33.11,28.23,85.43,28.23,0,24,0.71,61.74,33.24,0,29,0.9,18.52,51.62,133.853,154.152,0.43,0,16,64.58,0,50.742
2025-12-16 18:20,33.11,,33.11,28.23,81.45,28.23,0,24,0.71,60.57,33.24,0,29,0.91,18.52,51.63,133.855,201.43,0.43,0,16,64.58,14.405,50.946
2025-12-16 18:30,33.11,,33.11,28.23,82.12,28.23,0,24,0.71,54.75,33.24,0,29,0.91,18.52,51.63,133.856,177.763,0.43,0,16,64.58,29.026,50.891
2025-12-16 18:40,33.11,,33.11,28.23,88.08,28.23,0,24,0.71,58.24,33.24,0,29,0.9,18.52,51.62,133.856,91.041,0.43,0,16,64.58,50.904,50.874
2025-12-16 18:50,33.11,,33.11,28.23,88.74,28.23,0,24,0.71,59.41,33.24,0,29,0.91,18.52,51.63,133.854,0,0.43,0,16,64.58,50.87,50.845
2025-12-16 19:00,33.11,,33.11,28.23,84.76,28.23,0,24,0.71,57.08,33.24,0,29,0.91,18.52,51.63,133.853,0,0.43,0,16,64.576,36.275,50.606
2025-12-16 19:10,33.11,,33.11,28.23,83.44,28.23,0,24,0.71,62.9,33.24,0,29,0.91,18.52,51.63,133.853,0,0.43,0,16,64.57,14.558,50.89
2025-12-16 19:20,33.11,,33.11,28.23,81.45,28.23,0,24,0.71,60.57,33.24,0,29,0.91,18.52,51.63,133.852,0,0.43,0,16,64.57,14.571,50.884
2025-12-16 19:30,33.11,,33.11,28.23,83.44,28.23,0,24,0.71,60.57,33.24,0,29,0.91,18.52,51.63,133.853,0,0.43,0,16,64.566,14.676,50.919
2025-12-16 19:40,33.11,,33.11,28.23,83.44,28.23,0,24,0.71,62.9,33.24,0,29,0.93,18.52,51.65,133.853,8.319,0.43,0,16,64.56,14.709,50.825
2025-12-16 19:50,33.11,,33.11,28.23,83.38,28.23,0,24,0.71,60.57,33.24,0,29,0.94,18.52,51.66,133.854,51.652,0.43,0,16,64.56,14.65,50.708
2025-12-16 20:00,33.11,,33.11,28.23,82.78,28.23,0,24,0.71,61.74,33.24,0,29,0.94,18.52,51.66,133.854,71.374,0.43,0,16,64.56,29.094,50.748
2025-12-16 20:10,33.11,,33.11,28.23,80.13,28.23,0,24,0.71,61.74,33.24,0,29,0.94,18.52,51.66,133.855,79.263,0.43,0,16,64.56,50.742,50.769
2025-12-16 20:20,33.11,,33.11,28.23,82.78,28.23,0,24,0.71,64.07,33.24,0,29,0.95,18.52,51.67,133.854,24.097,0.43,0,16,64.552,21.965,50.876
2025-12-16 20:30,33.11,,33.11,28.23,79.38,28.23,0,24,0.71,64.07,33.24,0,29,0.95,18.52,51.67,133.854,0,0.43,0,16,64.55,14.759,50.799
2025-12-16 20:40,33.11,,33.11,28.23,83.44,28.23,0,24,0.71,64.07,33.24,1,30,0.95,18.52,51.67,133.853,0,0.43,0,16,64.55,14.769,50.799
2025-12-16 20:50,33.11,,33.11,28.23,86.05,28.23,0,24,0.71,61.74,33.24,0,30,0.96,18.52,51.68,133.854,0,0.43,0,16,64.541,11.128,50.619
2025-12-16 21:00,33.11,,33.11,28.23,84.04,28.23,0,24,0.71,60.57,33.24,0,30,0.96,18.52,51.68,133.855,35.93,0.43,0,16,64.54,14.686,50.639
2025-12-16 21:10,33.11,,33.11,28.23,82.04,28.23,0,24,0.71,67.56,33.24,0,30,0.96,18.52,51.68,133.856,102.874,0.43,0,16,64.54,14.645,50.677
2025-12-16 21:20,33.11,,33.11,28.23,84.04,28.23,0,24,0.71,69.89,33.24,0,30,0.96,18.52,51.68,133.857,130.486,0.43,0,16,64.54,47.083,50.767
2025-12-16 21:30,33.11,,33.11,28.23,84.04,28.23,0,24,0.71,68.72,33.24,0,30,0.96,18.52,51.68,133.858,138.374,0.43,0,16,64.534,29.11,50.386
2025-12-16 21:40,33.11,,33.11,28.23,82.04,28.23,0,24,0.71,73.38,33.24,0,30,0.96,18.52,51.68,133.859,126.597,0.43,0,16,64.53,14.725,50.689
2025-12-16 21:50,33.11,,33.11,28.23,84.04,28.23,0,24,0.71,72.22,33.24,0,30,0.96,18.52,51.68,133.86,95.041,0.43,0,16,64.53,14.639,50.51
2025-12-16 22:00,33.11,,33.11,28.23,80.71,28.23,0,24,0.71,66.39,33.24,0,30,0.96,18.52,51.68,133.859,24.097,0.43,0,16,64.524,14.78,50.641
2025-12-16 22:10,33.11,,33.11,28.23,84.71,28.23,0,24,0.71,67.56,33.24,0,30,0.96,18.52,51.68,133.857,0,0.43,0,16,64.52,14.91,50.912
2025-12-16 22:20,33.11,,33.11,28.23,78.04,28.23,0,24,0.71,64.07,33.24,0,30,0.96,18.52,51.68,133.856,0,0.43,0,16,64.52,14.954,50.642
2025-12-16 22:30,33.11,,33.11,28.23,88.05,28.23,0,24,0.71,64.07,33.24,0,30,0.96,18.52,51.68,133.856,0,0.43,0,16,64.52,36.057,49.617
2025-12-16 22:40,33.11,,33.11,28.23,81.38,28.23,0,24,0.71,62.9,33.24,0,30,0.96,18.52,51.68,133.857,0,0.43,0,16,64.516,35.974,50.497
2025-12-16 22:50,33.11,,33.11,28.23,78.71,28.23,0,24,0.71,64.07,33.24,0,30,0.96,18.52,51.68,133.858,95.041,0.43,0,16,64.51,14.331,50.044
2025-12-16 23:00,33.11,,33.11,28.23,84.04,28.23,0,24,0.71,61.74,33.24,0,30,0.96,18.52,51.68,133.859,126.541,0.43,0,16,64.51,14.56,50.307
2025-12-16 23:10,33.11,,33.11,28.23,80.04,28.23,0,24,0.71,64.07,33.24,0,30,0.96,18.52,51.68,133.859,87.152,0.43,0,16,64.505,10.953,50.176
2025-12-16 23:20,33.11,,33.11,28.23,81.45,28.23,0,24,0.71,62.9,33.24,0,30,0.96,18.52,51.68,133.859,43.763,0.43,0,16,64.5,14.56,50.029
2025-12-16 23:30,33.11,,33.11,28.23,78.04,28.23,0,24,0.71,68.72,33.24,0,30,0.96,18.52,51.68,133.859,0,0.43,0,16,64.5,14.583,50.376
2025-12-16 23:40,33.11,,33.11,28.23,77.37,28.23,0,24,0.7,66.25,33.23,0,30,0.96,18.52,51.68,133.859,0,0.43,0,16,64.5,32.404,50.306
2025-12-16 23:50,33.11,,33.11,28.23,83.38,28.23,0,24,0.7,70.9,33.23,0,30,0.96,18.52,51.68,133.858,0,0.43,0,16,64.492,21.827,49.964
2025-12-17 0:00,33.11,,33.11,28.23,82.71,28.23,0,24,0.71,65.23,33.24,0,30,0.96,18.52,51.68,133.858,0,0.43,0,16,64.49,14.455,49.595
2025-12-17 0:10,33.11,,33.11,28.23,79.38,28.23,0,24,0.7,61.6,33.23,0,30,0.96,18.52,51.68,133.86,27.986,0.43,0,16,64.49,14.471,50.353
2025-12-17 0:20,33.11,,33.11,28.23,82.04,28.23,0,24,0.7,63.93,33.23,0,30,0.96,18.52,51.68,133.861,110.819,0.43,0,16,64.486,28.789,50.254
2025-12-17 0:30,33.11,,33.11,28.23,82.71,28.23,0,24,0.71,60.57,33.24,0,30,0.96,18.52,51.68,133.864,236.93,0.43,0,16,64.48,14.869,50.333
2025-12-17 0:40,33.11,,33.11,28.23,84.71,28.23,0,24,0.7,67.41,33.23,0,30,0.96,18.52,51.68,133.865,209.374,0.43,0,16,64.48,14.915,50.491
2025-12-17 0:50,33.11,,33.11,28.23,82.04,28.23,0,24,0.7,63.93,33.23,0,30,0.96,18.52,51.68,133.864,98.93,0.43,0,16,64.478,22.046,50.315
2025-12-17 1:00,33.11,,33.11,28.23,84.04,28.23,0,24,0.7,63.93,33.23,0,30,0.97,18.52,51.69,133.863,0,0.43,0,16,64.471,18.622,50.395
2025-12-17 1:10,33.11,,33.11,28.23,82.12,28.23,0,24,0.7,55.79,33.23,0,30,0.97,18.52,51.69,133.862,0,0.43,1,17,64.47,15.061,50.474
2025-12-17 1:20,33.11,,33.11,28.23,82.78,28.23,0,24,0.7,58.12,33.23,0,30,0.97,18.52,51.69,133.861,0,0.43,0,17,64.47,22.12,50.326
2025-12-17 1:30,33.11,,33.11,28.23,84.1,28.23,0,24,0.7,59.28,33.23,0,30,0.97,18.52,51.69,133.862,0,0.43,0,17,64.464,25.631,50.258
2025-12-17 1:40,33.11,,33.11,28.23,80.79,28.23,0,24,0.7,61.6,33.23,0,30,0.97,18.52,51.69,133.862,28.041,0.43,0,17,64.46,15.06,50.264
2025-12-17 1:50,33.11,,33.11,28.23,80.13,28.23,0,24,0.7,56.95,33.23,0,30,0.97,18.52,51.69,133.863,79.319,0.43,0,17,64.46,15.067,50.347
2025-12-17 2:00,33.11,,33.11,28.23,82.12,28.23,0,24,0.7,60.44,33.23,0,30,0.97,18.52,51.69,133.865,130.541,0.43,0,17,64.46,36.146,49.996
2025-12-17 2:10,33.11,,33.11,28.23,80.79,28.23,0,24,0.7,56.95,33.23,0,30,0.97,18.52,51.69,133.866,158.152,0.43,0,17,64.45,14.949,50.004
2025-12-17 2:20,33.11,,33.11,28.23,81.45,28.23,0,24,0.7,61.6,33.23,0,30,0.97,18.52,51.69,133.867,130.486,0.43,0,17,64.45,14.79,49.87
2025-12-17 2:30,33.11,,33.11,28.23,82.78,28.23,0,24,0.7,60.44,33.23,0,30,0.97,18.52,51.69,133.866,28.041,0.43,0,17,64.45,14.918,50.382
2025-12-17 2:40,33.11,,33.11,28.23,81.45,28.23,0,24,0.7,62.76,33.23,0,30,0.97,18.52,51.69,133.864,0,0.43,0,17,64.441,18.636,50.322
2025-12-17 2:50,33.11,,33.11,28.23,80.13,28.23,0,24,0.7,58.12,33.23,0,30,0.97,18.52,51.69,133.864,0,0.43,0,17,64.44,15.327,50.442
2025-12-17 3:00,33.11,,33.11,28.23,80.13,28.23,0,24,0.7,53.47,33.23,0,30,0.97,18.52,51.69,133.865,0,0.43,0,17,64.44,15.262,50.189
2025-12-17 3:10,33.11,,33.11,28.23,78.14,28.23,0,24,0.7,59.28,33.23,0,30,0.97,18.52,51.69,133.866,71.43,0.43,0,17,64.437,36.244,50.099
2025-12-17 3:20,33.11,,33.11,28.23,80.13,28.23,0,24,0.7,56.95,33.23,0,30,0.97,18.52,51.69,133.867,110.819,0.43,0,17,64.43,14.979,49.649
2025-12-17 3:30,33.11,,33.11,28.23,81.45,28.23,0,24,0.7,66.25,33.23,0,30,0.97,18.52,51.69,133.868,118.708,0.43,0,17,64.43,14.944,50.085
2025-12-17 3:40,33.11,,33.11,28.23,79.47,28.23,0,24,0.7,66.25,33.23,0,30,0.98,18.52,51.7,133.868,83.208,0.43,0,17,64.429,21.962,50.151
2025-12-17 3:50,33.11,,33.11,28.23,83.44,28.23,0,24,0.7,66.25,33.23,0,30,0.98,18.52,51.7,133.868,28.041,0.43,0,17,64.42,15.228,50.115
2025-12-17 4:00,33.1,,33.1,28.23,80.79,28.23,0,24,0.7,60.44,33.23,0,30,0.98,18.52,51.7,133.867,0,0.43,0,17,64.42,15.2,49.999
2025-12-17 4:10,33.1,,33.1,28.23,78.14,28.23,0,24,0.7,70.9,33.23,0,30,0.98,18.52,51.7,133.866,0,0.43,0,17,64.42,18.678,50.088
2025-12-17 4:20,33.1,,33.1,28.22,81.45,28.22,0,24,0.7,63.93,33.23,0,30,0.98,18.52,51.7,133.865,0,0.43,0,17,64.414,29.181,50.123
2025-12-17 4:30,33.1,,33.1,28.22,82.78,28.22,0,24,0.7,69.74,33.23,0,30,0.98,18.52,51.7,133.865,0,0.43,0,17,64.41,15.235,49.827
2025-12-17 4:40,33.1,,33.1,28.23,81.45,28.23,0,24,0.7,73.23,33.23,0,30,0.98,18.52,51.7,133.866,0,0.43,0,17,64.41,15.19,49.954
2025-12-17 4:50,33.1,,33.1,28.22,81.45,28.22,0,24,0.7,67.41,33.23,0,30,0.98,18.52,51.7,133.866,55.597,0.43,0,17,64.406,22.114,49.894
2025-12-17 5:00,33.1,,33.1,28.22,81.45,28.22,0,24,0.7,67.41,33.23,0,30,0.99,18.52,51.71,133.867,95.041,0.43,0,17,64.4,15.114,49.662
2025-12-17 5:10,33.1,,33.1,28.22,80.79,28.22,0,24,0.7,66.25,33.23,0,30,0.99,18.52,51.71,133.869,102.93,0.43,0,17,64.4,15.126,49.988
2025-12-17 5:20,33.1,,33.1,28.22,80.13,28.22,0,24,0.7,73.23,33.23,0,30,0.99,18.52,51.71,133.869,95.097,0.43,0,17,64.399,25.536,49.792
2025-12-17 5:30,33.1,,33.1,28.22,78.14,28.22,0,24,0.69,71.91,33.22,0,30,1,18.52,51.72,133.869,55.652,0.43,0,17,64.39,15.367,49.986
2025-12-17 5:40,33.1,,33.1,28.22,81.45,28.22,0,24,0.7,68.58,33.23,0,30,0.99,18.52,51.71,133.869,0.43,0.43,0,17,64.39,15.368,49.992
2025-12-17 5:50,33.1,,33.1,28.22,78.8,28.22,0,24,0.7,66.25,33.23,0,30,0.98,18.52,51.7,133.868,0,0.43,0,17,64.387,8.314,49.464
2025-12-17 6:00,33.1,,33.1,28.22,78.8,28.22,0,24,0.7,62.76,33.23,0,30,0.98,18.52,51.7,133.867,0,0.43,0,17,64.38,15.294,50.091
2025-12-17 6:10,33.1,,33.1,28.22,77.48,28.22,0,24,0.7,66.25,33.23,0,30,0.98,18.52,51.7,133.867,0,0.43,0,17,64.38,15.299,50.01
2025-12-17 6:20,33.1,,33.1,28.22,78.14,28.22,0,24,0.7,66.25,33.23,0,30,0.98,18.52,51.7,133.868,12.263,0.43,0,17,64.38,25.776,49.726
2025-12-17 6:30,33.1,,33.1,28.22,79.47,28.22,0,24,0.7,60.44,33.23,0,30,0.99,18.52,51.71,133.87,114.763,0.43,0,17,64.375,32.493,49.41
2025-12-17 6:40,33.1,,33.1,28.22,77.48,28.22,0,24,0.7,61.6,33.23,0,30,0.99,18.52,51.71,133.87,110.819,0.43,0,17,64.37,15.146,49.469
2025-12-17 6:50,33.1,,33.1,28.22,78.14,28.22,0,24,0.7,59.28,33.23,0,30,0.99,18.52,51.71,133.87,71.374,0.43,0,17,64.37,15.137,49.7
2025-12-17 7:00,33.1,,33.1,28.22,80.79,28.22,0,24,0.7,62.76,33.23,0,30,0.99,18.52,51.71,133.869,0,0.43,0,17,64.364,11.864,49.756
2025-12-17 7:10,33.1,,33.1,28.22,78.8,28.22,0,24,0.7,61.6,33.23,0,30,0.99,18.52,51.71,133.869,0,0.43,0,17,64.36,15.508,50.067
2025-12-17 7:20,33.1,,33.1,28.23,78.8,28.23,0,24,0.7,58.12,33.23,0,30,0.99,18.52,51.71,133.869,0,0.43,0,17,64.36,15.539,49.794
2025-12-17 7:30,33.1,,33.1,28.22,78.8,28.22,0,24,0.7,56.95,33.23,0,30,1,18.52,51.72,133.869,0,0.43,0,17,64.354,15.559,49.649
2025-12-17 7:40,33.1,,33.1,28.23,76.82,28.23,0,24,0.7,55.79,33.23,0,30,1,18.52,51.72,133.87,24.041,0.43,0,17,64.35,15.512,49.759
2025-12-17 7:50,33.1,,33.1,28.22,80.13,28.22,0,24,0.7,58.12,33.23,0,30,1,18.52,51.72,133.87,43.763,0.43,0,17,64.35,15.315,49.202
2025-12-17 8:00,33.1,,33.1,28.22,76.16,28.22,0,24,0.7,58.12,33.23,0,30,1,18.52,51.72,133.869,7.983,11.255,0,17,64.349,32.308,49.294
2025-12-17 8:10,33.1,,33.1,28.22,78.14,28.22,0,24,0.7,59.28,33.23,0,30,1,18.52,51.72,133.865,0,145.66,0,17,64.341,18.509,49.196
2025-12-17 8:20,33.1,,33.1,28.22,74.83,28.22,0,24,0.7,62.76,33.23,0,30,1,18.52,51.72,133.867,0,146.144,0,17,64.34,15.009,49.038
2025-12-17 8:30,33.1,,33.1,28.22,80.13,28.22,0,24,0.69,52.19,33.22,0,30,1.01,18.52,51.73,133.868,106.716,158.511,0,17,64.338,11.605,49.08
2025-12-17 8:40,33.1,,33.1,28.23,78.14,28.23,0,24,0.69,53.35,33.22,0,30,1.01,18.52,51.73,133.868,244.551,156.999,0,17,64.33,11.594,48.996
2025-12-17 8:50,33.1,,33.1,28.22,78.8,28.22,0,24,0.7,55.79,33.23,0,30,1.01,18.52,51.73,133.867,161.757,157.928,0,17,64.33,14.979,48.862
2025-12-17 9:00,33.1,,33.1,28.21,78.8,28.21,0,24,0.69,54.51,33.22,0,30,1.01,18.52,51.73,133.867,106.711,159.04,0,17,64.33,21.726,48.987
2025-12-17 9:10,33.1,,33.1,28.19,78.14,28.19,0,24,0.69,54.51,33.22,0,30,1.01,18.52,51.73,133.866,93.093,151.477,0,17,64.323,24.866,48.084
2025-12-17 9:20,33.1,,33.1,28.18,74.17,28.18,0,24,0.69,48.71,33.22,0,30,1.01,18.52,51.73,133.865,66.726,149.828,0,17,64.32,14.56,48.442
2025-12-17 9:30,33.09,,33.09,28.17,62.91,28.17,0,24,0.69,47.55,33.22,0,30,1.01,18.52,51.73,133.865,71.723,150.363,0,17,64.319,11.138,48.889
2025-12-17 9:40,33.09,,33.09,28.16,59.6,28.16,0,24,0.7,47.65,33.23,0,30,1,18.52,51.72,133.863,33.683,155.69,0,17,64.314,18.017,48.221
2025-12-17 9:50,33.09,,33.09,28.16,56.95,28.16,0,24,0.69,53.35,33.22,0,30,1,18.52,51.72,133.861,20.456,157.483,0,17,64.31,14.716,48.706
2025-12-17 10:00,33.09,,33.09,28.17,56.95,28.17,0,24,0.7,56.95,33.23,0,30,0.99,18.52,51.71,133.861,1.383,152.142,0,17,64.306,7.83,58.564
2025-12-17 10:10,33.09,,33.09,28.17,54.3,28.17,0,24,0.7,59.28,33.23,0,30,0.99,18.52,51.71,133.859,0,158.281,0,17,64.3,5.072,49.782
2025-12-17 10:20,33.09,,33.09,28.18,55.63,28.18,0,24,0.69,60.31,33.22,0,30,0.98,18.52,51.7,133.857,0,156.443,0,17,64.304,36.742,62.716
2025-12-17 10:30,33.09,,33.09,28.18,54.96,28.18,0,24,0.69,55.67,33.22,0,30,0.99,18.52,51.71,133.856,0,160.332,0,17,64.32,108.629,71.225
2025-12-17 10:40,33.09,,33.09,28.18,56.03,28.18,0,24,0.7,54.63,33.23,0,30,0.99,18.52,51.71,133.856,23.57,156.1,0,17,64.33,173.293,81.273
2025-12-17 10:50,33.09,,33.09,28.18,60.03,28.18,0,24,0.7,53.47,33.23,0,30,0.99,18.52,51.71,133.854,39.379,156.373,0,17,64.35,236.878,89.305
2025-12-17 11:00,33.09,,33.09,28.18,62.7,28.18,0,24,0.7,65.09,33.23,0,30,0.98,18.52,51.7,133.853,45.453,154.885,0,17,64.355,194.417,55.008
2025-12-17 11:10,33.09,,33.09,28.18,66.04,28.18,0,24,0.7,73.23,33.23,0,30,0.98,18.52,51.7,133.853,40.572,153.293,0,17,64.362,171.159,41.332
2025-12-17 11:20,33.09,,33.09,28.19,64.7,28.19,0,24,0.7,92.98,33.23,0,30,0.98,18.52,51.7,133.851,7.769,152.63,0,17,64.371,113.661,28.643
2025-12-17 11:30,33.1,,33.1,28.21,67.37,28.21,0,24,0.71,94.35,33.24,0,30,0.99,18.52,51.71,133.85,33.152,148.366,0,17,64.381,116.979,13.129
2025-12-17 11:40,33.1,,33.1,28.24,69.37,28.24,0,24,0.71,95.52,33.24,0,30,1.01,18.52,51.73,133.852,64.975,0.43,0,17,64.376,75.297,36.788
2025-12-17 11:50,33.1,,33.1,28.24,81.96,28.24,0,24,0.72,91.05,33.25,0,30,1.01,18.52,51.73,133.852,108.853,0.43,0,17,64.385,80.136,45.824
2025-12-17 12:00,33.1,,33.1,28.25,85.25,28.25,0,24,0.71,81.54,33.24,0,30,1,18.52,51.72,133.85,0,0.43,0,17,64.395,90.978,45.155
2025-12-17 12:10,33.1,,33.1,28.25,90.67,28.25,0,24,0.71,76.88,33.24,0,30,0.99,18.52,51.71,133.85,0,0.43,0,17,64.41,161.943,45.184
2025-12-17 12:20,33.1,,33.1,28.25,92.02,28.25,0,24,0.72,63.04,33.25,0,30,0.99,18.52,51.71,133.851,0,0.43,0,17,64.427,190.896,45.181
2025-12-17 12:30,33.1,,33.1,28.25,90.67,28.25,0,24,0.72,58.37,33.25,0,30,0.98,18.52,51.7,133.848,0,0.43,0,17,64.436,187.858,45.208
2025-12-17 12:40,33.11,,33.11,28.26,87.22,28.26,0,24,0.72,64.2,33.25,0,30,0.97,18.52,51.69,133.848,0,0.43,0,17,64.44,149.874,45.233
2025-12-17 12:50,33.11,,33.11,28.26,85.86,28.26,0,24,0.72,64.2,33.25,0,30,0.97,18.52,51.69,133.849,0,0.43,0,17,64.44,90.732,45.254
2025-12-17 13:00,33.11,,33.11,28.26,86.54,28.26,0,24,0.72,59.53,33.25,0,30,0.97,18.52,51.69,133.85,63.486,0.43,0,17,64.44,59.238,45.226
2025-12-17 13:10,33.11,,33.11,28.26,86.46,28.26,0,24,0.72,53.7,33.25,0,30,0.97,18.52,51.69,133.849,55.597,0.43,0,17,64.434,36.218,81.174
2025-12-17 13:20,33.11,,33.11,28.26,93.35,28.26,0,24,0.71,53.58,33.24,0,30,0.97,18.52,51.69,133.85,47.708,0.43,0,17,64.44,75.84,101.121
2025-12-17 13:30,33.11,,33.11,28.27,89.9,28.27,0,24,0.71,55.91,33.24,0,30,0.97,18.52,51.69,133.851,43.763,0.43,0,17,64.443,92.107,62.527
2025-12-17 13:40,33.11,,33.11,28.27,94.01,28.27,0,24,0.71,55.91,33.24,0,30,0.97,18.52,51.69,133.851,43.763,0.43,0,17,64.448,124.262,62.139
2025-12-17 13:50,33.11,,33.11,28.27,90.58,28.27,0,24,0.72,60.7,33.25,0,30,0.97,18.52,51.69,133.85,0.43,0.43,0,17,64.449,93.831,62.16
2025-12-17 14:00,33.11,,33.11,28.26,94.01,28.26,0,24,0.71,55.91,33.24,0,30,0.98,18.52,51.7,133.85,0,0.43,0,17,64.441,55.14,62.121
2025-12-17 14:10,33.11,,33.11,28.27,94.7,28.27,0,24,0.71,55.91,33.24,0,30,0.98,18.52,51.7,133.851,28.041,0.43,0,17,64.431,2.665,62.215
2025-12-17 14:20,33.11,,33.11,28.26,91.95,28.26,0,24,0.72,53.7,33.25,0,30,0.98,18.52,51.7,133.853,98.986,0.43,0,17,64.427,0,62.224
2025-12-17 14:30,33.11,,33.11,28.26,89.9,28.26,0,24,0.71,53.58,33.24,0,30,0.97,18.52,51.69,133.853,134.43,0.43,0,17,64.42,0,62.199
2025-12-17 14:40,33.11,,33.11,28.26,88.52,28.26,0,24,0.72,58.37,33.25,0,30,0.97,18.52,51.69,133.852,47.708,0.43,0,17,64.42,23.847,62.286
2025-12-17 14:50,33.11,,33.11,28.27,88.52,28.27,0,24,0.71,66.39,33.24,0,30,0.98,18.52,51.7,133.852,0,0.43,0,17,64.427,62.217,62.167
2025-12-17 15:00,33.11,,33.11,28.27,96.07,28.27,0,24,0.71,64.07,33.24,0,30,0.98,18.52,51.7,133.852,0,0.43,0,17,64.428,90.081,62.125
2025-12-17 15:10,33.11,,33.11,28.26,96.76,28.26,0,24,0.71,60.57,33.24,0,30,1,18.52,51.72,133.854,43.763,0.43,0,17,64.42,62.189,62.274
2025-12-17 15:20,33.11,,33.11,28.27,100.19,28.27,0,24,0.72,56.03,33.25,0,30,0.99,18.52,51.71,133.853,28.041,0.43,0,17,64.412,10.025,62.344
2025-12-17 15:30,33.11,,33.11,28.27,98.82,28.27,0,24,0.71,54.75,33.24,0,30,0.98,18.52,51.7,133.853,63.541,0.43,0,17,64.41,0,62.33
2025-12-17 15:40,33.11,,33.11,28.27,94.7,28.27,0,24,0.71,57.08,33.24,0,30,0.98,18.52,51.7,133.856,79.263,0.43,0,17,64.403,3.301,62.397
2025-12-17 15:50,33.11,,33.11,28.26,93.33,28.26,0,24,0.72,52.53,33.25,0,30,0.98,18.52,51.7,133.856,130.486,0.43,0,17,64.4,20.701,62.378
2025-12-17 16:00,33.11,,33.11,28.26,91.27,28.26,0,24,0.71,54.75,33.24,0,30,0.98,18.52,51.7,133.856,94.986,0.43,0,17,64.4,27.694,62.476
2025-12-17 16:10,33.11,,33.11,28.26,91.27,28.26,0,24,0.71,54.75,33.24,0,30,0.98,18.52,51.7,133.853,0,89.134,0,17,64.4,51.997,62.472
2025-12-17 16:20,33.11,,33.11,28.26,89.21,28.26,0,24,0.71,55.91,33.24,0,30,0.98,18.52,51.7,133.85,0,159.158,0,17,64.398,55.545,62.355
2025-12-17 16:30,33.11,,33.11,28.26,87.15,28.26,0,24,0.72,58.37,33.25,0,30,0.98,18.52,51.7,133.849,0,156.109,0,17,64.39,27.858,62.416
2025-12-17 16:40,33.11,,33.11,28.26,86.46,28.26,0,24,0.71,57.08,33.24,0,30,0.98,18.52,51.7,133.848,0,156.702,0,17,64.385,10.628,62.613
2025-12-17 16:50,33.11,,33.11,28.26,84.41,28.26,0,24,0.72,58.37,33.25,0,30,0.98,18.52,51.7,133.847,38.471,157.268,0,17,64.38,0.329,62.626
2025-12-17 17:00,33.11,,33.11,28.26,85.78,28.26,0,24,0.71,57.08,33.24,0,30,0.98,18.52,51.7,133.847,73.698,155.29,0,17,64.38,28.074,62.651
2025-12-17 17:10,33.11,,33.11,28.26,87.15,28.26,0,24,0.72,57.2,33.25,0,30,0.98,18.52,51.7,133.848,158.273,150.429,0,17,64.381,46.159,54.699
2025-12-17 17:20,33.11,,33.11,28.26,83.82,28.26,0,24,0.71,59.41,33.24,0,30,0.98,18.52,51.7,133.848,217.289,156.981,0,17,64.37,9.035,12.922
2025-12-17 17:30,33.11,,33.11,28.26,85.18,28.26,0,24,0.71,59.41,33.24,0,30,0.98,18.52,51.7,133.847,162.531,156.518,0,17,64.37,5.341,51.57
2025-12-17 17:40,33.11,,33.11,28.26,85.86,28.26,0,24,0.72,60.7,33.25,0,30,0.98,18.52,51.7,133.846,81.942,156.993,0,17,64.364,0,51.472
2025-12-17 17:50,33.11,,33.11,28.26,83.13,28.26,0,24,0.71,60.57,33.24,0,30,0.98,18.52,51.7,133.844,0,156.348,0,17,64.363,27.333,51.125
2025-12-17 18:00,33.11,,33.11,28.26,85.86,28.26,0,24,0.71,64.07,33.24,0,30,0.98,18.52,51.7,133.842,0,155.489,0,17,64.376,71.785,50.924
2025-12-17 18:10,33.11,,33.11,28.26,83.13,28.26,0,24,0.71,62.9,33.24,0,30,0.98,18.52,51.7,133.843,38.01,156.859,0,17,64.39,140.57,50.995
2025-12-17 18:20,33.11,,33.11,28.25,82.45,28.25,0,24,0.71,62.9,33.24,0,30,0.98,18.52,51.7,133.844,156.222,156.319,0,17,64.409,209.854,51.31
2025-12-17 18:30,33.11,,33.11,28.26,83.13,28.26,0,24,0.71,60.57,33.24,0,30,0.98,18.52,51.7,133.844,236.056,158.489,0,17,64.417,193.19,51.432
2025-12-17 18:40,33.11,,33.11,28.25,81.09,28.25,0,24,0.71,67.56,33.24,0,30,0.98,18.52,51.7,133.843,125.492,156.166,0,17,64.42,155.477,51.522
2025-12-17 18:50,33.11,,33.11,28.26,85.86,28.26,0,24,0.71,65.23,33.24,0,30,0.99,18.52,51.71,133.841,43.931,159.972,0,17,64.42,89.788,51.577
2025-12-17 19:00,33.11,,33.11,28.25,82.45,28.25,0,24,0.71,65.23,33.24,0,30,0.99,18.52,51.71,133.839,0,158.374,0,17,64.424,75.934,51.537
2025-12-17 19:10,33.11,,33.11,28.25,81.77,28.25,0,24,0.71,67.56,33.24,0,30,0.99,18.52,51.71,133.837,0,156.373,0,17,64.44,121.44,51.539
2025-12-17 19:20,33.11,,33.11,28.25,86.54,28.25,0,24,0.71,64.07,33.24,0,30,0.99,18.52,51.71,133.835,0,147.649,0,17,64.454,170.585,51.68
2025-12-17 19:30,33.11,,33.11,28.25,82.45,28.25,0,24,0.71,67.56,33.24,0,30,0.99,18.52,51.71,133.836,2.393,34.156,0,17,64.465,195.448,51.792
2025-12-17 19:40,33.11,,33.11,28.25,83.82,28.25,0,24,0.71,62.9,33.24,0,30,0.99,18.52,51.71,133.837,48.912,0.43,0,17,64.473,167.714,51.504
2025-12-17 19:50,33.11,,33.11,28.25,81.77,28.25,0,24,0.71,60.57,33.24,0,30,0.99,18.52,51.71,133.835,31.339,0.43,0,17,64.48,143.312,51.641
2025-12-17 20:00,33.11,,33.11,28.25,80.41,28.25,0,24,0.71,62.9,33.24,0,30,0.99,18.52,51.71,133.834,0,0.43,0,17,64.481,108.175,51.879
2025-12-17 20:10,33.11,,33.11,28.25,81.87,28.25,0,24,0.7,59.28,33.23,0,30,0.99,18.52,51.71,133.836,0,0.43,0,17,64.492,119.049,51.794
2025-12-17 20:20,33.11,,33.11,28.25,85.93,28.25,0,24,0.71,60.57,33.24,0,30,0.99,18.52,51.71,133.835,0,0.43,0,17,64.504,137.038,51.775
2025-12-17 20:30,33.11,,33.11,28.25,86.61,28.25,0,24,0.7,60.44,33.23,0,30,0.99,18.52,51.71,133.835,16.208,0.43,0,17,64.518,183.418,52.02
2025-12-17 20:40,33.11,,33.11,28.25,83.9,28.25,0,24,0.7,59.28,33.23,0,30,0.99,18.52,51.71,133.835,0,0.43,0,17,64.52,151.684,52.09
2025-12-17 20:50,33.11,,33.11,28.25,83.9,28.25,0,24,0.71,59.28,33.24,0,30,0.99,18.52,51.71,133.836,55.541,0.43,0,17,64.52,109.115,52.07
2025-12-17 21:00,33.11,,33.11,28.25,85.25,28.25,0,24,0.71,61.74,33.24,0,30,0.99,18.52,51.71,133.836,47.708,0.43,0,17,64.52,59.249,52.088
2025-12-17 21:10,33.11,,33.11,28.25,82.55,28.25,0,24,0.71,64.07,33.24,0,30,0.99,18.52,51.71,133.838,94.986,0.43,0,17,64.51,16.301,51.914
2025-12-17 21:20,33.11,,33.11,28.25,83.9,28.25,0,24,0.7,67.41,33.23,0,30,0.99,18.52,51.71,133.838,63.486,0.43,0,17,64.511,19.857,51.904
2025-12-17 21:30,33.11,,33.11,28.24,81.87,28.24,0,24,0.7,68.58,33.23,0,30,0.99,18.52,51.71,133.837,39.819,0.43,0,17,64.52,51.909,51.909
2025-12-17 21:40,33.11,,33.11,28.24,75.92,28.24,0,24,0.71,66.39,33.24,0,30,0.99,18.52,51.71,133.837,0,0.43,0,17,64.52,87.683,52.069
2025-12-17 21:50,33.11,,33.11,28.24,76.59,28.24,0,24,0.7,66.25,33.23,0,30,0.99,18.52,51.71,133.835,0,0.43,0,17,64.52,84.07,51.898
2025-12-17 22:00,33.11,,33.11,28.24,75.24,28.24,0,24,0.71,65.23,33.24,0,30,0.99,18.52,51.71,133.836,0,0.43,0,17,64.519,48.471,52.115
2025-12-17 22:10,33.11,,33.11,28.24,77.93,28.24,0,24,0.71,65.23,33.24,0,30,0.99,18.52,51.71,133.836,0,0.43,0,17,64.51,16.353,52.215
2025-12-17 22:20,33.11,,33.11,28.24,75.24,28.24,0,24,0.71,65.23,33.24,0,30,0.99,18.52,51.71,133.837,51.652,0.43,0,17,64.51,16.429,52.125
2025-12-17 22:30,33.11,,33.11,28.24,71.88,28.24,0,24,0.71,65.23,33.24,0,30,0.99,18.52,51.71,133.837,63.43,0.43,0,17,64.51,19.972,52.075
2025-12-17 22:40,33.11,,33.11,28.24,76.59,28.24,0,24,0.7,66.25,33.23,0,30,0.99,18.52,51.71,133.837,55.541,0.43,0,17,64.509,48.498,51.961
2025-12-17 22:50,33.11,,33.11,28.24,77.26,28.24,0,24,0.7,66.25,33.23,0,30,0.99,18.52,51.71,133.837,12.263,0.43,0,17,64.51,51.997,51.956
2025-12-17 23:00,33.11,,33.11,28.24,81.29,28.24,0,24,0.71,61.74,33.24,0,30,0.99,18.52,51.71,133.838,31.986,0.43,0,17,64.501,19.89,51.92
2025-12-17 23:10,33.11,,33.11,28.24,73.23,28.24,0,24,0.71,62.9,33.24,0,30,0.99,18.52,51.71,133.839,59.541,0.43,0,17,64.5,19.923,52.061
2025-12-17 23:20,33.11,,33.11,28.24,79.27,28.24,0,24,0.71,62.9,33.24,0,30,0.99,18.52,51.71,133.839,94.986,0.43,0,17,64.498,9.238,51.9
2025-12-17 23:30,33.11,,33.11,28.24,75.24,28.24,0,24,0.71,61.74,33.24,0,30,0.99,18.52,51.71,133.841,106.819,0.43,0,17,64.49,12.865,51.802
2025-12-17 23:40,33.11,,33.11,28.24,75.24,28.24,0,24,0.71,62.9,33.24,0,30,0.99,18.52,51.71,133.841,110.763,0.43,0,17,64.49,16.334,51.801
2025-12-17 23:50,33.11,,33.11,28.24,79.27,28.24,0,24,0.71,60.57,33.24,0,30,0.99,18.52,51.71,133.84,39.819,0.43,0,17,64.49,23.442,51.89
2025-12-18 0:00,33.11,,33.11,28.24,77.26,28.24,0,0,0.7,62.76,33.23,0,0,1,18.52,51.72,133.841,0,0.43,0,0,64.49,51.877,51.939
2025-12-18 0:10,33.11,,33.11,28.24,79.27,28.24,0,0,0.7,58.12,33.23,0,0,1,18.52,51.72,133.84,0,0.43,0,0,64.486,37.833,52.171
2025-12-18 0:20,33.11,,33.11,28.24,77.93,28.24,0,0,0.7,59.28,33.23,0,0,1,18.52,51.72,133.84,0.43,0.43,0,0,64.48,16.607,52.045
2025-12-18 0:30,33.11,,33.11,28.24,76.59,28.24,0,0,0.7,56.95,33.23,0,0,1,18.52,51.72,133.837,0,0.43,0,0,64.48,16.499,51.613
2025-12-18 0:40,33.11,,33.11,28.24,75.24,28.24,0,0,0.71,59.41,33.24,0,0,1,18.52,51.72,133.84,4.374,0.43,0,0,64.475,12.894,51.856
2025-12-18 0:50,33.11,,33.11,28.24,75.24,28.24,0,0,0.71,59.41,33.24,0,0,1,18.52,51.72,133.842,55.597,0.43,0,0,64.47,16.516,52.08
2025-12-18 1:00,33.11,,33.11,28.24,75.24,28.24,0,0,0.71,57.08,33.24,0,0,1,18.52,51.72,133.842,205.319,0.43,0,0,64.47,16.612,51.902
2025-12-18 1:10,33.11,,33.11,28.24,78.71,28.24,0,0,0.71,59.41,33.24,0,0,1,18.52,51.72,133.842,79.208,0.43,0,0,64.462,6.006,51.703
2025-12-18 1:20,33.11,,33.11,28.24,76.04,28.24,0,0,0.71,59.41,33.24,0,0,1,18.52,51.72,133.842,27.986,0.43,0,0,64.46,16.673,52.081
2025-12-18 1:30,33.11,,33.11,28.24,77.37,28.24,0,0,0.71,55.91,33.24,0,0,1,18.52,51.72,133.843,16.208,0.43,0,0,64.46,16.572,51.599
2025-12-18 1:40,33.11,,33.11,28.24,76.71,28.24,0,0,0.71,55.91,33.24,0,0,1,18.52,51.72,133.842,0,0.43,0,0,64.46,44.673,51.341
2025-12-18 1:50,33.11,,33.11,28.24,74.71,28.24,0,0,0.71,58.24,33.24,0,0,1,18.52,51.72,133.843,8.319,0.43,0,0,64.453,26.707,51.181
2025-12-18 2:00,33.11,,33.11,28.24,71.37,28.24,0,0,0.71,60.57,33.24,0,0,1,18.52,51.72,133.843,27.986,0.43,0,0,64.45,16.157,51.451
2025-12-18 2:10,33.11,,33.11,28.24,76.04,28.24,0,0,0.71,55.91,33.24,0,0,1,18.52,51.72,133.844,75.319,0.43,0,0,64.449,12.69,51.438
2025-12-18 2:20,33.11,,33.11,28.24,74.71,28.24,0,0,0.71,58.24,33.24,0,0,1,18.52,51.72,133.845,102.874,0.43,0,0,64.44,5.921,51.54
2025-12-18 2:30,33.11,,33.11,28.24,74.71,28.24,0,0,0.71,57.08,33.24,0,0,1,18.52,51.72,133.846,98.93,0.43,0,0,64.44,16.451,51.542
2025-12-18 2:40,33.11,,33.11,28.24,76.71,28.24,0,0,0.71,60.57,33.24,0,0,1,18.52,51.72,133.845,47.708,0.43,0,0,64.44,19.99,51.556
2025-12-18 2:50,33.11,,33.11,28.24,78.71,28.24,0,0,0.71,55.91,33.24,0,0,1.01,18.52,51.73,133.845,0,0.43,0,0,64.438,44.665,52.064
2025-12-18 3:00,33.11,,33.11,28.24,79.38,28.24,0,0,0.71,57.08,33.24,0,0,1.01,18.52,51.73,133.845,0,0.43,0,0,64.43,16.699,51.476
2025-12-18 3:10,33.11,,33.11,28.24,82.04,28.24,0,0,0.71,60.57,33.24,0,0,1,18.52,51.72,133.845,0,0.43,0,0,64.43,16.693,51.54
2025-12-18 3:20,33.11,,33.11,28.24,82.04,28.24,0,0,0.71,58.24,33.24,0,0,1,18.52,51.72,133.845,0,0.43,0,0,64.425,6.119,51.507
2025-12-18 3:30,33.11,,33.11,28.24,75.37,28.24,0,0,0.71,60.57,33.24,0,0,1.01,18.52,51.73,133.846,47.708,0.43,0,0,64.42,16.653,51.58
2025-12-18 3:40,33.11,,33.11,28.24,76.71,28.24,0,0,0.71,62.9,33.24,0,0,1.01,18.52,51.73,133.846,63.486,0.43,0,0,64.42,16.804,51.991
2025-12-18 3:50,33.11,,33.11,28.24,76.71,28.24,0,0,0.7,60.44,33.23,0,0,1.01,18.52,51.73,133.848,114.708,0.43,0,0,64.42,34.326,51.74
2025-12-18 4:00,33.11,,33.11,28.24,79.95,28.24,0,0,0.71,59.41,33.24,0,0,1.01,18.52,51.73,133.848,83.208,0.43,0,0,64.414,30.834,51.439
2025-12-18 4:10,33.11,,33.11,28.24,75.24,28.24,0,0,0.71,58.24,33.24,0,0,1.01,18.52,51.73,133.847,47.708,0.43,0,0,64.41,16.784,51.506
2025-12-18 4:20,33.11,,33.11,28.24,72.56,28.24,0,0,0.7,55.79,33.23,0,0,1.01,18.52,51.73,133.847,0,0.43,0,0,64.409,13.254,51.651
2025-12-18 4:30,33.11,,33.11,28.24,81.29,28.24,0,0,0.71,55.91,33.24,0,0,1,18.52,51.72,133.847,0,0.43,0,0,64.4,2.914,51.419
2025-12-18 4:40,33.11,,33.11,28.24,75.24,28.24,0,0,0.71,52.42,33.24,0,0,1,18.52,51.72,133.848,20.152,0.43,0,0,64.4,16.749,51.343
2025-12-18 4:50,33.11,,33.11,28.24,77.26,28.24,0,0,0.71,55.91,33.24,0,0,1,18.52,51.72,133.849,67.43,0.43,0,0,64.4,20.152,51.362
2025-12-18 5:00,33.11,,33.11,28.24,74.57,28.24,0,0,0.7,55.79,33.23,0,0,1.01,18.52,51.73,133.85,114.708,0.43,0,0,64.394,30.656,51.43
2025-12-18 5:10,33.11,,33.11,28.24,73.23,28.24,0,0,0.71,54.75,33.24,0,0,1.01,18.52,51.73,133.85,83.208,0.43,0,0,64.39,16.938,51.69
2025-12-18 5:20,33.11,,33.11,28.24,79.95,28.24,0,0,0.71,53.58,33.24,0,0,1,18.52,51.72,133.85,35.93,0.43,0,0,64.39,16.961,51.429
2025-12-18 5:30,33.11,,33.11,28.24,73.23,28.24,0,0,0.71,55.91,33.24,0,0,1.01,18.52,51.73,133.849,0,0.43,0,0,64.381,6.504,51.228
2025-12-18 5:40,33.11,,33.11,28.24,73.23,28.24,0,0,0.71,53.58,33.24,0,0,1.01,18.52,51.73,133.849,0,0.43,0,0,64.38,16.667,51.01
2025-12-18 5:50,33.11,,33.11,28.24,75.24,28.24,0,0,0.71,54.75,33.24,0,0,1.01,18.52,51.73,133.849,0,0.43,0,0,64.38,16.575,51.154
2025-12-18 6:00,33.11,,33.11,28.24,76.59,28.24,0,0,0.71,52.42,33.24,0,0,1.01,18.52,51.73,133.849,0,0.43,0,0,64.379,44.209,51.129
2025-12-18 6:10,33.11,,33.11,28.24,73.23,28.24,0,0,0.71,53.58,33.24,0,0,1.01,18.52,51.73,133.849,12.208,0.43,0,0,64.37,16.78,51.224
2025-12-18 6:20,33.11,,33.11,28.24,75.92,28.24,0,0,0.71,53.58,33.24,0,0,1.01,18.52,51.73,133.849,16.152,0.43,0,0,64.37,16.918,51.567
2025-12-18 6:30,33.11,,33.11,28.24,73.9,28.24,0,0,0.71,51.25,33.24,0,0,1.01,18.52,51.73,133.849,0,0.43,0,0,64.364,0,51.496
2025-12-18 6:40,33.11,,33.11,28.24,79.27,28.24,0,0,0.7,53.47,33.23,0,0,1,18.52,51.72,133.849,16.208,0.43,0,0,64.36,17.013,50.976
2025-12-18 6:50,33.11,,33.11,28.24,77.26,28.24,0,0,0.71,53.58,33.24,0,0,1,18.52,51.72,133.85,35.93,0.43,0,0,64.359,13.444,51.193
2025-12-18 7:00,33.11,,33.11,28.24,77.93,28.24,0,0,0.7,55.79,33.23,0,0,1,18.52,51.72,133.85,67.374,0.43,0,0,64.353,13.455,51.195
2025-12-18 7:10,33.11,,33.11,28.24,75.24,28.24,0,0,0.7,54.63,33.23,0,0,1.01,18.52,51.73,133.85,47.708,0.43,0,0,64.35,17.045,51.414
2025-12-18 7:20,33.11,,33.11,28.24,74.57,28.24,0,0,0.7,54.63,33.23,0,0,1.01,18.52,51.73,133.851,47.708,0.43,0,0,64.35,20.48,51.164
2025-12-18 7:30,33.11,,33.11,28.24,72.56,28.24,0,0,0.7,54.63,33.23,0,0,1.01,18.52,51.73,133.851,47.763,0.43,0,0,64.349,37.509,51.115
2025-12-18 7:40,33.11,,33.11,28.24,74.43,28.24,0,0,0.71,55.91,33.24,0,0,0.99,18.52,51.71,133.851,24.097,0.43,0,0,64.34,16.91,50.951
2025-12-18 7:50,33.11,,33.11,28.24,75.1,28.24,0,0,0.71,57.08,33.24,0,0,1,18.52,51.72,133.852,20.152,0.43,0,0,64.34,16.916,51.182
2025-12-18 8:00,33.11,,33.11,28.24,73.75,28.24,0,0,0.71,55.91,33.24,0,0,1.01,18.52,51.73,133.851,1.823,4.61,0,0,64.337,10.192,51.277
2025-12-18 8:10,33.11,,33.11,28.24,73.08,28.24,0,0,0.71,55.91,33.24,0,0,1.01,18.52,51.73,133.849,0,160.698,0,0,64.33,17.207,51.162
2025-12-18 8:20,33.11,,33.11,28.24,72.4,28.24,0,0,0.71,58.24,33.24,0,0,1.01,18.52,51.73,133.848,0,157.988,0,0,64.33,17.203,51.17
2025-12-18 8:30,33.11,,33.11,28.24,71.72,28.24,0,0,0.71,58.24,33.24,0,0,1.02,18.52,51.74,133.848,36.336,156.822,0,0,64.324,6.934,50.971
2025-12-18 8:40,33.11,,33.11,28.24,73.75,28.24,0,0,0.71,58.24,33.24,0,0,1.02,18.52,51.74,133.847,85.605,154.84,0,0,64.32,16.924,50.466
2025-12-18 8:50,33.11,,33.11,28.24,71.05,28.24,0,0,0.71,55.91,33.24,0,0,1.01,18.52,51.73,133.847,84.608,154.995,0,0,64.32,16.791,50.771
2025-12-18 9:00,33.11,,33.11,28.24,72.4,28.24,0,0,0.71,53.58,33.24,0,0,1,18.52,51.72,133.847,107.303,153.908,0,0,64.319,33.715,50.742
2025-12-18 9:10,33.11,,33.11,28.24,75.1,28.24,0,0,0.7,55.79,33.23,0,0,1,18.52,51.72,133.847,157.43,151.554,0,0,64.312,23.408,50.043
2025-12-18 9:20,33.11,,33.11,28.24,68.34,28.24,0,0,0.71,54.75,33.24,0,0,1,18.52,51.72,133.846,118.472,156.287,0,0,64.31,16.415,50.127
2025-12-18 9:30,33.11,,33.11,28.24,70.37,28.24,0,0,0.71,48.92,33.24,0,0,1.01,18.52,51.73,133.844,23.623,153.195,0,0,64.308,12.909,50.224
2025-12-18 9:40,33.11,,33.11,28.24,72.4,28.24,0,0,0.71,50.09,33.24,0,0,1.01,18.52,51.73,133.842,0,157.694,0,0,64.3,9.638,50.064
2025-12-18 9:50,33.11,,33.11,28.24,75.1,28.24,0,0,0.71,46.59,33.24,0,0,1,18.52,51.72,133.842,9.03,153.702,0,0,64.3,16.332,49.874
2025-12-18 10:00,33.11,,33.11,28.24,73.75,28.24,0,0,0.71,46.59,33.24,0,0,1.01,18.52,51.73,133.842,77.118,156.293,0,0,64.3,22.954,49.923
2025-12-18 10:10,33.11,,33.11,28.24,73.75,28.24,0,0,0.71,50.09,33.24,0,0,1.01,18.52,51.73,133.842,128.029,144.926,0,0,64.3,49.755,49.467
2025-12-18 10:20,33.11,,33.11,28.24,72.4,28.24,0,0,0.71,48.92,33.24,0,0,1.01,18.52,51.73,133.842,138.25,137.03,0,0,64.315,100.247,49.35
2025-12-18 10:30,33.11,,33.11,28.24,72.4,28.24,0,0,0.7,52.3,33.23,0,0,1,18.52,51.72,133.841,109.253,152.303,0,0,64.327,140.943,50.013
2025-12-18 10:40,33.11,,33.11,28.24,74.43,28.24,0,0,0.7,54.63,33.23,0,0,1.01,18.52,51.73,133.839,56.739,152.718,0,0,64.34,185.429,50.256
2025-12-18 10:50,33.11,,33.11,28.24,75.78,28.24,0,0,0.7,56.95,33.23,0,0,1.01,18.52,51.73,133.838,0,153.176,0,0,64.34,135.036,50.173
2025-12-18 11:00,33.11,,33.11,28.24,79.84,28.24,0,0,0.71,57.08,33.24,0,0,1,18.52,51.72,133.837,0,154.078,0,0,64.348,121.757,50.177
2025-12-18 11:10,33.11,,33.11,28.24,77.81,28.24,0,0,0.71,54.75,33.24,0,0,1,18.52,51.72,133.834,0,156.754,0,0,64.353,94.56,49.998
2025-12-18 11:20,33.11,,33.11,28.24,77.81,28.24,0,0,0.71,55.91,33.24,0,0,1.01,18.52,51.73,133.833,0,153.502,0,0,64.362,125.035,49.097
2025-12-18 11:30,33.11,,33.11,28.24,73.75,28.24,0,0,0.71,55.91,33.24,0,0,0.99,18.52,51.71,133.833,1.198,130.672,0,0,64.373,135.736,50.946
2025-12-18 11:40,33.11,,33.11,28.24,75.78,28.24,0,0,0.71,54.75,33.24,0,0,1,18.52,51.72,133.834,79.09,0.43,0,0,64.382,149.945,50.959
2025-12-18 11:50,33.11,,33.11,28.24,73.75,28.24,0,0,0.71,48.92,33.24,0,0,0.99,18.52,51.71,133.833,39.899,0.43,0,0,64.393,157.581,50.672
2025-12-18 12:00,33.11,,33.11,28.24,78.49,28.24,0,0,0.71,57.08,33.24,0,0,1,18.52,51.72,133.833,0,0.43,0,0,64.4,143.949,50.716
2025-12-18 12:10,33.11,,33.11,28.24,77.81,28.24,0,0,0.71,54.75,33.24,0,0,1.01,18.52,51.73,133.832,0,0.43,0,0,64.409,144.099,50.742
2025-12-18 12:20,33.11,,33.11,28.24,79.16,28.24,0,0,0.71,51.25,33.24,0,0,1.01,18.52,51.73,133.837,150.152,0.43,0,0,64.415,126.965,50.438
2025-12-18 12:30,33.11,,33.11,28.24,77.81,28.24,0,0,0.71,50.09,33.24,0,0,1.01,18.52,51.73,133.83,0,0.43,0,0,64.424,133.985,50.441
2025-12-18 12:40,33.11,,33.11,28.24,78.49,28.24,0,0,0.71,50.09,33.24,0,0,1.01,18.52,51.73,133.83,0,0.43,0,0,64.431,127.25,50.87
2025-12-18 12:50,33.11,,33.11,28.24,79.16,28.24,0,0,0.71,52.42,33.24,0,0,1.01,18.52,51.73,133.832,0,0.43,0,0,64.44,138.205,51.471
2025-12-18 13:00,33.11,,33.11,28.24,81.19,28.24,0,0,0.71,52.42,33.24,0,0,1.01,18.52,51.73,133.834,138.319,0.43,0,0,64.44,107.253,51.584
2025-12-18 13:10,33.11,,33.11,28.24,78.49,28.24,0,0,0.7,49.98,33.23,0,0,0.98,18.52,51.7,133.834,142.263,0.43,0,0,64.44,83.093,51.724
2025-12-18 13:20,33.11,,33.11,28.24,77.81,28.24,0,0,0.7,53.47,33.23,0,0,0.98,18.52,51.7,133.833,39.819,0.43,0,0,64.433,27.209,51.819
2025-12-18 13:30,33.11,,33.11,28.24,82.55,28.24,0,0,0.7,59.28,33.23,0,0,0.97,18.52,51.69,133.833,0,0.43,0,0,64.43,16.896,52.145
2025-12-18 13:40,33.11,,33.11,28.24,76.46,28.24,0,0,0.7,58.12,33.23,0,0,0.98,18.52,51.7,133.831,0,0.43,0,0,64.433,27.376,51.665
2025-12-18 13:50,33.11,,33.11,28.24,78.49,28.24,0,0,0.7,58.12,33.23,0,0,0.98,18.52,51.7,133.832,0,0.43,0,0,64.439,72.876,51.818
2025-12-18 14:00,33.11,,33.11,28.24,77.81,28.24,0,0,0.7,54.63,33.23,0,0,0.97,18.52,51.69,133.831,0,9.118,0,0,64.44,86.779,51.853
2025-12-18 14:10,33.11,,33.11,28.24,79.84,28.24,0,0,0.7,58.12,33.23,0,0,0.98,18.52,51.7,133.826,0,156.59,0,0,64.436,62.295,51.715
2025-12-18 14:20,33.11,,33.11,28.24,79.84,28.24,0,0,0.7,56.95,33.23,0,0,0.97,18.52,51.69,133.825,0,153.505,0,0,64.43,20.206,51.55
2025-12-18 14:30,33.11,,33.11,28.24,75.78,28.24,0,0,0.7,54.63,33.23,0,0,0.97,18.52,51.69,133.825,0,153.807,0,0,64.43,16.555,51.402
2025-12-18 14:40,33.11,,33.11,28.24,79.84,28.24,0,0,0.7,54.63,33.23,0,0,0.99,18.52,51.71,133.824,60.482,157.802,0,0,64.426,16.632,51.778
2025-12-18 14:50,33.11,,33.11,28.24,75.78,28.24,0,0,0.71,51.25,33.24,0,0,0.97,18.52,51.69,133.823,93.76,158.672,0,0,64.42,16.794,51.869
2025-12-18 15:00,33.11,,33.11,28.24,70.37,28.24,0,0,0.71,50.09,33.24,0,0,0.98,18.52,51.7,133.823,100.988,151.825,0,0,64.42,16.792,51.395
2025-12-18 15:10,33.11,,33.11,28.24,71.05,28.24,0,0,0.71,51.25,33.24,0,0,1,18.52,51.72,133.825,198.97,144.58,0,0,64.42,30.526,51.148
2025-12-18 15:20,33.11,,33.11,28.24,67.66,28.24,0,0,0.71,54.75,33.24,0,0,0.98,18.52,51.7,133.825,218.371,157.877,0,0,64.42,51.52,52.016
2025-12-18 15:30,33.11,,33.11,28.24,72.4,28.24,0,0,0.71,54.75,33.24,0,0,0.98,18.52,51.7,133.825,211.166,153.874,0,0,64.42,51.573,51.554
2025-12-18 15:40,33.11,,33.11,28.24,68.34,28.24,0,0,0.7,55.79,33.23,0,0,0.98,18.52,51.7,133.824,124.615,156.593,0,0,64.42,51.7,51.528
2025-12-18 15:50,33.11,,33.11,28.24,68.34,28.24,0,0,0.7,54.63,33.23,0,0,0.99,18.52,51.71,133.822,53.553,157.36,0,0,64.423,62.042,51.711
2025-12-18 16:00,33.11,,33.11,28.24,69.02,28.24,0,0,0.7,53.47,33.23,0,0,0.99,18.52,51.71,133.82,0,159.641,0,0,64.435,104.048,51.739
2025-12-18 16:10,33.11,,33.11,28.24,68.34,28.24,0,0,0.7,55.79,33.23,0,0,1,18.52,51.72,133.819,0,149.959,0,0,64.448,149.51,51.415
2025-12-18 16:20,33.11,,33.11,28.24,64.96,28.24,0,0,0.7,55.79,33.23,0,0,1,18.52,51.72,133.817,0,160.427,0,0,64.454,160.19,51.751
2025-12-18 16:30,33.11,,33.11,28.24,64.96,28.24,0,0,0.7,53.47,33.23,0,0,1.01,18.52,51.73,133.817,38.912,160.685,0,0,64.46,139.289,51.535
2025-12-18 16:40,33.11,,33.11,28.24,68.34,28.24,0,0,0.7,54.63,33.23,0,0,1.01,18.52,51.73,133.816,50.648,149.665,0,0,64.462,100.954,51.909
2025-12-18 16:50,33.11,,33.11,28.24,63.6,28.24,0,0,0.7,56.95,33.23,0,0,1.01,18.52,51.73,133.816,140.202,157.424,0,0,64.472,115.036,51.498
2025-12-18 17:00,33.11,,33.11,28.24,62.93,28.24,0,0,0.7,55.79,33.23,0,0,1.01,18.52,51.73,133.815,88.073,157.964,0,0,64.483,132.786,51.452
2025-12-18 17:10,33.11,,33.11,28.24,62.93,28.24,0,0,0.7,58.12,33.23,0,0,1.01,18.52,51.73,133.814,65.156,151.747,0,0,64.493,161.167,51.553
2025-12-18 17:20,33.11,,33.11,28.24,65.63,28.24,0,0,0.7,58.12,33.23,0,0,1.01,18.52,51.73,133.81,0,145.901,0,0,64.505,168.61,51.658
2025-12-18 17:30,33.11,,33.11,28.24,70.37,28.24,0,0,0.7,58.12,33.23,0,0,1.01,18.52,51.73,133.809,0,27.381,0,0,64.514,161.666,51.119
2025-12-18 17:40,33.11,,33.11,28.24,70.37,28.24,0,0,0.7,56.95,33.23,0,0,1.01,18.52,51.73,133.81,0,0.43,0,0,64.52,147.556,51.389
2025-12-18 17:50,33.11,,33.11,28.24,71.72,28.24,0,0,0.7,58.12,33.23,0,0,1.01,18.52,51.73,133.809,0,0.43,0,0,64.53,140.613,51.496
2025-12-18 18:00,33.11,,33.11,28.24,73.75,28.24,0,0,0.7,56.95,33.23,0,0,1.01,18.52,51.73,133.812,83.097,0.43,0,0,64.538,137.409,51.51
2025-12-18 18:10,33.11,,33.11,28.24,75.78,28.24,0,0,0.7,54.63,33.23,0,0,1.01,18.52,51.73,133.814,142.152,0.43,0,0,64.547,148.444,51.661
2025-12-18 18:20,33.11,,33.11,28.24,73.08,28.24,0,0,0.7,58.12,33.23,0,0,1.01,18.52,51.73,133.815,232.708,0.43,0,0,64.558,152.423,51.931
2025-12-18 18:30,33.11,,33.11,28.24,74.43,28.24,0,0,0.7,53.47,33.23,0,0,1.01,18.52,51.73,133.814,102.819,0.43,0,0,64.568,159.968,51.813
2025-12-18 18:40,33.11,,33.11,28.24,73.75,28.24,0,0,0.7,55.79,33.23,0,0,1.01,18.52,51.73,133.813,0,0.43,0,0,64.57,134.78,51.595
2025-12-18 18:50,33.11,,33.11,28.24,73.75,28.24,0,0,0.7,59.28,33.23,0,0,1.01,18.52,51.73,133.813,0,0.43,0,0,64.57,95.029,51.511
2025-12-18 19:00,33.11,,33.11,28.24,72.4,28.24,0,0,0.7,59.28,33.23,0,0,1.01,18.52,51.73,133.812,0,0.43,0,0,64.568,51.7,51.995
2025-12-18 19:10,33.11,,33.11,28.24,73.9,28.24,0,0,0.7,59.28,33.23,0,0,1.01,18.52,51.73,133.813,0,0.43,0,0,64.563,26.531,52.086
2025-12-18 19:20,33.11,,33.11,28.24,71.88,28.24,0,0,0.7,61.6,33.23,0,0,1,18.52,51.72,133.814,27.986,0.43,0,0,64.568,44.883,52.235
2025-12-18 19:30,33.11,,33.11,28.24,73.23,28.24,0,0,0.7,59.28,33.23,0,0,1,18.52,51.72,133.814,75.263,0.43,0,0,64.57,59.499,52.511
2025-12-18 19:40,33.11,,33.11,28.24,71.88,28.24,0,0,0.7,56.95,33.23,0,0,1,18.52,51.72,133.814,35.874,0.43,0,0,64.57,77.691,52.326
2025-12-18 19:50,33.11,,33.11,28.24,71.88,28.24,0,0,0.7,58.12,33.23,0,0,1,18.52,51.72,133.813,0,0.43,0,0,64.568,52.395,52.349
2025-12-18 20:00,33.11,,33.11,28.24,70.54,28.24,0,0,0.7,58.12,33.23,0,0,1,18.52,51.72,133.815,12.208,0.43,0,0,64.565,34.228,52.342
2025-12-18 20:10,33.11,,33.11,28.24,75.24,28.24,0,0,0.7,60.44,33.23,0,0,1,18.52,51.72,133.814,0,0.43,0,0,64.56,16.195,52.395
2025-12-18 20:20,33.11,,33.11,28.24,69.87,28.24,0,0,0.7,60.44,33.23,0,0,1,18.52,51.72,133.814,43.708,0.43,0,0,64.56,23.437,52.406
2025-12-18 20:30,33.11,,33.11,28.24,75.92,28.24,0,0,0.7,59.28,33.23,0,0,1,18.52,51.72,133.814,0,0.43,0,0,64.559,30.713,52.338
2025-12-18 20:40,33.11,,33.11,28.24,71.88,28.24,0,0,0.7,61.6,33.23,0,0,1,18.52,51.72,133.813,0,0.43,0,0,64.553,27.125,52.299
2025-12-18 20:50,33.11,,33.11,28.24,72.56,28.24,0,0,0.7,60.44,33.23,0,0,1,18.52,51.72,133.814,0,0.43,0,0,64.554,30.65,52.312
2025-12-18 21:00,33.11,,33.11,28.24,75.92,28.24,0,0,0.7,59.28,33.23,0,0,1,18.52,51.72,133.816,75.208,0.43,0,0,64.55,19.895,52.406
2025-12-18 21:10,33.11,,33.11,28.24,72.56,28.24,0,0,0.69,60.31,33.22,0,0,1,18.52,51.72,133.818,197.263,0.43,0,0,64.55,41.483,52.231
2025-12-18 21:20,33.11,,33.11,28.24,71.88,28.24,0,0,0.69,62.63,33.22,0,0,1,18.52,51.72,133.82,228.763,0.43,0,0,64.55,37.937,52.339
2025-12-18 21:30,33.11,,33.11,28.24,75.92,28.24,0,0,0.7,63.93,33.23,0,0,1,18.52,51.72,133.82,157.93,0.43,0,0,64.543,27.057,52.266
2025-12-18 21:40,33.11,,33.11,28.24,71.21,28.24,0,0,0.7,61.6,33.23,0,0,1,18.52,51.72,133.82,55.541,0.43,0,0,64.54,16.277,52.227
2025-12-18 21:50,33.11,,33.11,28.24,73.23,28.24,0,0,0.7,60.44,33.23,0,0,1,18.52,51.72,133.82,0,0.43,0,0,64.54,16.255,52.272
2025-12-18 22:00,33.11,,33.11,28.23,71.88,28.23,0,0,0.7,59.28,33.23,0,0,1,18.52,51.72,133.819,0,0.43,0,0,64.54,41.483,52.284
2025-12-18 22:10,33.11,,33.11,28.24,73.23,28.24,0,0,0.7,62.76,33.23,0,0,0.99,18.52,51.71,133.819,0,0.43,0,0,64.536,38.027,52.525
2025-12-18 22:20,33.11,,33.11,28.24,74.57,28.24,0,0,0.7,60.44,33.23,0,0,0.99,18.52,51.71,133.819,0,0.43,0,0,64.53,16.45,52.208
2025-12-18 22:30,33.11,,33.11,28.24,75.92,28.24,0,0,0.7,62.76,33.23,0,0,1,18.52,51.72,133.82,27.986,0.43,0,0,64.53,16.41,52.163
2025-12-18 22:40,33.11,,33.11,28.23,71.88,28.23,0,0,0.7,55.79,33.23,0,0,1,18.52,51.72,133.82,63.43,0.43,0,0,64.523,5.538,52.077
2025-12-18 22:50,33.11,,33.11,28.23,73.23,28.23,0,0,0.7,56.95,33.23,0,0,1,18.52,51.72,133.821,51.597,0.43,0,0,64.52,16.314,52.036
2025-12-18 23:00,33.11,,33.11,28.23,70.54,28.23,0,0,0.7,55.79,33.23,0,0,1,18.52,51.72,133.821,63.486,0.43,0,0,64.52,16.294,52.102
2025-12-18 23:10,33.11,,33.11,28.23,73.23,28.23,0,0,0.7,56.95,33.23,0,0,1.01,18.52,51.73,133.821,12.263,0.43,0,0,64.52,41.4,52.227
2025-12-18 23:20,33.11,,33.11,28.23,70.54,28.23,0,0,0.7,58.12,33.23,0,0,1.01,18.52,51.73,133.82,0,0.43,0,0,64.515,34.208,51.795
2025-12-18 23:30,33.11,,33.11,28.23,74.57,28.23,0,0,0.7,58.12,33.23,0,0,1.01,18.52,51.73,133.82,0,0.43,0,0,64.51,16.238,51.858
2025-12-18 23:40,33.11,,33.11,28.23,75.92,28.23,0,0,0.7,59.28,33.23,0,0,1.01,18.52,51.73,133.82,0,0.43,0,0,64.51,16.177,52.046
2025-12-18 23:50,33.11,,33.11,28.23,73.9,28.23,0,0,0.7,52.3,33.23,0,0,1.01,18.52,51.73,133.821,47.652,0.43,0,0,64.504,12.725,51.938
2025-12-19 0:00,33.11,,33.11,28.23,72.56,28.23,0,0,0.7,52.3,33.23,0,0,1.01,18.52,51.73,133.821,55.597,0.43,0,0,64.5,16.371,51.962
2025-12-19 0:10,33.11,,33.11,28.23,70.54,28.23,0,0,0.7,53.47,33.23,0,0,1.01,18.52,51.73,133.821,35.874,0.43,0,0,64.5,16.373,52.053
2025-12-19 0:20,33.11,,33.11,28.23,72.56,28.23,0,0,0.7,52.3,33.23,0,0,1.01,18.52,51.73,133.822,51.652,0.43,0,0,64.491,5.789,52.018
2025-12-19 0:30,33.11,,33.11,28.23,73.9,28.23,0,0,0.7,53.47,33.23,0,0,1.01,18.52,51.73,133.822,31.93,0.43,0,0,64.49,16.494,51.912
2025-12-19 0:40,33.11,,33.11,28.23,73.23,28.23,0,0,0.7,51.14,33.23,0,0,1.01,18.52,51.73,133.824,110.708,0.43,0,0,64.49,16.43,51.861
2025-12-19 0:50,33.11,,33.11,28.23,70.54,28.23,0,0,0.7,53.47,33.23,0,0,1.01,18.52,51.73,133.824,63.43,0.43,0,0,64.49,48.333,51.892
2025-12-19 1:00,33.11,,33.11,28.23,69.87,28.23,0,0,0.7,54.63,33.23,0,0,1.01,18.52,51.73,133.822,0.43,0.43,0,0,64.48,16.4,51.782
2025-12-19 1:10,33.11,,33.11,28.23,71.21,28.23,0,0,0.7,56.95,33.23,0,0,1.01,18.52,51.73,133.82,0,0.43,0,0,64.48,16.385,51.814
2025-12-19 1:20,33.11,,33.11,28.23,67.85,28.23,0,0,0.7,58.12,33.23,0,0,1.01,18.52,51.73,133.821,0,0.43,0,0,64.479,12.823,51.873
2025-12-19 1:30,33.11,,33.11,28.23,75.92,28.23,0,0,0.7,61.6,33.23,0,0,1.01,18.52,51.73,133.823,20.097,0.43,0,0,64.472,23.576,51.875
2025-12-19 1:40,33.11,,33.11,28.23,74.71,28.23,0,0,0.7,59.28,33.23,0,0,1.01,18.52,51.73,133.824,138.263,0.43,0,0,64.47,16.525,51.827
2025-12-19 1:50,33.11,,33.11,28.23,72.71,28.23,0,0,0.7,60.44,33.23,0,0,1.01,18.52,51.73,133.825,173.708,0.43,0,0,64.468,12.964,51.69
2025-12-19 2:00,33.11,,33.11,28.23,68.04,28.23,0,0,0.69,59.15,33.22,0,0,0.99,18.52,51.71,133.826,134.374,0.43,0,0,64.462,16.487,51.778
2025-12-19 2:10,33.11,,33.11,28.23,76.04,28.23,0,0,0.7,56.95,33.23,0,0,1,18.52,51.72,133.827,130.374,0.43,0,0,64.46,16.54,51.819
2025-12-19 2:20,33.11,,33.11,28.23,71.37,28.23,0,0,0.7,55.79,33.23,0,0,1,18.52,51.72,133.828,114.597,0.43,0,0,64.46,23.639,51.833
2025-12-19 2:30,33.11,,33.11,28.23,73.23,28.23,0,0,0.7,55.79,33.23,0,0,0.99,18.52,51.71,133.828,90.986,0.43,0,0,64.456,30.692,51.769
2025-12-19 2:40,33.11,,33.11,28.23,73.23,28.23,0,0,0.7,58.12,33.23,0,0,0.99,18.52,51.71,133.828,59.541,0.43,0,0,64.45,16.573,51.627
2025-12-19 2:50,33.11,,33.11,28.23,73.23,28.23,0,0,0.7,60.44,33.23,0,0,1,18.52,51.72,133.828,24.097,0.43,0,0,64.45,16.517,51.676
2025-12-19 3:00,33.11,,33.11,28.23,73.23,28.23,0,0,0.7,58.12,33.23,0,0,1,18.52,51.72,133.83,63.43,0.43,0,0,64.444,9.544,51.684
2025-12-19 3:10,33.11,,33.11,28.23,74.71,28.23,0,0,0.7,56.95,33.23,0,0,1.01,18.52,51.73,133.831,98.874,0.43,0,0,64.44,16.639,51.747
2025-12-19 3:20,33.11,,33.11,28.23,74.04,28.23,0,0,0.7,52.3,33.23,0,0,1.01,18.52,51.73,133.832,126.486,0.43,0,0,64.44,16.654,51.699
2025-12-19 3:30,33.11,,33.11,28.23,76.71,28.23,0,0,0.7,54.63,33.23,0,0,1.01,18.52,51.73,133.832,98.93,0.43,0,0,64.433,13.214,51.697
2025-12-19 3:40,33.11,,33.11,28.23,74.04,28.23,0,0,0.7,60.44,33.23,0,0,1.01,18.52,51.73,133.833,83.152,0.43,0,0,64.43,16.675,51.628
2025-12-19 3:50,33.11,,33.11,28.23,75.24,28.23,0,0,0.7,52.3,33.23,0,0,1.01,18.52,51.73,133.833,59.486,0.43,0,0,64.43,16.673,51.695
2025-12-19 4:00,33.11,,33.11,28.23,72.04,28.23,0,0,0.7,61.6,33.23,0,0,1.01,18.52,51.73,133.831,0,0.43,0,0,64.429,37.636,51.585
2025-12-19 4:10,33.11,,33.11,28.23,73.9,28.23,0,0,0.7,65.09,33.23,0,0,1.01,18.52,51.73,133.83,0,0.43,0,0,64.42,16.753,51.647
2025-12-19 4:20,33.11,,33.11,28.23,74.04,28.23,0,0,0.7,65.09,33.23,0,0,1.01,18.52,51.73,133.829,0,0.43,0,0,64.42,16.728,51.619
2025-12-19 4:30,33.11,,33.11,28.23,74.71,28.23,0,0,0.7,63.93,33.23,0,0,1.01,18.52,51.73,133.828,0,0.43,0,0,64.416,6.306,51.651
2025-12-19 4:40,33.11,,33.11,28.23,72.56,28.23,0,0,0.7,61.6,33.23,0,0,1.01,18.52,51.73,133.829,0,0.43,0,0,64.41,16.856,51.632
2025-12-19 4:50,33.11,,33.11,28.23,74.71,28.23,0,0,0.7,61.6,33.23,0,0,1,18.52,51.72,133.831,98.874,0.43,0,0,64.41,16.855,51.615
2025-12-19 5:00,33.11,,33.11,28.23,76.04,28.23,0,0,0.7,62.76,33.23,0,0,1,18.52,51.72,133.832,157.986,0.43,0,0,64.41,30.78,51.594
2025-12-19 5:10,33.11,,33.11,28.23,73.37,28.23,0,0,0.7,62.76,33.23,0,0,1,18.52,51.72,133.833,161.93,0.43,0,0,64.402,23.8,51.523
2025-12-19 5:20,33.11,,33.11,28.23,73.37,28.23,0,0,0.7,59.28,33.23,0,0,1,18.52,51.72,133.833,79.208,0.43,0,0,64.4,16.806,51.467
2025-12-19 5:30,33.11,,33.11,28.23,72.71,28.23,0,0,0.7,59.28,33.23,0,0,1,18.52,51.72,133.833,35.874,0.43,0,0,64.396,2.94,51.496
2025-12-19 5:40,33.11,,33.11,28.23,71.21,28.23,0,0,0.7,59.28,33.23,0,0,1,18.52,51.72,133.832,0,0.43,0,0,64.391,13.443,51.532
2025-12-19 5:50,33.11,,33.11,28.23,70.54,28.23,0,0,0.7,54.63,33.23,0,0,1,18.52,51.72,133.833,0,0.43,0,0,64.39,16.917,51.389
2025-12-19 6:00,33.1,,33.1,28.23,70.54,28.23,0,0,0.7,56.95,33.23,0,0,1,18.52,51.72,133.833,12.263,0.43,0,0,64.39,30.738,51.459
2025-12-19 6:10,33.1,,33.1,28.23,70.54,28.23,0,0,0.7,55.79,33.23,0,0,1,18.52,51.72,133.834,63.43,0.43,0,0,64.38,13.383,51.302
2025-12-19 6:20,33.1,,33.1,28.23,69.87,28.23,0,0,0.7,58.12,33.23,0,0,0.98,18.52,51.7,133.835,87.097,0.43,0,0,64.38,16.818,51.359
2025-12-19 6:30,33.1,,33.1,28.23,75.24,28.23,0,0,0.7,55.79,33.23,0,0,0.98,18.52,51.7,133.836,118.597,0.43,0,0,64.379,13.322,51.306
2025-12-19 6:40,33.1,,33.1,28.23,73.9,28.23,0,0,0.7,54.63,33.23,0,0,0.98,18.52,51.7,133.836,83.152,0.43,0,0,64.372,23.756,51.103
2025-12-19 6:50,33.1,,33.1,28.23,75.24,28.23,0,0,0.7,58.12,33.23,0,0,0.97,18.52,51.69,133.836,43.763,0.43,0,0,64.37,16.73,50.948
2025-12-19 7:00,33.1,,33.1,28.24,69.87,28.24,0,0,0.7,60.44,33.23,0,0,0.98,18.52,51.7,133.835,0,0.43,0,0,64.366,6.364,51.04
2025-12-19 7:10,33.1,,33.1,28.23,69.2,28.23,0,0,0.7,60.44,33.23,0,0,0.98,18.52,51.7,133.834,0,0.43,0,0,64.36,10.689,53.747
2025-12-19 7:20,33.1,,33.1,28.23,68.53,28.23,0,0,0.7,60.44,33.23,0,0,0.98,18.52,51.7,133.834,0,0.43,0,0,64.36,18.643,54.141
2025-12-19 7:30,33.1,,33.1,28.24,71.88,28.24,0,0,0.7,58.12,33.23,0,0,0.98,18.52,51.7,133.834,0,0.43,0,0,64.356,19.665,54.106
2025-12-19 7:40,33.1,,33.1,28.23,71.88,28.23,0,0,0.7,51.14,33.23,0,0,0.99,18.52,51.71,133.835,12.263,0.43,0,0,64.351,23.325,54.227
2025-12-19 7:50,33.1,,33.1,28.23,67.85,28.23,0,0,0.7,53.47,33.23,0,0,0.99,18.52,51.71,133.835,55.597,0.43,0,0,64.35,19.979,54.272
2025-12-19 8:00,33.1,,33.1,28.23,69.87,28.23,0,0,0.7,53.47,33.23,0,0,0.99,18.52,51.71,133.836,94.01,9.503,0,0,64.347,23.44,54.156
2025-12-19 8:10,33.1,,33.1,28.23,69.2,28.23,0,0,0.7,54.63,33.23,0,0,0.98,18.52,51.7,133.829,0,156.276,0,0,64.34,16.667,54.242
2025-12-19 8:20,33.1,,33.1,28.23,71.88,28.23,0,0,0.7,60.44,33.23,0,0,0.98,18.52,51.7,133.822,0,162.28,0,0,64.339,16.587,54.03
2025-12-19 8:30,33.1,,33.1,28.23,71.88,28.23,0,0,0.7,60.44,33.23,0,0,0.98,18.52,51.7,133.823,0,155.174,0,0,64.33,0,54.965
2025-12-19 8:40,33.1,,33.1,28.23,70.54,28.23,0,0,0.7,55.79,33.23,0,0,0.99,18.52,51.71,133.823,0,160.804,0,0,64.33,20.572,54.722
2025-12-19 8:50,33.1,,33.1,28.23,70.54,28.23,0,0,0.7,60.44,33.23,0,0,0.98,18.52,51.7,133.82,99.985,161.145,0,0,64.327,13.656,53.78
2025-12-19 9:00,33.1,,33.1,28.23,72.56,28.23,0,0,0.7,61.6,33.23,0,0,0.98,18.52,51.7,133.82,18.252,146.307,0,0,64.322,26.86,53.577
2025-12-19 9:10,33.1,,33.1,28.24,69.87,28.24,0,0,0.7,59.28,33.23,0,0,0.99,18.52,51.71,133.82,67.68,155.421,0,0,64.32,19.77,53.787
2025-12-19 9:20,33.1,,33.1,28.24,69.87,28.24,0,0,0.7,62.76,33.23,0,0,0.98,18.52,51.7,133.82,161.025,157.681,0,0,64.317,19.8,53.704
2025-12-19 9:30,33.1,,33.1,28.24,69.87,28.24,0,0,0.7,65.09,33.23,0,0,0.99,18.52,51.71,133.82,164.101,155.535,0,0,64.31,12.802,52.914
2025-12-19 9:40,33.1,,33.1,28.23,70.54,28.23,0,0,0.7,55.79,33.23,0,0,0.99,18.52,51.71,133.819,113.16,156.266,0,0,64.31,19.407,53.27
2025-12-19 9:50,33.1,,33.1,28.24,68.53,28.24,0,0,0.7,58.12,33.23,0,0,0.99,18.52,51.71,133.819,81.528,157.282,0,0,64.31,29.402,53.19
2025-12-19 10:00,33.1,,33.1,28.24,69.87,28.24,0,0,0.7,62.76,33.23,0,0,0.99,18.52,51.71,133.817,24.881,150.93,0,0,64.308,46.2,52.308
2025-12-19 10:10,33.1,,33.1,28.24,71.88,28.24,0,0,0.7,62.76,33.23,0,0,0.99,18.52,51.71,133.814,0,151.797,0,0,64.304,32.59,53.107
2025-12-19 10:20,33.1,,33.1,28.24,67.85,28.24,0,0,0.7,65.09,33.23,0,0,1,18.52,51.72,133.814,0,157.798,0,0,64.31,53.03,53.675
2025-12-19 10:30,33.1,,33.1,28.24,69.87,28.24,0,0,0.7,61.6,33.23,0,0,0.99,18.52,51.71,133.813,4.74,153.458,0,0,64.33,128.015,53.598
2025-12-19 10:40,33.1,,33.1,28.24,71.88,28.24,0,0,0.7,60.44,33.23,0,0,1.01,18.52,51.73,133.81,2.258,156.183,0,0,64.342,182.594,53.676
2025-12-19 10:50,33.1,,33.1,28.24,71.88,28.24,0,0,0.7,61.6,33.23,0,0,1,18.52,51.72,133.81,0,155.559,0,0,64.345,173.332,55.889
2025-12-19 11:00,33.1,,33.1,28.23,72.56,28.23,0,0,0.7,61.6,33.23,0,0,0.99,18.52,51.71,133.81,29.41,154.488,0,0,64.35,122.991,54.908
2025-12-19 11:10,33.1,,33.1,28.24,71.88,28.24,0,0,0.7,61.6,33.23,0,0,1.01,18.52,51.73,133.81,138.112,151.621,0,0,64.35,82.493,54.682
2025-12-19 11:20,33.1,,33.1,28.23,69.87,28.23,0,0,0.7,59.28,33.23,0,0,1,18.52,51.72,133.808,47.105,154.04,0,0,64.364,120.025,55.484
2025-12-19 11:30,33.1,,33.1,28.24,71.21,28.24,0,0,0.7,56.95,33.23,0,0,0.99,18.52,51.71,133.806,17.261,147.623,0,0,64.374,137.025,53.91
2025-12-19 11:40,33.1,,33.1,28.24,72.56,28.24,0,0,0.7,56.95,33.23,0,0,1.01,18.52,51.73,133.805,0,147.685,0,0,64.385,174.863,54.527
2025-12-19 11:50,33.1,,33.1,28.23,69.87,28.23,0,0,0.7,58.12,33.23,0,0,0.99,18.52,51.71,133.802,0,156.342,0,0,64.394,159.147,55.839
2025-12-19 12:00,33.1,,33.1,28.24,71.21,28.24,0,0,0.7,59.28,33.23,0,0,1.01,18.52,51.73,133.8,0,146.038,0,0,64.406,165.481,54.41
2025-12-19 12:10,33.1,,33.1,28.23,69.2,28.23,0,0,0.7,55.79,33.23,0,0,1.01,18.52,51.73,133.804,65.492,0.43,0,0,64.41,141.643,55.015
2025-12-19 12:20,33.1,,33.1,28.23,69.87,28.23,0,0,0.7,54.63,33.23,0,0,0.98,18.52,51.7,133.808,277.299,0.43,0,0,64.418,137.498,56.236
2025-12-19 12:30,33.1,,33.1,28.24,73.9,28.24,0,0,0.69,53.35,33.22,0,0,0.99,18.52,51.71,133.814,539.763,0.43,0,0,64.424,118.431,56.21
2025-12-19 12:40,33.1,,33.1,28.24,73.23,28.24,0,0,0.7,53.47,33.23,0,0,1,18.52,51.72,133.812,319.263,0.43,0,0,64.436,146.852,56.11
2025-12-19 12:50,33.1,,33.1,28.24,69.87,28.24,0,0,0.7,56.95,33.23,0,0,0.99,18.52,51.71,133.812,161.819,0.43,0,0,64.446,154.032,56.276
2025-12-19 13:00,33.1,,33.1,28.23,71.88,28.23,0,0,0.7,58.12,33.23,0,0,0.98,18.52,51.7,133.812,0,0.43,0,0,64.454,161.601,57.249
2025-12-19 13:10,33.1,,33.1,28.23,73.23,28.23,0,0,0.7,58.12,33.23,0,0,1,18.52,51.72,133.812,0,0.43,0,0,64.46,141.376,57.936
2025-12-19 13:20,33.1,,33.1,28.24,77.26,28.24,0,0,0.7,59.28,33.23,0,0,1.01,18.52,51.73,133.812,0,0.43,0,0,64.462,113.529,56.736
2025-12-19 13:30,33.1,,33.1,28.24,73.9,28.24,0,0,0.7,56.95,33.23,0,0,1.01,18.52,51.73,133.811,0,0.43,0,0,64.46,78.185,56.551
2025-12-19 13:40,33.1,,33.1,28.24,73.23,28.24,0,0,0.7,56.95,33.23,0,0,1.01,18.52,51.73,133.811,0,0.43,0,0,64.46,56.647,56.654
2025-12-19 13:50,33.1,,33.1,28.23,75.24,28.23,0,0,0.7,60.44,33.23,0,0,1.01,18.52,51.73,133.811,0,0.43,0,0,64.46,49.643,56.724
2025-12-19 14:00,33.1,,33.1,28.23,75.24,28.23,0,0,0.7,56.95,33.23,0,0,1.01,18.52,51.73,133.812,31.93,0.43,0,0,64.46,56.79,56.992
2025-12-19 14:10,33.1,,33.1,28.24,75.24,28.24,0,0,0.7,55.79,33.23,0,0,1.01,18.52,51.73,133.813,98.874,0.43,0,0,64.46,56.788,56.649
2025-12-19 14:20,33.1,,33.1,28.23,77.26,28.23,0,0,0.69,60.31,33.22,0,0,1.01,18.52,51.73,133.814,98.819,0.43,0,0,64.461,59.43,54.15
2025-12-19 14:30,33.1,,33.1,28.23,73.9,28.23,0,0,0.7,60.44,33.23,0,0,1.01,18.52,51.73,133.813,55.541,0.43,0,0,64.46,55.66,56.181
2025-12-19 14:40,33.1,,33.1,28.23,75.24,28.23,0,0,0.7,58.12,33.23,0,0,1.01,18.52,51.73,133.812,0,0.43,0,0,64.46,56.213,58.307
2025-12-19 14:50,33.1,,33.1,28.23,73.9,28.23,0,0,0.7,55.79,33.23,0,0,1.01,18.52,51.73,133.81,0,0.43,0,0,64.46,54.035,58.118
2025-12-19 15:00,33.1,,33.1,28.23,77.26,28.23,0,0,0.7,58.12,33.23,0,0,1.01,18.52,51.73,133.809,0,0.43,0,0,64.46,58.14,57.996
2025-12-19 15:10,33.1,,33.1,28.23,73.9,28.23,0,0,0.7,58.12,33.23,0,0,1.01,18.52,51.73,133.807,0,127.051,0,0,64.46,58.006,57.906
2025-12-19 15:20,33.1,,33.1,28.23,72.56,28.23,0,0,0.7,53.47,33.23,0,0,1.01,18.52,51.73,133.808,19.01,153.882,0,0,64.45,22.864,58.193
2025-12-19 15:30,33.1,,33.1,28.23,73.9,28.23,0,0,0.7,53.47,33.23,0,0,1.01,18.52,51.73,133.809,127.437,148.544,0,0,64.44,0,54.594
2025-12-19 15:40,33.1,,33.1,28.23,69.87,28.23,0,0,0.7,55.79,33.23,0,0,1.01,18.52,51.73,133.81,247.027,155.155,0,0,64.443,0,54.588
2025-12-19 15:50,33.1,,33.1,28.23,71.88,28.23,0,0,0.7,56.95,33.23,0,0,1.01,18.52,51.73,133.808,149.889,157.799,0,0,64.44,19.525,54.559
2025-12-19 16:00,33.1,,33.1,28.23,71.21,28.23,0,0,0.7,56.95,33.23,0,0,1.01,18.52,51.73,133.808,121.479,157.815,0,0,64.438,47.592,54.795
2025-12-19 16:10,33.1,,33.1,28.23,73.23,28.23,0,0,0.7,58.12,33.23,0,0,1.01,18.52,51.73,133.808,77.21,128.683,0,0,64.431,12.375,53.771
2025-12-19 16:20,33.1,,33.1,28.23,73.23,28.23,0,0,0.7,58.12,33.23,0,0,1.01,18.52,51.73,133.806,85.248,158.248,0,0,64.43,19.384,54.587
2025-12-19 16:30,33.1,,33.1,28.23,69.87,28.23,0,0,0.7,52.3,33.23,0,0,1.01,18.52,51.73,133.803,0,157.187,0,0,64.43,26.516,55.023
2025-12-19 16:40,33.1,,33.1,28.23,71.21,28.23,0,0,0.7,54.63,33.23,0,0,1.01,18.52,51.73,133.802,0,156.824,0,0,64.43,51.261,54.673
2025-12-19 16:50,33.1,,33.1,28.23,67.85,28.23,0,0,0.7,51.14,33.23,0,0,1,18.52,51.72,133.803,10.906,155.541,0,0,64.434,68.698,54.398
2025-12-19 17:00,33.1,,33.1,28.23,67.18,28.23,0,0,0.7,54.63,33.23,0,0,1,18.52,51.72,133.801,83.088,149.4,0,0,64.445,106.988,54.392
2025-12-19 17:10,33.1,,33.1,28.23,67.85,28.23,0,0,0.7,55.79,33.23,0,0,1,18.52,51.72,133.801,94.304,154.972,0,0,64.455,142.065,54.573
2025-12-19 17:20,33.1,,33.1,28.23,67.85,28.23,0,0,0.7,51.14,33.23,0,0,1,18.52,51.72,133.799,10.123,151.162,0,0,64.46,145.74,54.589
2025-12-19 17:30,33.1,,33.1,28.23,68.53,28.23,0,0,0.7,52.3,33.23,0,0,1,18.52,51.72,133.799,71.423,132.468,0,0,64.468,135.309,54.098
2025-12-19 17:40,33.1,,33.1,28.23,73.23,28.23,0,0,0.7,59.28,33.23,0,0,1,18.52,51.72,133.799,82.565,129.4,0,0,64.471,110.633,54.047
2025-12-19 17:50,33.1,,33.1,28.23,74.57,28.23,0,0,0.7,62.76,33.23,0,0,1,18.52,51.72,133.799,125.917,127.717,0,0,64.478,117.747,54.598
2025-12-19 18:00,33.1,,33.1,28.23,77.26,28.23,0,0,0.7,56.95,33.23,0,0,1,18.52,51.72,133.798,106.592,121.827,0,0,64.487,121.663,54.845
2025-12-19 18:10,33.1,,33.1,28.23,77.26,28.23,0,0,0.7,60.44,33.23,0,0,1,18.52,51.72,133.801,150.213,0.43,0,0,64.496,143.302,54.963
2025-12-19 18:20,33.1,,33.1,28.23,75.92,28.23,0,0,0.7,58.12,33.23,0,0,1,18.52,51.72,133.799,56.673,0.43,0,0,64.507,157.872,54.976
2025-12-19 18:30,33.1,,33.1,28.23,79.27,28.23,0,0,0.7,55.79,33.23,0,0,1,18.52,51.72,133.798,0,0.43,0,0,64.51,136.917,55.479
2025-12-19 18:40,33.1,,33.1,28.23,79.27,28.23,0,0,0.7,59.28,33.23,0,0,1,18.52,51.72,133.798,0,0.43,0,0,64.52,140.871,55.492
2025-12-19 18:50,33.1,,33.1,28.23,77.26,28.23,0,0,0.7,61.6,33.23,0,0,0.99,18.52,51.71,133.799,0,0.43,0,0,64.53,137.483,54.978
2025-12-19 19:00,33.1,,33.1,28.23,75.24,28.23,0,0,0.7,61.6,33.23,0,0,0.99,18.52,51.71,133.798,8.319,0.43,0,0,64.535,144.566,54.895
2025-12-19 19:10,33.1,,33.1,28.23,75.24,28.23,0,0,0.69,59.15,33.22,0,0,0.99,18.52,51.71,133.798,0,0.43,0,0,64.54,126.655,55.091
2025-12-19 19:20,33.1,,33.1,28.23,76.59,28.23,0,0,0.7,59.28,33.23,0,0,0.99,18.52,51.71,133.799,0.43,0.43,0,0,64.547,116.149,55.129
2025-12-19 19:30,33.1,,33.1,28.23,77.26,28.23,0,0,0.7,54.63,33.23,0,0,0.99,18.52,51.71,133.797,0,0.43,0,0,64.55,109.078,55.181
2025-12-19 19:40,33.1,,33.1,28.23,74.57,28.23,0,0,0.7,59.28,33.23,0,0,0.99,18.52,51.71,133.798,0,0.43,0,0,64.548,83.855,54.922
2025-12-19 19:50,33.1,,33.1,28.23,75.24,28.23,0,0,0.7,60.44,33.23,0,0,0.99,18.52,51.71,133.798,0,0.43,0,0,64.541,33.425,55.005
2025-12-19 20:00,33.1,,33.1,28.24,75.24,28.24,0,0,0.7,58.12,33.23,0,0,0.99,18.52,51.71,133.797,0.43,0.43,0,0,64.54,18.99,55.044
2025-12-19 20:10,33.1,,33.1,28.23,75.24,28.23,0,0,0.7,56.95,33.23,0,0,0.99,18.52,51.71,133.799,43.763,0.43,0,0,64.54,26.297,55.177
2025-12-19 20:20,33.1,,33.1,28.23,73.9,28.23,0,0,0.7,60.44,33.23,0,0,0.99,18.52,51.71,133.8,94.874,0.43,0,0,64.54,51.474,55.036
2025-12-19 20:30,33.1,,33.1,28.23,75.92,28.23,0,0,0.7,56.95,33.23,0,0,0.99,18.52,51.71,133.799,59.43,0.43,0,0,64.54,55.086,55.045
2025-12-19 20:40,33.1,,33.1,28.23,75.24,28.23,0,0,0.7,55.79,33.23,0,0,0.99,18.52,51.71,133.798,0,0.43,0,0,64.54,54.938,54.733
2025-12-19 20:50,33.1,,33.1,28.24,74.57,28.24,0,0,0.7,54.63,33.23,0,0,0.99,18.52,51.71,133.797,0,0.43,0,0,64.54,54.868,54.826
2025-12-19 21:00,33.1,,33.1,28.24,73.9,28.24,0,0,0.7,53.47,33.23,0,0,0.98,18.52,51.7,133.798,0,0.43,0,0,64.531,22.579,55.011
2025-12-19 21:10,33.1,,33.1,28.24,73.9,28.24,0,0,0.7,56.95,33.23,0,0,0.98,18.52,51.7,133.8,47.652,0.43,0,0,64.53,19.084,55.082
2025-12-19 21:20,33.1,,33.1,28.24,74.57,28.24,0,0,0.7,58.12,33.23,0,0,0.98,18.52,51.7,133.801,146.097,0.43,0,0,64.53,19.063,54.764
2025-12-19 21:30,33.1,,33.1,28.23,77.26,28.23,0,0,0.7,56.95,33.23,0,0,0.98,18.52,51.7,133.801,110.597,0.43,0,0,64.53,51.345,55.023
2025-12-19 21:40,33.1,,33.1,28.23,72.56,28.23,0,0,0.71,60.57,33.24,0,0,0.98,18.52,51.7,133.803,118.486,0.43,0,0,64.53,54.95,55.063
2025-12-19 21:50,33.1,,33.1,28.24,76.59,28.24,0,0,0.7,63.93,33.23,0,0,0.98,18.52,51.7,133.802,63.374,0.43,0,0,64.522,26.364,54.838
2025-12-19 22:00,33.1,,33.1,28.23,73.23,28.23,0,0,0.71,55.91,33.24,0,0,0.98,18.52,51.7,133.802,20.097,0.43,0,0,64.521,22.637,54.677
2025-12-19 22:10,33.1,,33.1,28.23,77.26,28.23,0,0,0.71,59.41,33.24,0,0,0.98,18.52,51.7,133.802,0,0.43,0,0,64.52,19.165,55.312
2025-12-19 22:20,33.1,,33.1,28.24,75.24,28.24,0,0,0.71,55.91,33.24,0,0,0.99,18.52,51.71,133.802,0,0.43,0,0,64.518,40.644,54.944
2025-12-19 22:30,33.1,,33.1,28.24,75.92,28.24,0,0,0.71,57.08,33.24,0,0,0.99,18.52,51.71,133.802,0.43,0.43,0,0,64.51,15.744,54.809
2025-12-19 22:40,33.1,,33.1,28.24,73.9,28.24,0,0,0.71,58.24,33.24,0,0,0.98,18.52,51.7,133.804,67.319,0.43,0,0,64.51,19.093,54.693
2025-12-19 22:50,33.1,,33.1,28.24,75.24,28.24,0,0,0.71,58.24,33.24,0,0,0.97,18.52,51.69,133.803,71.263,0.43,0,0,64.51,26.147,54.607
2025-12-19 23:00,33.1,,33.1,28.24,75.92,28.24,0,0,0.71,57.08,33.24,0,0,0.97,18.52,51.69,133.803,35.874,0.43,0,0,64.503,29.619,54.391
2025-12-19 23:10,33.1,,33.1,28.24,78.6,28.24,0,0,0.71,54.75,33.24,0,0,0.98,18.52,51.7,133.803,0,0.43,0,0,64.5,18.986,54.793
2025-12-19 23:20,33.1,,33.1,28.24,77.26,28.24,0,0,0.71,57.08,33.24,0,0,0.98,18.52,51.7,133.804,12.208,0.43,0,0,64.5,19.02,54.708
2025-12-19 23:30,33.1,,33.1,28.24,75.92,28.24,0,0,0.71,55.91,33.24,0,0,0.99,18.52,51.71,133.804,75.208,0.43,0,0,64.497,33.382,54.646
2025-12-19 23:40,33.1,,33.1,28.24,80.62,28.24,0,0,0.71,57.08,33.24,0,0,0.99,18.52,51.71,133.805,75.208,0.43,0,0,64.491,22.714,54.622
2025-12-19 23:50,33.1,,33.1,28.24,81.29,28.24,0,0,0.71,57.08,33.24,0,0,1,18.52,51.72,133.806,106.708,0.43,0,0,64.49,19.09,54.502
2025-12-20 0:00,33.1,,33.1,28.24,81.29,28.24,0,0,0.71,60.57,33.24,0,0,1,18.52,51.72,133.806,71.319,0.43,0,0,64.49,29.682,54.421
2025-12-20 0:10,33.1,,33.1,28.24,81.29,28.24,0,0,0.71,59.41,33.24,0,0,1,18.52,51.72,133.807,59.486,0.43,0,0,64.484,29.428,53.861
2025-12-20 0:20,33.1,,33.1,28.24,78.6,28.24,0,0,0.71,61.74,33.24,0,0,1,18.52,51.72,133.806,0,0.43,0,0,64.48,18.686,54.11
2025-12-20 0:30,33.1,,33.1,28.24,77.93,28.24,0,0,0.71,57.08,33.24,0,0,1,18.52,51.72,133.807,31.874,0.43,0,0,64.48,18.689,54.431
2025-12-20 0:40,33.1,,33.1,28.24,79.27,28.24,0,0,0.71,53.58,33.24,0,0,1,18.52,51.72,133.808,59.486,0.43,0,0,64.474,18.927,54.406
2025-12-20 0:50,33.1,,33.1,28.24,80.62,28.24,0,0,0.71,57.08,33.24,0,0,1,18.52,51.72,133.808,75.208,0.43,0,0,64.47,19.095,54.449
2025-12-20 1:00,33.1,,33.1,28.24,80.62,28.24,0,0,0.71,55.91,33.24,0,0,1,18.52,51.72,133.808,43.763,0.43,0,0,64.47,19.134,54.547
2025-12-20 1:10,33.1,,33.1,28.24,77.26,28.24,0,0,0.71,60.57,33.24,0,0,1,18.52,51.72,133.808,0,0.43,0,0,64.466,26.26,54.451
2025-12-20 1:20,33.1,,33.1,28.24,79.95,28.24,0,0,0.71,51.25,33.24,0,0,1,18.52,51.72,133.807,0,0.43,0,0,64.46,19.339,54.687
2025-12-20 1:30,33.1,,33.1,28.24,77.26,28.24,0,0,0.71,53.58,33.24,0,0,1,18.52,51.72,133.808,0,0.43,0,0,64.46,19.286,54.388
2025-12-20 1:40,33.1,,33.1,28.24,77.26,28.24,0,0,0.71,57.08,33.24,0,0,1,18.52,51.72,133.808,12.263,0.43,0,0,64.458,26.294,54.308
2025-12-20 1:50,33.1,,33.1,28.24,74.57,28.24,0,0,0.71,54.75,33.24,0,0,1,18.52,51.72,133.808,47.652,0.43,0,0,64.451,22.696,54.391
2025-12-20 2:00,33.1,,33.1,28.24,79.27,28.24,0,0,0.71,61.74,33.24,0,0,1,18.52,51.72,133.808,35.819,0.43,0,0,64.449,15.709,54.427
2025-12-20 2:10,33.1,,33.1,28.24,75.24,28.24,0,0,0.7,65.09,33.23,0,0,1,18.52,51.72,133.809,39.763,0.43,0,0,64.447,15.733,54.379
2025-12-20 2:20,33.1,,33.1,28.24,77.26,28.24,0,0,0.7,67.41,33.23,0,0,1,18.52,51.72,133.809,35.874,0.43,0,0,64.442,22.876,54.488
2025-12-20 2:30,33.1,,33.1,28.24,77.26,28.24,0,0,0.7,66.25,33.23,0,0,1,18.52,51.72,133.809,20.152,0.43,0,0,64.44,22.974,54.722
2025-12-20 2:40,33.1,,33.1,28.24,79.95,28.24,0,0,0.7,63.93,33.23,0,0,1,18.52,51.72,133.81,39.819,0.43,0,0,64.44,30.147,54.732
2025-12-20 2:50,33.1,,33.1,28.24,77.26,28.24,0,0,0.71,61.74,33.24,0,0,1,18.52,51.72,133.81,59.486,0.43,0,0,64.433,23.112,54.382
2025-12-20 3:00,33.1,,33.1,28.24,80.62,28.24,0,0,0.71,60.57,33.24,0,0,1,18.52,51.72,133.811,71.263,0.43,0,0,64.43,19.395,54.072
2025-12-20 3:10,33.1,,33.1,28.24,79.27,28.24,0,0,0.71,61.74,33.24,0,0,1,18.52,51.72,133.811,35.874,0.43,0,0,64.43,19.243,54.274
2025-12-20 3:20,33.1,,33.1,28.24,81.29,28.24,0,0,0.71,57.08,33.24,0,0,1,18.52,51.72,133.811,27.986,0.43,0,0,64.42,8.807,54.243
2025-12-20 3:30,33.1,,33.1,28.24,79.27,28.24,0,0,0.71,58.24,33.24,0,0,1,18.52,51.72,133.812,43.763,0.43,0,0,64.42,19.379,54.288
2025-12-20 3:40,33.1,,33.1,28.24,78.6,28.24,0,0,0.71,58.24,33.24,0,0,1,18.52,51.72,133.812,39.763,0.43,0,0,64.42,19.381,54.28
2025-12-20 3:50,33.1,,33.1,28.24,75.92,28.24,0,0,0.71,58.24,33.24,0,0,1,18.52,51.72,133.812,47.652,0.43,0,0,64.418,47.297,54.155
2025-12-20 4:00,33.1,,33.1,28.24,79.95,28.24,0,0,0.71,60.57,33.24,0,0,1,18.52,51.72,133.812,20.097,0.43,0,0,64.412,26.338,54.079
2025-12-20 4:10,33.1,,33.1,28.24,82.63,28.24,0,0,0.71,57.08,33.24,0,0,1,18.52,51.72,133.812,4.374,0.43,0,0,64.41,19.466,54.496
2025-12-20 4:20,33.1,,33.1,28.24,75.24,28.24,0,0,0.71,59.41,33.24,0,0,1,18.52,51.72,133.811,0,0.43,0,0,64.409,22.948,54.268
2025-12-20 4:30,33.1,,33.1,28.24,76.59,28.24,0,0,0.71,59.41,33.24,0,0,1,18.52,51.72,133.81,0,0.43,0,0,64.401,16.153,54.195
2025-12-20 4:40,33.1,,33.1,28.24,77.26,28.24,0,0,0.71,58.24,33.24,0,0,1,18.52,51.72,133.811,0,0.43,0,0,64.399,16.053,54.195
2025-12-20 4:50,33.1,,33.1,28.24,77.26,28.24,0,0,0.71,62.9,33.24,0,0,0.99,18.52,51.71,133.81,0,0.43,0,0,64.394,2.271,54.257
2025-12-20 5:00,33.1,,33.1,28.24,79.27,28.24,0,0,0.71,64.07,33.24,0,0,0.99,18.52,51.71,133.812,71.263,0.43,0,0,64.39,16.184,54.266
2025-12-20 5:10,33.1,,33.1,28.24,79.27,28.24,0,0,0.71,64.07,33.24,0,0,0.99,18.52,51.71,133.815,157.93,0.43,0,0,64.39,23.214,54.457
2025-12-20 5:20,33.1,,33.1,28.25,77.26,28.25,0,0,0.71,64.07,33.24,0,0,0.99,18.52,51.71,133.816,244.486,0.43,0,0,64.385,23.025,53.69
2025-12-20 5:30,33.1,,33.1,28.25,76.59,28.25,0,0,0.71,62.9,33.24,0,0,0.99,18.52,51.71,133.814,83.097,0.43,0,0,64.38,19.42,53.783
2025-12-20 5:40,33.1,,33.1,28.25,77.26,28.25,0,0,0.71,61.74,33.24,0,0,0.99,18.52,51.71,133.813,0,0.43,0,0,64.38,19.218,53.848
2025-12-20 5:50,33.1,,33.1,28.24,78.6,28.24,0,0,0.71,58.24,33.24,0,0,0.99,18.52,51.71,133.812,0,0.43,0,0,64.377,26.159,53.68
2025-12-20 6:00,33.1,,33.1,28.24,77.93,28.24,0,0,0.71,58.24,33.24,0,0,0.99,18.52,51.71,133.812,0,0.43,0,0,64.373,29.651,53.591
2025-12-20 6:10,33.1,,33.1,28.24,77.26,28.24,0,0,0.71,59.41,33.24,0,0,0.99,18.52,51.71,133.812,0,0.43,0,0,64.37,19.276,53.723
2025-12-20 6:20,33.1,,33.1,28.24,77.93,28.24,0,0,0.71,62.9,33.24,0,0,0.99,18.52,51.71,133.813,59.486,0.43,0,0,64.37,29.623,53.72
2025-12-20 6:30,33.1,,33.1,28.25,81.29,28.25,0,0,0.71,60.57,33.24,0,0,0.99,18.52,51.71,133.814,83.097,0.43,0,0,64.365,26.223,53.726
2025-12-20 6:40,33.1,,33.1,28.25,77.93,28.25,0,0,0.71,60.57,33.24,0,0,0.99,18.52,51.71,133.814,87.041,0.43,0,0,64.36,19.36,53.636
2025-12-20 6:50,33.1,,33.1,28.25,77.26,28.25,0,0,0.71,60.57,33.24,0,0,0.99,18.52,51.71,133.814,24.041,0.43,0,0,64.355,2.21,53.601
2025-12-20 7:00,33.1,,33.1,28.25,77.13,28.25,0,0,0.71,58.24,33.24,0,0,0.99,18.52,51.71,133.817,110.708,0.43,0,0,64.351,5.611,53.596
2025-12-20 7:10,33.1,,33.1,28.25,77.13,28.25,0,0,0.71,54.75,33.24,0,0,0.99,18.52,51.71,133.817,130.319,0.43,0,0,64.35,19.409,53.697
2025-12-20 7:20,33.1,,33.1,28.24,77.81,28.24,0,0,0.71,68.72,33.24,0,0,0.99,18.52,51.71,133.817,138.208,0.43,0,0,64.35,36.606,53.858
2025-12-20 7:30,33.1,,33.1,28.25,76.46,28.25,0,0,0.71,62.9,33.24,0,0,0.99,18.52,51.71,133.816,0,0.43,0,0,64.347,39.984,53.398
2025-12-20 7:40,33.1,,33.1,28.25,77.81,28.25,0,0,0.71,62.9,33.24,0,0,0.99,18.52,51.71,133.815,0,0.43,0,0,64.341,22.856,53.478
2025-12-20 7:50,33.1,,33.1,28.25,81.19,28.25,0,0,0.71,55.91,33.24,0,0,0.99,18.52,51.71,133.815,0,0.43,0,0,64.339,16.003,53.8
2025-12-20 8:00,33.1,,33.1,28.25,82.55,28.25,0,0,0.71,58.24,33.24,0,0,0.99,18.52,51.71,133.816,0,0.43,0,0,64.333,5.901,53.592
2025-12-20 8:10,33.1,,33.1,28.24,81.87,28.24,0,0,0.71,62.9,33.24,0,0,0.99,18.52,51.71,133.814,2.112,135.309,0,0,64.33,16.119,53.299
2025-12-20 8:20,33.1,,33.1,28.24,81.87,28.24,0,0,0.71,62.9,33.24,0,0,0.99,18.52,51.71,133.814,46.758,146.368,0,0,64.33,22.879,53.58
2025-12-20 8:30,33.1,,33.1,28.25,81.87,28.25,0,0,0.71,65.23,33.24,0,0,0.99,18.52,51.71,133.814,80.069,159.363,0,0,64.322,16.09,53.39
2025-12-20 8:40,33.1,,33.1,28.25,83.22,28.25,0,0,0.71,55.91,33.24,0,0,0.99,18.52,51.71,133.814,133.905,155.151,0,0,64.32,19.533,53.463
2025-12-20 8:50,33.1,,33.1,28.25,81.87,28.25,0,0,0.71,58.24,33.24,0,0,0.99,18.52,51.71,133.812,114.18,157.861,0,0,64.32,19.517,53.531
2025-12-20 9:00,33.1,,33.1,28.25,79.84,28.25,0,0,0.71,54.75,33.24,0,0,0.99,18.52,51.71,133.81,2.607,155.476,0,0,64.318,39.904,53.385
2025-12-20 9:10,33.1,,33.1,28.25,81.87,28.25,0,0,0.71,60.57,33.24,0,0,0.99,18.52,51.71,133.808,0,150.201,0,0,64.31,19.523,53.32
2025-12-20 9:20,33.1,,33.1,28.25,89.99,28.25,0,0,0.71,60.57,33.24,0,0,0.99,18.52,51.71,133.806,0,156.485,0,0,64.31,19.486,53.421
2025-12-20 9:30,33.1,,33.1,28.25,89.31,28.25,0,0,0.71,55.91,33.24,0,0,0.99,18.52,51.71,133.806,0,156.493,0,0,64.309,22.859,53.336
2025-12-20 9:40,33.1,,33.1,28.25,87.28,28.25,0,0,0.71,60.57,33.24,1,1,0.99,18.52,51.71,133.806,85.057,154.692,0,0,64.3,19.697,53.502
2025-12-20 9:50,33.1,,33.1,28.25,86.61,28.25,0,0,0.71,65.23,33.24,0,1,1,18.52,51.72,133.807,195.603,157.457,0,0,64.3,19.655,53.294
2025-12-20 10:00,33.1,,33.1,28.25,83.22,28.25,0,0,0.71,73.38,33.24,0,1,1.01,18.52,51.73,133.806,179.985,156.973,0,0,64.3,23.002,53.21
2025-12-20 10:10,33.1,,33.1,28.25,83.9,28.25,0,0,0.71,73.38,33.24,0,1,1.01,18.52,51.73,133.805,121.807,145.491,0,0,64.295,36.313,53.103
2025-12-20 10:20,33.1,,33.1,28.25,83.9,28.25,1,1,0.71,75.71,33.24,0,1,1.01,18.52,51.73,133.803,0,148.655,0,0,64.306,73.37,53.13
2025-12-20 10:30,33.1,,33.1,28.25,83.22,28.25,0,1,0.71,75.71,33.24,0,1,1.01,18.52,51.73,133.801,0,146.494,0,0,64.32,120.781,53.278
2025-12-20 10:40,33.1,,33.1,28.25,85.93,28.25,0,1,0.71,73.38,33.24,0,1,1.01,18.52,51.73,133.801,0,149.854,0,0,64.335,188.744,53.492
2025-12-20 10:50,33.1,,33.1,28.25,85.25,28.25,0,1,0.71,71.05,33.24,0,1,1.01,18.52,51.73,133.8,40.683,132.701,0,0,64.34,168.768,53.536
2025-12-20 11:00,33.1,,33.1,28.25,85.25,28.25,0,1,0.71,68.72,33.24,0,1,1.01,18.52,51.73,133.798,12.822,145.578,0,0,64.342,128.311,53.573
2025-12-20 11:10,33.1,,33.1,28.25,85.25,28.25,0,1,0.71,65.23,33.24,0,1,1.01,18.52,51.73,133.798,56.473,150.807,0,0,64.35,104.737,53.601
2025-12-20 11:20,33.1,,33.1,28.25,87.96,28.25,0,1,0.71,66.39,33.24,0,1,1.01,18.52,51.73,133.797,16.514,130.99,0,0,64.355,104.863,53.581
2025-12-20 11:30,33.1,,33.1,28.25,89.31,28.25,0,1,0.71,66.39,33.24,1,2,1.01,18.52,51.73,133.796,63.178,132.07,0,0,64.367,139.169,53.657
2025-12-20 11:40,33.1,,33.1,28.25,84.58,28.25,0,1,0.71,65.23,33.24,0,2,1.01,18.52,51.73,133.795,0,138.51,0,0,64.38,156.576,53.655
2025-12-20 11:50,33.1,,33.1,28.25,83.22,28.25,0,1,0.71,65.23,33.24,0,2,1.01,18.52,51.73,133.793,0,121.476,0,0,64.388,167.052,53.511
2025-12-20 12:00,33.1,,33.1,28.25,85.25,28.25,0,1,0.71,65.23,33.24,0,2,1.01,18.52,51.73,133.792,0,122.857,0,0,64.4,167.455,53.699
2025-12-20 12:10,33.1,,33.1,28.25,87.28,28.25,0,1,0.71,64.07,33.24,0,2,1.01,18.52,51.73,133.79,0,128.178,1,1,64.403,133.237,53.833
2025-12-20 12:20,33.1,,33.1,28.25,85.25,28.25,0,1,0.71,67.56,33.24,0,2,1.01,18.52,51.73,133.788,0,117.653,0,1,64.41,129.969,53.709
2025-12-20 12:30,33.1,,33.1,28.25,86.61,28.25,0,1,0.71,67.56,33.24,0,2,1.01,18.52,51.73,133.787,0,130.725,0,1,64.413,98.967,53.86
2025-12-20 12:40,33.1,,33.1,28.25,88.64,28.25,0,1,0.71,67.56,33.24,0,2,1.01,18.52,51.73,133.787,8.792,120.331,0,1,64.429,144.277,53.929
2025-12-20 12:50,33.1,,33.1,28.25,83.9,28.25,0,1,0.71,64.07,33.24,0,2,1.01,18.52,51.73,133.787,60.104,118.088,0,1,64.436,144.585,53.965
2025-12-20 13:00,33.1,,33.1,28.25,85.93,28.25,0,1,0.71,65.23,33.24,0,2,1.01,18.52,51.73,133.787,115.09,130.352,0,1,64.445,165.891,54.612
2025-12-20 13:10,33.1,,33.1,28.25,87.28,28.25,0,1,0.71,65.23,33.24,0,2,1.01,18.52,51.73,133.786,91.839,145.076,0,1,64.45,128.025,54.831
2025-12-20 13:20,33.1,,33.1,28.25,85.25,28.25,0,1,0.71,65.23,33.24,0,2,1.01,18.52,51.73,133.785,61.786,157.764,0,1,64.453,114.205,54.506
2025-12-20 13:30,33.1,,33.1,28.25,85.25,28.25,0,1,0.71,67.56,33.24,0,2,1.01,18.52,51.73,133.783,0,151.181,0,1,64.46,107.388,54.661
2025-12-20 13:40,33.1,,33.1,28.25,83.9,28.25,0,1,0.71,69.89,33.24,0,2,1.01,18.52,51.73,133.781,0,146.347,0,1,64.465,107.232,54.197
2025-12-20 13:50,33.1,,33.1,28.25,85.25,28.25,0,1,0.71,67.56,33.24,0,2,1.01,18.52,51.73,133.779,0,153.555,0,1,64.476,135.625,54.684
2025-12-20 14:00,33.1,,33.1,28.25,83.22,28.25,0,1,0.71,68.72,33.24,0,2,1.01,18.52,51.73,133.779,13.56,153.779,0,1,64.483,135.746,54.858
2025-12-20 14:10,33.1,,33.1,28.25,85.25,28.25,0,1,0.71,67.56,33.24,0,2,1.01,18.52,51.73,133.778,26.532,149.764,0,1,64.49,143.113,54.632
2025-12-20 14:20,33.1,,33.1,28.25,88.64,28.25,0,1,0.71,67.56,33.24,0,2,1.01,18.52,51.73,133.777,49.221,150.955,0,1,64.495,122.066,54.874
2025-12-20 14:30,33.1,,33.1,28.25,87.96,28.25,0,1,0.71,67.56,33.24,0,2,1.01,18.52,51.73,133.776,44.183,150.498,0,1,64.502,122.155,54.624
2025-12-20 14:40,33.1,,33.1,28.25,85.93,28.25,0,1,0.71,66.39,33.24,0,2,1.01,18.52,51.73,133.776,72.431,140.175,0,1,64.511,129.38,54.474
2025-12-20 14:50,33.1,,33.1,28.25,85.25,28.25,0,1,0.71,65.23,33.24,0,2,1,18.52,51.72,133.775,93.756,143.929,0,1,64.52,143.752,54.825
2025-12-20 15:00,33.1,,33.1,28.25,86.61,28.25,0,1,0.71,66.39,33.24,0,2,1,18.52,51.72,133.773,31.937,153.873,0,1,64.53,154.774,55.023
2025-12-20 15:10,33.1,,33.1,28.25,87.28,28.25,0,1,0.71,65.23,33.24,0,2,1,18.52,51.72,133.771,0,153.036,0,1,64.54,158.665,54.813
2025-12-20 15:20,33.1,,33.1,28.25,87.96,28.25,0,1,0.71,67.56,33.24,0,2,1,18.52,51.72,133.77,0,142.582,0,1,64.547,151.83,54.989
2025-12-20 15:30,33.1,,33.1,28.25,86.61,28.25,0,1,0.71,66.39,33.24,0,2,1,18.52,51.72,133.773,67.238,0.43,0,1,64.554,141.203,54.973
2025-12-20 15:40,33.1,,33.1,28.25,85.25,28.25,0,1,0.71,75.71,33.24,0,2,1,18.52,51.72,133.774,134.37,0.43,0,1,64.561,130.784,55.39
2025-12-20 15:50,33.1,,33.1,28.25,85.25,28.25,0,1,0.71,69.89,33.24,0,2,1,18.52,51.72,133.773,98.763,0.43,0,1,64.57,138.223,55.305
2025-12-20 16:00,33.1,,33.1,28.25,87.96,28.25,0,1,0.71,64.07,33.24,0,2,1,18.52,51.72,133.772,0,0.43,0,1,64.58,149.401,55.341
2025-12-20 16:10,33.1,,33.1,28.24,87.28,28.24,0,1,0.71,68.72,33.24,0,2,1,18.52,51.72,133.772,0,0.43,0,1,64.59,160.169,54.362
2025-12-20 16:20,33.1,,33.1,28.24,85.25,28.24,0,1,0.71,64.07,33.24,0,2,1,18.52,51.72,133.769,0,0.43,0,1,64.597,153.019,55.188
2025-12-20 16:30,33.1,,33.1,28.24,83.22,28.24,0,1,0.71,68.72,33.24,0,2,0.99,18.52,51.71,133.768,0,0.43,0,1,64.6,127.71,55.236
2025-12-20 16:40,33.1,,33.1,28.25,85.25,28.25,0,1,0.71,85.03,33.24,0,2,0.99,18.52,51.71,133.766,0,0.43,0,1,64.601,95.361,55.484
2025-12-20 16:50,33.1,,33.1,28.24,85.25,28.24,0,1,0.71,69.89,33.24,0,2,0.99,18.52,51.71,133.765,0,0.43,0,1,64.601,69.951,55.311
2025-12-20 17:00,33.1,,33.1,28.24,87.28,28.24,0,1,0.71,67.56,33.24,0,2,0.99,18.52,51.71,133.767,0,0.43,1,2,64.6,55.362,55.312
2025-12-20 17:10,33.1,,33.1,28.25,86.61,28.25,0,1,0.71,69.89,33.24,0,2,1,18.52,51.72,133.769,114.486,0.43,0,2,64.6,51.539,55.016
2025-12-20 17:20,33.1,,33.1,28.24,89.31,28.24,0,1,0.71,66.39,33.24,0,2,1,18.52,51.72,133.769,145.93,0.43,0,2,64.601,55.068,54.877
2025-12-20 17:30,33.1,,33.1,28.25,87.28,28.25,0,1,0.71,72.22,33.24,0,2,0.97,18.52,51.69,133.772,204.93,0.43,0,2,64.6,54.833,54.606
2025-12-20 17:40,33.1,,33.1,28.24,86.61,28.24,0,1,0.71,69.89,33.24,0,2,0.96,18.52,51.68,133.771,86.93,0.43,0,2,64.6,54.821,54.979
2025-12-20 17:50,33.1,,33.1,28.24,87.28,28.24,0,1,0.71,69.89,33.24,0,2,0.97,18.52,51.69,133.771,71.208,0.43,0,2,64.6,51.252,55.172
2025-12-20 18:00,33.1,,33.1,28.24,83.22,28.24,0,1,0.71,69.89,33.24,0,2,0.97,18.52,51.69,133.771,0,0.43,0,2,64.6,55.097,55.14
2025-12-20 18:10,33.1,,33.1,28.24,85.25,28.24,0,1,0.71,69.89,33.24,0,2,0.99,18.52,51.71,133.771,0.43,0.43,0,2,64.598,47.836,55.029
2025-12-20 18:20,33.1,,33.1,28.24,86.61,28.24,0,1,0.71,67.56,33.24,0,2,0.99,18.52,51.71,133.772,39.763,0.43,0,2,64.59,18.713,55.138
2025-12-20 18:30,33.1,,33.1,28.24,85.25,28.24,0,1,0.71,68.72,33.24,0,2,0.99,18.52,51.71,133.772,39.763,0.43,0,2,64.59,18.7,55.1
2025-12-20 18:40,33.1,,33.1,28.24,85.25,28.24,0,1,0.7,68.58,33.23,0,2,0.99,18.52,51.71,133.774,110.541,0.43,0,2,64.59,26.038,55.211
2025-12-20 18:50,33.1,,33.1,28.24,85.93,28.24,0,1,0.7,68.58,33.23,0,2,0.98,18.52,51.7,133.774,98.763,0.43,0,2,64.59,55.236,55.398
2025-12-20 19:00,33.1,,33.1,28.24,87.28,28.24,0,1,0.71,68.72,33.24,0,2,0.98,18.52,51.7,133.776,157.763,0.43,0,2,64.59,55.251,55.144
2025-12-20 19:10,33.1,,33.1,28.24,87.28,28.24,0,1,0.71,66.39,33.24,0,2,0.98,18.52,51.7,133.775,63.374,0.43,0,2,64.582,26.107,55.112
2025-12-20 19:20,33.1,,33.1,28.24,86.61,28.24,0,1,0.71,67.56,33.24,0,2,0.98,18.52,51.7,133.773,0,0.43,0,2,64.58,18.732,55.107
2025-12-20 19:30,33.1,,33.1,28.24,83.22,28.24,0,1,0.7,65.09,33.23,0,2,0.97,18.52,51.69,133.774,0,0.43,0,2,64.574,0,55.527
2025-12-20 19:40,33.1,,33.1,28.24,84.58,28.24,0,1,0.71,68.72,33.24,0,2,0.98,18.52,51.7,133.774,0,0.43,0,2,64.57,11.512,54.403
2025-12-20 19:50,33.1,,33.1,28.24,82.55,28.24,0,1,0.7,68.58,33.23,0,2,0.97,18.52,51.69,133.773,0,0.43,0,2,64.571,22.345,54.939
2025-12-20 20:00,33.1,,33.1,28.24,81.19,28.24,0,1,0.7,68.58,33.23,0,2,0.97,18.52,51.69,133.773,0,0.43,0,2,64.57,40.309,55.085
2025-12-20 20:10,33.1,,33.1,28.24,79.84,28.24,0,1,0.71,64.07,33.24,0,2,0.97,18.52,51.69,133.772,0,0.43,0,2,64.57,54.995,54.961
2025-12-20 20:20,33.1,,33.1,28.24,83.9,28.24,0,1,0.71,66.39,33.24,0,2,0.98,18.52,51.7,133.772,0,0.43,0,2,64.561,18.739,54.672
2025-12-20 20:30,33.1,,33.1,28.24,85.25,28.24,0,1,0.71,67.56,33.24,0,2,0.97,18.52,51.69,133.773,0,0.43,0,2,64.56,18.736,55.076
2025-12-20 20:40,33.1,,33.1,28.24,89.31,28.24,0,1,0.7,72.06,33.23,0,2,0.97,18.52,51.69,133.775,90.93,0.43,0,2,64.555,0.76,55.2
2025-12-20 20:50,33.1,,33.1,28.24,92.7,28.24,0,1,0.69,78.87,33.22,0,2,0.99,18.52,51.71,133.774,75.208,0.43,0,2,64.552,22.459,54.433
2025-12-20 21:00,33.1,,33.1,28.25,94.05,28.25,0,1,0.7,77.87,33.23,0,2,0.97,18.52,51.69,133.775,79.097,0.43,0,2,64.55,18.695,54.619
2025-12-20 21:10,33.1,,33.1,28.24,92.02,28.24,0,1,0.71,75.71,33.24,0,2,0.98,18.52,51.7,133.775,16.152,0.43,0,2,64.55,36.638,54.862
2025-12-20 21:20,33.1,,33.1,28.24,93.37,28.24,0,1,0.71,69.89,33.24,0,2,0.98,18.52,51.7,133.774,4.319,0.43,0,2,64.549,43.914,54.762
2025-12-20 21:30,33.1,,33.1,28.24,90.7,28.24,0,1,0.71,68.72,33.24,0,2,0.99,18.52,51.71,133.775,0,0.43,0,2,64.541,22.305,54.458
2025-12-20 21:40,33.1,,33.1,28.24,92.04,28.24,0,1,0.71,71.05,33.24,0,2,0.99,18.52,51.71,133.775,0,0.43,0,2,64.54,18.651,54.733
2025-12-20 21:50,33.1,,33.1,28.24,88.68,28.24,0,1,0.71,71.05,33.24,0,2,0.98,18.52,51.7,133.775,43.708,0.43,0,2,64.54,22.125,54.349
2025-12-20 22:00,33.1,,33.1,28.24,88.01,28.24,0,1,0.71,73.38,33.24,0,2,0.97,18.52,51.69,133.775,16.152,0.43,0,2,64.534,29.398,54.446
2025-12-20 22:10,33.1,,33.1,28.24,89.31,28.24,0,1,0.71,73.38,33.24,0,2,0.97,18.52,51.69,133.775,8.319,0.43,0,2,64.53,18.726,55.051
2025-12-20 22:20,33.1,,33.1,28.24,88.64,28.24,0,1,0.71,74.55,33.24,0,2,0.97,18.52,51.69,133.775,0,0.43,0,2,64.53,18.906,54.889
2025-12-20 22:30,33.1,,33.1,28.24,87.28,28.24,0,1,0.71,73.38,33.24,0,2,0.98,18.52,51.7,133.775,8.263,0.43,0,2,64.528,33.358,54.797
2025-12-20 22:40,33.1,,33.1,28.24,85.25,28.24,0,1,0.71,73.38,33.24,0,2,0.98,18.52,51.7,133.774,0,0.43,0,2,64.52,18.894,54.324
2025-12-20 22:50,33.1,,33.1,28.24,85.93,28.24,0,1,0.71,72.22,33.24,0,2,0.98,18.52,51.7,133.774,0,0.43,0,2,64.52,18.669,54.214
2025-12-20 23:00,33.1,,33.1,28.24,89.31,28.24,0,1,0.71,73.38,33.24,0,2,0.98,18.52,51.7,133.773,0,0.43,0,2,64.518,18.282,53.643
2025-12-20 23:10,33.1,,33.1,28.24,87.96,28.24,0,1,0.7,74.39,33.23,0,2,0.98,18.52,51.7,133.775,31.874,0.43,0,2,64.513,29.251,54.895
2025-12-20 23:20,33.1,,33.1,28.24,87.28,28.24,0,1,0.7,76.71,33.23,0,2,0.98,18.52,51.7,133.775,51.541,0.43,0,2,64.51,18.662,54.614
2025-12-20 23:30,33.1,,33.1,28.24,86.61,28.24,0,1,0.7,79.04,33.23,0,2,0.97,18.52,51.69,133.777,161.708,0.43,0,2,64.508,18.981,54.435
2025-12-20 23:40,33.1,,33.1,28.24,90.02,28.24,0,1,0.7,79.04,33.23,0,2,0.98,18.52,51.7,133.778,110.597,0.43,0,2,64.505,25.967,54.351
2025-12-20 23:50,33.1,,33.1,28.24,86.66,28.24,0,1,0.7,80.2,33.23,0,2,0.98,18.52,51.7,133.78,173.541,0.43,0,2,64.499,15.182,54.261
2025-12-21 0:00,33.1,,33.1,28.24,86.66,28.24,0,1,0.71,81.54,33.24,0,2,0.98,18.52,51.7,133.78,110.541,0.43,0,2,64.496,11.57,54.266
2025-12-21 0:10,33.1,,33.1,28.24,86.66,28.24,0,1,0.7,74.39,33.23,0,2,0.98,18.52,51.7,133.78,83.041,0.43,0,2,64.491,4.092,53.082
2025-12-21 0:20,33.1,,33.1,28.24,87.34,28.24,0,1,0.7,75.55,33.23,0,2,0.98,18.52,51.7,133.781,47.597,0.43,0,2,64.491,25.488,54.282
2025-12-21 0:30,33.1,,33.1,28.24,84.65,28.24,0,1,0.7,75.55,33.23,0,2,0.98,18.52,51.7,133.779,0,0.43,0,2,64.49,32.587,54.231
2025-12-21 0:40,33.1,,33.1,28.24,84.65,28.24,0,1,0.71,73.38,33.24,0,2,0.98,18.52,51.7,133.777,0,0.43,0,2,64.486,36.548,54.298
2025-12-21 0:50,33.1,,33.1,28.24,82.63,28.24,0,1,0.7,69.74,33.23,0,2,0.98,18.52,51.7,133.778,0,0.43,0,2,64.48,15.354,54.534
2025-12-21 1:00,33.1,,33.1,28.24,85.25,28.24,0,1,0.7,75.55,33.23,0,2,0.98,18.52,51.7,133.777,0,0.43,0,2,64.477,8.423,54.606
2025-12-21 1:10,33.1,,33.1,28.24,89.99,28.24,0,1,0.7,73.23,33.23,0,2,0.99,18.52,51.71,133.777,0,0.43,0,2,64.47,0,54.482
2025-12-21 1:20,33.1,,33.1,28.24,88.64,28.24,0,1,0.7,75.55,33.23,0,2,0.99,18.52,51.71,133.778,0,0.43,0,2,64.47,19.189,54.479
2025-12-21 1:30,33.1,,33.1,28.24,85.93,28.24,0,1,0.7,75.55,33.23,0,2,0.98,18.52,51.7,133.777,12.263,0.43,0,2,64.47,29.752,54.46
2025-12-21 1:40,33.1,,33.1,28.24,87.96,28.24,0,1,0.71,73.38,33.24,0,2,0.98,18.52,51.7,133.777,16.152,0.43,0,2,64.469,50.845,54.263
2025-12-21 1:50,33.1,,33.1,28.24,89.31,28.24,0,1,0.71,71.05,33.24,0,2,0.99,18.52,51.71,133.778,27.93,0.43,0,2,64.46,19.231,54.637
2025-12-21 2:00,33.1,,33.1,28.25,90.67,28.25,0,1,0.7,67.41,33.23,0,2,0.98,18.52,51.7,133.779,67.319,0.43,0,2,64.459,15.616,54.28
2025-12-21 2:10,33.1,,33.1,28.24,90.67,28.24,0,1,0.7,75.55,33.23,0,2,0.98,18.52,51.7,133.78,98.763,0.43,0,2,64.456,8.333,53.416
2025-12-21 2:20,33.1,,33.1,28.24,89.31,28.24,0,1,0.71,81.54,33.24,0,2,0.99,18.52,51.71,133.782,138.097,0.43,0,2,64.45,18.859,54.379
2025-12-21 2:30,33.1,,33.1,28.24,86.61,28.24,0,1,0.71,85.03,33.24,0,2,0.99,18.52,51.71,133.783,134.152,0.43,0,2,64.45,22.516,54.586
2025-12-21 2:40,33.1,,33.1,28.24,85.93,28.24,0,1,0.71,89.69,33.24,0,2,1.01,18.52,51.73,133.784,173.541,0.43,0,2,64.45,33.404,54.412
2025-12-21 2:50,33.1,,33.1,28.24,87.96,28.24,0,1,0.71,88.53,33.24,0,2,1.01,18.52,51.73,133.785,110.597,0.43,0,2,64.447,43.815,54.114
2025-12-21 3:00,33.1,,33.1,28.25,90.67,28.25,0,1,0.7,83.69,33.23,0,2,1.01,18.52,51.73,133.786,138.152,0.43,0,2,64.441,22.53,53.73
2025-12-21 3:10,33.1,,33.1,28.25,89.31,28.25,0,1,0.71,75.71,33.24,0,2,1.01,18.52,51.73,133.787,94.874,0.43,0,2,64.439,15.092,53.098
2025-12-21 3:20,33.1,,33.1,28.25,92.02,28.25,0,1,0.71,76.88,33.24,0,2,1.01,18.52,51.73,133.786,67.319,0.43,0,2,64.43,0,52.942
2025-12-21 3:30,33.1,,33.1,28.25,90.67,28.25,0,1,0.71,75.71,33.24,0,2,1.01,18.52,51.73,133.787,20.097,0.43,0,2,64.43,14.467,52.86
2025-12-21 3:40,33.1,,33.1,28.24,87.96,28.24,0,1,0.71,78.04,33.24,0,2,1.01,18.52,51.73,133.787,16.152,0.43,0,2,64.425,3.989,52.999
2025-12-21 3:50,33.1,,33.1,28.24,89.31,28.24,0,1,0.71,80.37,33.24,0,2,1.01,18.52,51.73,133.787,35.819,0.43,0,2,64.423,28.574,53.197
2025-12-21 4:00,33.1,,33.1,28.24,89.99,28.24,0,1,0.71,80.37,33.24,0,2,1.01,18.52,51.73,133.787,8.263,0.43,0,2,64.42,18.278,53.305
2025-12-21 4:10,33.1,,33.1,28.24,87.28,28.24,0,1,0.71,80.37,33.24,0,2,1.01,18.52,51.73,133.787,16.152,0.43,0,2,64.42,35.848,53.374
2025-12-21 4:20,33.1,,33.1,28.24,85.25,28.24,0,1,0.7,79.04,33.23,0,2,1.01,18.52,51.73,133.786,0,0.43,0,2,64.414,21.985,53.275
2025-12-21 4:30,33.1,,33.1,28.24,85.25,28.24,0,1,0.7,74.39,33.23,0,2,1.01,18.52,51.73,133.786,0,0.43,0,2,64.41,18.526,53.264
2025-12-21 4:40,33.1,,33.1,28.24,85.25,28.24,0,1,0.71,71.05,33.24,0,2,1,18.52,51.72,133.786,0,0.43,0,2,64.408,11.497,53.12
2025-12-21 4:50,33.1,,33.1,28.24,83.22,28.24,0,1,0.7,70.9,33.23,0,2,0.99,18.52,51.71,133.787,51.597,0.43,0,2,64.4,4.594,53.232
2025-12-21 5:00,33.1,,33.1,28.24,88.64,28.24,0,1,0.7,74.39,33.23,0,2,0.99,18.52,51.71,133.787,63.374,0.43,0,2,64.4,18.513,53.354
2025-12-21 5:10,33.1,,33.1,28.24,86.61,28.24,0,1,0.71,83.87,33.24,0,2,0.99,18.52,51.71,133.788,59.486,0.43,0,2,64.4,25.573,53.467
2025-12-21 5:20,33.1,,33.1,28.24,85.93,28.24,0,1,0.71,80.37,33.24,0,2,1.01,18.52,51.73,133.789,47.652,0.43,0,2,64.4,53.327,53.161
2025-12-21 5:30,33.1,,33.1,28.24,85.25,28.24,0,1,0.7,77.87,33.23,0,2,0.99,18.52,51.71,133.789,86.986,0.43,0,2,64.396,39.356,52.941
2025-12-21 5:40,33.1,,33.1,28.24,83.22,28.24,0,1,0.71,71.05,33.24,0,2,0.99,18.52,51.71,133.789,67.319,0.43,0,2,64.39,18.652,53.521
2025-12-21 5:50,33.1,,33.1,28.24,81.87,28.24,0,1,0.71,67.56,33.24,0,2,0.99,18.52,51.71,133.791,75.208,0.43,0,2,64.387,8.29,53.241
2025-12-21 6:00,33.1,,33.1,28.25,82.63,28.25,0,1,0.71,62.9,33.24,0,2,1.01,18.52,51.73,133.79,39.819,0.43,0,2,64.38,0,53.449
2025-12-21 6:10,33.1,,33.1,28.25,83.22,28.25,0,1,0.71,65.23,33.24,0,2,0.99,18.52,51.71,133.79,31.874,0.43,0,2,64.38,18.884,53.629
2025-12-21 6:20,33.1,,33.1,28.24,83.9,28.24,0,1,0.7,66.25,33.23,0,2,1.01,18.52,51.73,133.791,0.43,0.43,0,2,64.38,29.406,53.64
2025-12-21 6:30,33.1,,33.1,28.24,85.25,28.24,0,1,0.7,62.76,33.23,0,2,1.01,18.52,51.73,133.79,0,0.43,0,2,64.375,36.257,53.168
2025-12-21 6:40,33.1,,33.1,28.24,86.61,28.24,0,1,0.71,65.23,33.24,0,2,1.01,18.52,51.73,133.79,0,0.43,0,2,64.37,18.977,53.289
2025-12-21 6:50,33.1,,33.1,28.24,83.22,28.24,0,1,0.71,67.56,33.24,0,2,1.01,18.52,51.73,133.789,0,0.43,0,2,64.37,18.821,53.173
2025-12-21 7:00,33.1,,33.1,28.25,89.31,28.25,0,1,0.71,67.56,33.24,0,2,1.01,18.52,51.73,133.788,0,0.43,0,2,64.369,32.595,53.156
2025-12-21 7:10,33.1,,33.1,28.25,90.67,28.25,0,1,0.71,64.07,33.24,0,2,0.99,18.52,51.71,133.789,0,0.43,0,2,64.363,29.105,53.154
2025-12-21 7:20,33.1,,33.1,28.25,85.25,28.25,0,1,0.71,65.23,33.24,0,2,0.99,18.52,51.71,133.79,31.874,0.43,0,2,64.356,4.941,52.681
2025-12-21 7:30,33.1,,33.1,28.24,86.61,28.24,0,1,0.71,66.39,33.24,0,2,0.99,18.52,51.71,133.789,24.041,0.43,0,2,64.356,8.263,52.788
2025-12-21 7:40,33.1,,33.1,28.24,83.22,28.24,0,1,0.71,68.72,33.24,0,2,0.99,18.52,51.71,133.79,55.541,0.43,0,2,64.352,15.068,52.757
2025-12-21 7:50,33.1,,33.1,28.24,82.55,28.24,0,1,0.71,67.56,33.24,0,2,0.99,18.52,51.71,133.791,51.597,0.43,0,2,64.35,32.323,52.946
2025-12-21 8:00,33.1,,33.1,28.25,83.9,28.25,0,1,0.71,69.89,33.24,0,2,1,18.52,51.72,133.79,65.848,7.852,0,2,64.35,32.193,52.399
2025-12-21 8:10,33.1,,33.1,28.25,85.25,28.25,0,1,0.7,73.23,33.23,0,2,1,18.52,51.72,133.787,0,148.749,0,2,64.343,21.818,52.275
2025-12-21 8:20,33.1,,33.1,28.25,85.25,28.25,0,1,0.71,67.56,33.24,0,2,1,18.52,51.72,133.787,0,143.003,0,2,64.34,18.27,52.638
2025-12-21 8:30,33.1,,33.1,28.24,84.58,28.24,0,1,0.7,69.74,33.23,0,2,1,18.52,51.72,133.786,0,154.406,0,2,64.337,8.316,53.202
2025-12-21 8:40,33.1,,33.1,28.24,83.22,28.24,0,1,0.71,76.88,33.24,0,2,1.01,18.52,51.73,133.786,99.725,155.266,0,2,64.33,8.7,53.093
2025-12-21 8:50,33.1,,33.1,28.24,81.19,28.24,0,1,0.7,79.04,33.23,0,2,1.01,18.52,51.73,133.786,107.41,154.226,0,2,64.33,18.95,52.557
2025-12-21 9:00,33.1,,33.1,28.24,83.22,28.24,0,1,0.7,82.52,33.23,0,2,1,18.52,51.72,133.786,153.994,152.491,0,2,64.33,28.9,52.383
2025-12-21 9:10,33.1,,33.1,28.24,82.55,28.24,0,1,0.7,81.36,33.23,0,2,1.01,18.52,51.73,133.788,215.443,138.947,0,2,64.329,48.984,52.178
2025-12-21 9:20,33.1,,33.1,28.25,85.25,28.25,0,1,0.71,81.54,33.24,0,2,1.01,18.52,51.73,133.787,180.691,144.302,0,2,64.32,18.37,52.382
2025-12-21 9:30,33.1,,33.1,28.25,83.22,28.25,0,1,0.71,82.7,33.24,0,2,1,18.52,51.72,133.785,93.218,149.907,0,2,64.32,18.395,52.459
2025-12-21 9:40,33.1,,33.1,28.25,87.28,28.25,0,1,0.7,77.87,33.23,0,2,0.99,18.52,51.71,133.783,0,142.97,0,2,64.312,0,52.052
2025-12-21 9:50,33.1,,33.1,28.25,87.28,28.25,0,1,0.71,76.88,33.24,0,2,0.99,18.52,51.71,133.78,0,138.947,0,2,64.31,18.376,52.282
2025-12-21 10:00,33.1,,33.1,28.25,85.25,28.25,0,1,0.7,73.23,33.23,0,2,0.99,18.52,51.71,133.779,0,141.634,0,2,64.31,18.525,52.909
2025-12-21 10:10,33.1,,33.1,28.25,87.28,28.25,0,1,0.7,69.74,33.23,0,2,0.98,18.52,51.7,133.778,0,161.677,0,2,64.309,42.737,53.52
2025-12-21 10:20,33.1,,33.1,28.25,85.93,28.25,0,1,0.71,68.72,33.24,0,2,0.99,18.52,51.71,133.777,27.346,156.393,0,2,64.315,70.217,53.388
2025-12-21 10:30,33.1,,33.1,28.25,89.31,28.25,0,1,0.71,79.21,33.24,0,2,0.99,18.52,51.71,133.777,93.589,151.529,0,2,64.33,121.276,53.421
2025-12-21 10:40,33.1,,33.1,28.25,89.99,28.25,0,1,0.7,70.9,33.23,0,2,0.98,18.52,51.7,133.777,144.131,148.139,0,2,64.341,162.001,53.195
2025-12-21 10:50,33.1,,33.1,28.25,89.99,28.25,0,1,0.7,84.85,33.23,0,2,0.99,18.52,51.71,133.776,97.592,158.275,0,2,64.35,172.423,53.487
2025-12-21 11:00,33.1,,33.1,28.25,89.31,28.25,0,1,0.71,81.54,33.24,0,2,0.99,18.52,51.71,133.774,23.598,141.88,0,2,64.35,121.491,53.291
2025-12-21 11:10,33.1,,33.1,28.25,90.67,28.25,0,1,0.7,73.23,33.23,0,2,0.99,18.52,51.71,133.777,93.669,4.519,0,2,64.355,101.304,53.633
2025-12-21 11:20,33.1,,33.1,28.25,94.73,28.25,0,1,0.71,74.55,33.24,0,2,0.98,18.52,51.7,133.777,84.332,0.43,0,2,64.363,97.941,53.398
2025-12-21 11:30,33.1,,33.1,28.25,96.76,28.25,0,1,0.7,73.23,33.23,0,2,0.99,18.52,51.71,133.776,84.349,0.43,0,2,64.374,135.813,53.408
2025-12-21 11:40,33.1,,33.1,28.25,93.37,28.25,0,1,0.7,79.04,33.23,0,2,0.99,18.52,51.71,133.774,0,0.43,0,2,64.386,159.926,53.305
2025-12-21 11:50,33.1,,33.1,28.25,92.7,28.25,0,1,0.7,72.06,33.23,0,2,0.98,18.52,51.7,133.775,0,0.43,0,2,64.395,163.727,53.634
2025-12-21 12:00,33.1,,33.1,28.25,89.31,28.25,0,1,0.71,80.37,33.24,0,2,0.98,18.52,51.7,133.774,0,0.43,0,2,64.406,164.124,53.768
2025-12-21 12:10,33.1,,33.1,28.25,92.02,28.25,0,1,0.71,73.38,33.24,0,2,0.99,18.52,51.71,133.773,0,0.43,0,2,64.41,136.873,53.885
2025-12-21 12:20,33.1,,33.1,28.25,89.99,28.25,0,1,0.7,68.58,33.23,0,2,0.99,18.52,51.71,133.774,0,0.43,0,2,64.41,105.745,53.581
2025-12-21 12:30,33.1,,33.1,28.25,87.28,28.25,0,1,0.71,66.39,33.24,0,2,0.98,18.52,51.7,133.773,0,0.43,0,2,64.41,67.502,53.373
2025-12-21 12:40,33.1,,33.1,28.25,85.25,28.25,0,1,0.7,69.74,33.23,0,2,0.99,18.52,51.71,133.773,0.43,0.43,0,2,64.41,53.477,53.478
2025-12-21 12:50,33.1,,33.1,28.25,87.28,28.25,0,1,0.7,68.58,33.23,0,2,0.98,18.52,51.7,133.775,71.208,0.43,0,2,64.411,56.751,52.904
2025-12-21 13:00,33.1,,33.1,28.25,84.58,28.25,0,1,0.7,69.74,33.23,0,2,0.99,18.52,51.71,133.776,102.652,0.43,0,2,64.41,53.274,53.439
2025-12-21 13:10,33.1,,33.1,28.25,80.52,28.25,0,1,0.71,75.71,33.24,0,2,0.99,18.52,51.71,133.774,47.652,0.43,0,2,64.412,60.009,52.852
2025-12-21 13:20,33.1,,33.1,28.25,81.87,28.25,0,1,0.71,81.54,33.24,0,2,0.99,18.52,51.71,133.773,0,0.43,0,2,64.41,49.77,53.518
2025-12-21 13:30,33.1,,33.1,28.25,79.16,28.25,0,1,0.71,78.04,33.24,0,2,0.99,18.52,51.71,133.772,0,0.43,0,2,64.41,53.317,53.58
2025-12-21 13:40,33.1,,33.1,28.25,80.52,28.25,0,1,0.71,74.55,33.24,0,2,0.99,18.52,51.71,133.773,0,0.43,0,2,64.41,46.383,52.885
2025-12-21 13:50,33.1,,33.1,28.25,81.87,28.25,0,1,0.71,83.87,33.24,0,2,0.99,18.52,51.71,133.774,51.541,0.43,0,2,64.41,53.418,53.788
2025-12-21 14:00,33.1,,33.1,28.24,79.84,28.24,0,1,0.71,75.71,33.24,0,2,0.98,18.52,51.7,133.775,98.763,0.43,0,2,64.41,53.444,53.658
2025-12-21 14:10,33.1,,33.1,28.24,81.87,28.24,0,1,0.71,76.88,33.24,0,2,0.99,18.52,51.71,133.776,98.763,0.43,0,2,64.408,46.789,53.754
2025-12-21 14:20,33.1,,33.1,28.24,77.81,28.24,0,1,0.7,72.06,33.23,0,2,0.99,18.52,51.71,133.777,106.597,0.43,0,2,64.4,18.961,53.638
2025-12-21 14:30,33.1,,33.1,28.24,75.78,28.24,0,1,0.7,73.23,33.23,0,2,0.99,18.52,51.71,133.776,59.43,0.43,0,2,64.4,19.027,53.856
2025-12-21 14:40,33.1,,33.1,28.25,73.75,28.25,0,1,0.69,73.07,33.22,0,2,0.99,18.52,51.71,133.777,43.652,0.43,0,2,64.4,26.057,54.01
2025-12-21 14:50,33.1,,33.1,28.25,78.49,28.25,0,1,0.7,74.39,33.23,0,2,0.99,18.52,51.71,133.776,0,0.43,0,2,64.394,33.206,53.917
2025-12-21 15:00,33.1,,33.1,28.25,81.19,28.25,0,1,0.7,73.23,33.23,0,2,0.99,18.52,51.71,133.776,0,0.43,0,2,64.391,22.661,53.389
2025-12-21 15:10,33.1,,33.1,28.25,81.19,28.25,0,1,0.7,82.52,33.23,0,2,0.99,18.52,51.71,133.776,0,0.43,0,2,64.39,19.048,53.506
2025-12-21 15:20,33.1,,33.1,28.25,83.22,28.25,0,1,0.7,67.41,33.23,0,2,0.98,18.52,51.7,133.775,0,0.43,0,2,64.389,36.158,53.578
2025-12-21 15:30,33.1,,33.1,28.25,84.58,28.25,0,1,0.7,65.09,33.23,0,2,0.98,18.52,51.7,133.775,0,0.43,0,2,64.38,15.706,54.036
2025-12-21 15:40,33.1,,33.1,28.25,92.7,28.25,0,1,0.7,73.23,33.23,0,2,0.99,18.52,51.71,133.776,4.374,0.43,0,2,64.38,19.379,54.19
2025-12-21 15:50,33.1,,33.1,28.25,97.43,28.25,0,1,0.71,82.7,33.24,0,2,1,18.52,51.72,133.777,90.874,0.43,0,2,64.38,22.952,53.797
2025-12-21 16:00,33.1,,33.1,28.25,98.12,28.25,0,1,0.71,85.03,33.24,0,2,1,18.52,51.72,133.775,10.034,5.576,0,2,64.379,50.465,53.741
2025-12-21 16:10,33.1,,33.1,28.25,96.08,28.25,0,1,0.71,82.7,33.24,0,2,1,18.52,51.72,133.771,0,155.661,0,2,64.372,25.99,52.93
2025-12-21 16:20,33.1,,33.1,28.25,99.46,28.25,0,1,0.71,80.37,33.24,0,2,0.99,18.52,51.71,133.766,0,153.612,0,2,64.37,18.867,53.096
2025-12-21 16:30,33.1,,33.1,28.25,94.05,28.25,0,1,0.71,85.03,33.24,0,2,0.99,18.52,51.71,133.764,0,151.153,0,2,64.366,8.466,53.373
2025-12-21 16:40,33.1,,33.1,28.25,96.76,28.25,0,1,0.71,83.87,33.24,0,2,1.01,18.52,51.73,133.762,0,156.021,0,2,64.36,12.277,54.03
2025-12-21 16:50,33.1,,33.1,28.25,96.76,28.25,0,1,0.71,80.37,33.24,0,2,1.01,18.52,51.73,133.762,0,155.44,0,2,64.36,19.401,53.799
2025-12-21 17:00,33.1,,33.1,28.25,92.7,28.25,0,1,0.7,75.55,33.23,0,2,1.01,18.52,51.73,133.763,108.195,154.625,0,2,64.36,33.038,53.118
2025-12-21 17:10,33.1,,33.1,28.25,96.76,28.25,0,1,0.7,82.52,33.23,0,2,1.01,18.52,51.73,133.766,312.351,131.489,0,2,64.359,49.563,52.107
2025-12-21 17:20,33.1,,33.1,28.25,93.37,28.25,0,1,0.7,73.23,33.23,0,2,1.01,18.52,51.73,133.764,223.609,137.047,0,2,64.35,18.341,52.466
2025-12-21 17:30,33.1,,33.1,28.25,89.31,28.25,0,1,0.7,70.9,33.23,0,2,1.01,18.52,51.73,133.762,104.691,151.703,0,2,64.35,18.346,53.132
2025-12-21 17:40,33.1,,33.1,28.25,84.58,28.25,0,1,0.7,68.58,33.23,0,2,1.01,18.52,51.73,133.76,0,155.324,0,2,64.347,11.975,53.494
2025-12-21 17:50,33.1,,33.1,28.24,85.93,28.24,0,1,0.7,67.41,33.23,0,2,1.01,18.52,51.73,133.758,0,151.529,0,2,64.346,39.683,53.422
2025-12-21 18:00,33.1,,33.1,28.24,85.25,28.24,0,1,0.71,67.56,33.24,0,2,1.01,18.52,51.73,133.758,0,157.083,0,2,64.353,63.756,53.52
2025-12-21 18:10,33.1,,33.1,28.24,83.22,28.24,0,1,0.7,68.58,33.23,0,2,1.01,18.52,51.73,133.757,36.151,153.674,0,2,64.366,118.587,53.485
2025-12-21 18:20,33.1,,33.1,28.24,83.22,28.24,0,1,0.71,67.56,33.24,0,2,1.01,18.52,51.73,133.757,92.28,154.749,0,2,64.379,166.692,53.572
2025-12-21 18:30,33.1,,33.1,28.24,83.22,28.24,0,1,0.71,66.39,33.24,0,2,1.01,18.52,51.73,133.756,82.593,151.688,0,2,64.38,146.207,53.563
2025-12-21 18:40,33.1,,33.1,28.24,79.16,28.24,0,1,0.71,65.23,33.24,0,2,1.01,18.52,51.73,133.753,2.187,160.124,0,2,64.388,129.335,53.703
2025-12-21 18:50,33.1,,33.1,28.24,79.84,28.24,0,1,0.71,59.41,33.24,0,2,1.01,18.52,51.73,133.753,4.977,151.284,0,2,64.39,91.651,53.687
2025-12-21 19:00,33.1,,33.1,28.24,81.19,28.24,0,1,0.71,58.24,33.24,0,2,1.01,18.52,51.73,133.751,0,143.827,0,2,64.398,115.914,53.687
2025-12-21 19:10,33.1,,33.1,28.24,81.19,28.24,0,1,0.71,59.41,33.24,0,2,1.01,18.52,51.73,133.75,34.406,150.108,0,2,64.409,126.416,53.709
2025-12-21 19:20,33.1,,33.1,28.24,77.81,28.24,0,1,0.71,58.24,33.24,0,2,1.01,18.52,51.73,133.75,28.385,144.887,0,2,64.423,168.208,53.729
2025-12-21 19:30,33.1,,33.1,28.24,81.19,28.24,0,1,0.71,59.41,33.24,0,2,1.01,18.52,51.73,133.748,36.776,157.332,0,2,64.431,168.582,53.973
2025-12-21 19:40,33.1,,33.1,28.24,77.81,28.24,0,1,0.71,61.74,33.24,0,2,1.01,18.52,51.73,133.745,0,155.074,0,2,64.44,162.041,53.921
2025-12-21 19:50,33.1,,33.1,28.24,81.87,28.24,0,1,0.71,61.74,33.24,0,2,1.01,18.52,51.73,133.744,0,156.29,0,2,64.447,137.787,53.635
2025-12-21 20:00,33.1,,33.1,28.24,79.84,28.24,0,1,0.71,65.23,33.24,0,2,1.01,18.52,51.73,133.744,0,149.041,0,2,64.452,127.385,53.931
2025-12-21 20:10,33.1,,33.1,28.24,81.87,28.24,0,1,0.71,60.57,33.24,0,2,1.01,18.52,51.73,133.749,243.365,0.43,0,2,64.46,124.154,54.23
2025-12-21 20:20,33.1,,33.1,28.24,79.27,28.24,0,1,0.71,60.57,33.24,0,2,1.01,18.52,51.73,133.756,502.022,0.43,0,2,64.472,142.102,54.146
2025-12-21 20:30,33.1,,33.1,28.24,81.29,28.24,0,1,0.71,60.57,33.24,0,2,1.01,18.52,51.73,133.757,515.374,0.43,0,2,64.482,160.056,54.291
2025-12-21 20:40,33.1,,33.1,28.24,80.62,28.24,0,1,0.7,61.6,33.23,0,2,1.01,18.52,51.73,133.758,350.319,0.43,0,2,64.491,163.758,54.17
2025-12-21 20:50,33.1,,33.1,28.24,82.63,28.24,0,1,0.71,64.07,33.24,0,2,1.01,18.52,51.73,133.759,130.152,0.43,0,2,64.5,153.218,53.526
2025-12-21 21:00,33.1,,33.1,28.24,77.26,28.24,0,1,0.71,64.07,33.24,0,2,1.01,18.52,51.73,133.757,0,0.43,0,2,64.509,149.705,53.751
2025-12-21 21:10,33.1,,33.1,28.24,79.27,28.24,0,1,0.71,61.74,33.24,0,2,1.01,18.52,51.73,133.754,0,0.43,0,2,64.51,121.268,53.859
2025-12-21 21:20,33.1,,33.1,28.24,79.27,28.24,0,1,0.71,62.9,33.24,0,2,1.01,18.52,51.73,133.753,0,0.43,0,2,64.52,125.287,54.251
2025-12-21 21:30,33.1,,33.1,28.24,77.93,28.24,0,1,0.71,66.39,33.24,0,2,1.01,18.52,51.73,133.752,0,0.43,0,2,64.52,93.341,54.079
2025-12-21 21:40,33.1,,33.1,28.24,77.26,28.24,0,1,0.7,60.44,33.23,0,2,1.01,18.52,51.73,133.754,0,0.43,0,2,64.52,89.886,54.161
2025-12-21 21:50,33.1,,33.1,28.24,76.59,28.24,0,1,0.7,60.44,33.23,0,2,1.01,18.52,51.73,133.755,63.374,0.43,0,2,64.52,54.056,53.928
2025-12-21 22:00,33.1,,33.1,28.24,77.26,28.24,0,1,0.71,58.24,33.24,0,2,1.01,18.52,51.73,133.755,122.263,0.43,0,2,64.52,54.153,54.369
2025-12-21 22:10,33.1,,33.1,28.24,77.26,28.24,0,1,0.71,61.74,33.24,0,2,1.01,18.52,51.73,133.755,75.152,0.43,0,2,64.52,54.236,54.411
2025-12-21 22:20,33.1,,33.1,28.24,77.26,28.24,0,1,0.7,65.09,33.23,0,2,1.01,18.52,51.73,133.754,0,0.43,0,2,64.517,43.599,54.184
2025-12-21 22:30,33.1,,33.1,28.24,77.26,28.24,0,1,0.71,62.9,33.24,0,2,1.01,18.52,51.73,133.753,0,0.43,0,2,64.513,29.131,53.798
2025-12-21 22:40,33.1,,33.1,28.24,75.24,28.24,0,1,0.71,61.74,33.24,0,2,1.01,18.52,51.73,133.754,0,0.43,0,2,64.51,18.278,54.019
2025-12-21 22:50,33.1,,33.1,28.24,81.29,28.24,0,1,0.71,61.74,33.24,0,2,1.01,18.52,51.73,133.755,20.041,0.43,0,2,64.51,29.031,54.276
2025-12-21 23:00,33.1,,33.1,28.24,77.26,28.24,0,1,0.71,65.23,33.24,0,2,1.01,18.52,51.73,133.755,82.986,0.43,0,2,64.51,43.389,54.039
2025-12-21 23:10,33.1,,33.1,28.24,77.26,28.24,0,1,0.71,62.9,33.24,0,2,1.01,18.52,51.73,133.756,106.541,0.43,0,2,64.51,54.206,54.304
2025-12-21 23:20,33.1,,33.1,28.24,77.93,28.24,0,1,0.71,65.23,33.24,0,2,1.01,18.52,51.73,133.758,138.041,0.43,0,2,64.504,32.709,53.784
2025-12-21 23:30,33.1,,33.1,28.24,78.6,28.24,0,1,0.7,67.41,33.23,0,2,1.01,18.52,51.73,133.76,181.263,0.43,0,2,64.5,18.446,54.082
2025-12-21 23:40,33.1,,33.1,28.24,75.92,28.24,0,1,0.71,62.9,33.24,0,2,1.01,18.52,51.73,133.761,181.319,0.43,0,2,64.5,18.321,53.93
2025-12-21 23:50,33.1,,33.1,28.24,75.24,28.24,0,1,0.7,62.76,33.23,0,2,1,18.52,51.72,133.761,94.819,0.43,0,2,64.5,39.76,54.101
2025-12-22 0:00,33.1,,33.1,28.24,75.24,28.24,0,1,0.7,62.76,33.23,0,2,1,18.52,51.72,133.76,0,0.43,0,2,64.497,43.294,53.85
2025-12-22 0:10,33.1,,33.1,28.24,79.27,28.24,0,1,0.71,61.74,33.24,0,2,1,18.52,51.72,133.758,0,0.43,0,2,64.49,18.543,54.178
2025-12-22 0:20,33.1,,33.1,28.24,73.9,28.24,0,1,0.71,60.57,33.24,0,2,1,18.52,51.72,133.76,0,0.43,0,2,64.49,18.583,54.2
2025-12-22 0:30,33.1,,33.1,28.24,77.26,28.24,0,1,0.71,60.57,33.24,0,2,1,18.52,51.72,133.762,94.819,0.43,0,2,64.488,22.355,54.501
2025-12-22 0:40,33.1,,33.1,28.24,79.27,28.24,0,1,0.71,54.75,33.24,0,2,1,18.52,51.72,133.762,149.819,0.43,0,2,64.48,18.927,54.393
2025-12-22 0:50,33.1,,33.1,28.24,77.26,28.24,0,1,0.71,61.74,33.24,0,2,1,18.52,51.72,133.76,8.319,0.43,0,2,64.48,18.993,54.418
2025-12-22 1:00,33.1,,33.1,28.24,76.59,28.24,0,1,0.71,60.57,33.24,0,2,1,18.52,51.72,133.759,0,0.43,0,2,64.48,26.109,54.517
2025-12-22 1:10,33.1,,33.1,28.24,77.26,28.24,0,1,0.71,62.9,33.24,0,2,1,18.52,51.72,133.761,0,0.43,0,2,64.475,36.883,54.714
2025-12-22 1:20,33.1,,33.1,28.24,75.92,28.24,0,1,0.7,63.93,33.23,0,2,0.99,18.52,51.71,133.761,39.708,0.43,0,2,64.47,19.199,54.367
2025-12-22 1:30,33.1,,33.1,28.24,79.27,28.24,0,1,0.71,60.57,33.24,0,2,0.99,18.52,51.71,133.762,83.041,0.43,0,2,64.47,19.216,54.567
2025-12-22 1:40,33.1,,33.1,28.24,75.92,28.24,0,1,0.71,64.07,33.24,0,2,0.99,18.52,51.71,133.762,67.263,0.43,0,2,64.467,26.25,54.482
2025-12-22 1:50,33.1,,33.1,28.24,76.59,28.24,0,1,0.71,64.07,33.24,0,2,0.99,18.52,51.71,133.763,75.152,0.43,0,2,64.46,19.258,54.39
2025-12-22 2:00,33.1,,33.1,28.24,81.29,28.24,0,1,0.71,64.07,33.24,0,2,0.99,18.52,51.71,133.763,63.319,0.43,0,2,64.46,19.222,54.46
2025-12-22 2:10,33.1,,33.1,28.24,78.6,28.24,0,1,0.71,61.74,33.24,0,2,1,18.52,51.72,133.764,79.041,0.43,0,2,64.46,29.757,54.42
2025-12-22 2:20,33.1,,33.1,28.24,77.26,28.24,0,1,0.71,58.24,33.24,0,2,1,18.52,51.72,133.764,47.597,0.43,0,2,64.459,50.853,54.345
2025-12-22 2:30,33.1,,33.1,28.24,76.59,28.24,0,1,0.71,54.75,33.24,0,2,1.01,18.52,51.73,133.764,20.097,0.43,0,2,64.451,22.771,54.547
2025-12-22 2:40,33.1,,33.1,28.24,77.93,28.24,0,1,0.71,51.25,33.24,0,2,1.01,18.52,51.73,133.765,20.097,0.43,0,2,64.45,19.248,54.351
2025-12-22 2:50,33.1,,33.1,28.24,73.9,28.24,0,1,0.71,50.09,33.24,0,2,1.01,18.52,51.73,133.767,90.874,0.43,0,2,64.446,8.738,54.315
2025-12-22 3:00,33.1,,33.1,28.24,76.59,28.24,0,1,0.71,50.09,33.24,0,2,1.01,18.52,51.73,133.767,134.097,0.43,0,2,64.44,15.882,54.645
2025-12-22 3:10,33.1,,33.1,28.24,73.9,28.24,0,1,0.71,55.91,33.24,0,2,1,18.52,51.72,133.768,114.486,0.43,0,2,64.44,19.34,54.225
2025-12-22 3:20,33.1,,33.1,28.24,77.26,28.24,0,1,0.71,60.57,33.24,0,2,1,18.52,51.72,133.767,8.319,0.43,0,2,64.44,33.337,54.142
2025-12-22 3:30,33.1,,33.1,28.24,75.24,28.24,0,1,0.7,60.44,33.23,0,2,1,18.52,51.72,133.764,0,0.43,0,2,64.432,26.173,54.153
2025-12-22 3:40,33.1,,33.1,28.24,77.26,28.24,0,1,0.7,62.76,33.23,0,2,1,18.52,51.72,133.763,0,0.43,0,2,64.43,19.198,54.3
2025-12-22 3:50,33.1,,33.1,28.24,77.26,28.24,0,1,0.7,63.93,33.23,0,2,1,18.52,51.72,133.763,0,0.43,0,2,64.43,19.214,54.19
2025-12-22 4:00,33.1,,33.1,28.24,75.92,28.24,0,1,0.71,64.07,33.24,0,2,0.99,18.52,51.71,133.765,31.874,0.43,0,2,64.427,36.697,54.1
2025-12-22 4:10,33.1,,33.1,28.24,78.6,28.24,0,1,0.71,64.07,33.24,0,2,0.99,18.52,51.71,133.767,157.708,0.43,0,2,64.42,19.338,54.392
2025-12-22 4:20,33.1,,33.1,28.24,76.59,28.24,0,1,0.7,67.41,33.23,0,2,0.99,18.52,51.71,133.768,200.986,0.43,0,2,64.419,15.818,54.13
2025-12-22 4:30,33.1,,33.1,28.24,75.92,28.24,0,1,0.7,65.09,33.23,0,2,0.99,18.52,51.71,133.768,126.263,0.43,0,2,64.411,0,54.332
2025-12-22 4:40,33.1,,33.1,28.24,75.92,28.24,0,1,0.7,62.76,33.23,0,2,0.99,18.52,51.71,133.768,47.597,0.43,0,2,64.412,26.38,54.18
2025-12-22 4:50,33.1,,33.1,28.24,77.93,28.24,0,1,0.7,65.09,33.23,0,2,0.98,18.52,51.7,133.767,0,0.43,0,2,64.41,23.006,54.34
2025-12-22 5:00,33.1,,33.1,28.24,73.23,28.24,0,1,0.71,62.9,33.24,0,2,0.98,18.52,51.7,133.768,4.374,0.43,0,2,64.41,50.804,54.392
2025-12-22 5:10,33.1,,33.1,28.24,73.9,28.24,0,1,0.71,62.9,33.24,0,2,0.98,18.52,51.7,133.769,31.874,0.43,0,2,64.402,19.582,54.181
2025-12-22 5:20,33.1,,33.1,28.24,77.93,28.24,0,1,0.7,60.44,33.23,0,2,1,18.52,51.72,133.77,118.374,0.43,0,2,64.4,19.5,54.094
2025-12-22 5:30,33.1,,33.1,28.24,76.59,28.24,0,1,0.7,65.09,33.23,0,2,0.99,18.52,51.71,133.77,47.597,0.43,0,2,64.395,2.209,54.352
2025-12-22 5:40,33.1,,33.1,28.24,77.26,28.24,0,1,0.7,60.44,33.23,0,2,1.01,18.52,51.73,133.771,86.986,0.43,0,2,64.39,12.616,53.902
2025-12-22 5:50,33.1,,33.1,28.24,75.24,28.24,0,1,0.71,58.24,33.24,0,2,1.01,18.52,51.73,133.771,39.763,0.43,0,2,64.39,19.391,53.585
2025-12-22 6:00,33.1,,33.1,28.24,79.27,28.24,0,1,0.71,60.57,33.24,0,2,1,18.52,51.72,133.771,55.486,0.43,0,2,64.39,36.486,53.804
2025-12-22 6:10,33.1,,33.1,28.24,73.9,28.24,0,1,0.71,61.74,33.24,0,2,0.99,18.52,51.71,133.77,0,0.43,0,2,64.384,33.09,54.048
2025-12-22 6:20,33.1,,33.1,28.24,77.26,28.24,0,1,0.71,60.57,33.24,0,2,0.99,18.52,51.71,133.769,0,0.43,0,2,64.38,19.273,53.589
2025-12-22 6:30,33.1,,33.1,28.24,74.57,28.24,0,1,0.71,59.41,33.24,0,2,0.99,18.52,51.71,133.769,0,0.43,0,2,64.375,1.922,53.418
2025-12-22 6:40,33.1,,33.1,28.24,77.26,28.24,0,1,0.7,55.79,33.23,0,2,0.98,18.52,51.7,133.77,0.43,0.43,0,2,64.37,5.339,53.634
2025-12-22 6:50,33.1,,33.1,28.24,75.92,28.24,0,1,0.7,56.95,33.23,0,2,0.98,18.52,51.7,133.77,8.319,0.43,0,2,64.37,18.831,52.607
2025-12-22 7:00,33.1,,33.1,28.24,71.88,28.24,0,1,0.7,56.95,33.23,0,2,0.98,18.52,51.7,133.77,23.986,0.43,0,2,64.37,35.981,53.19
2025-12-22 7:10,33.1,,33.1,28.24,73.9,28.24,0,1,0.7,59.28,33.23,0,2,0.98,18.52,51.7,133.77,0.43,0.43,0,2,64.37,53.201,53.795
2025-12-22 7:20,33.1,,33.1,28.24,71.21,28.24,0,1,0.7,58.12,33.23,0,2,0.98,18.52,51.7,133.771,47.597,0.43,0,2,64.366,39.815,53.614
2025-12-22 7:30,33.1,,33.1,28.24,73.23,28.24,0,1,0.71,58.24,33.24,0,2,1,18.52,51.72,133.771,39.763,0.43,0,2,64.36,19.317,53.541
2025-12-22 7:40,33.1,,33.1,28.24,69.87,28.24,0,1,0.71,60.57,33.24,0,2,1,18.52,51.72,133.771,47.597,0.43,0,2,64.355,2.044,53.309
2025-12-22 7:50,33.1,,33.1,28.24,69.2,28.24,0,1,0.7,60.44,33.23,0,2,1,18.52,51.72,133.773,79.097,0.43,0,2,64.35,0,53.524
2025-12-22 8:00,33.1,,33.1,28.24,73.9,28.24,0,1,0.7,60.44,33.23,0,2,1,18.52,51.72,133.774,121.745,10.376,0,2,64.35,19.164,53.326
2025-12-22 8:10,33.1,,33.1,28.24,71.21,28.24,0,1,0.7,59.28,33.23,0,2,0.99,18.52,51.71,133.772,75.51,156.725,0,2,64.349,32.808,53.241
2025-12-22 8:20,33.1,,33.1,28.24,71.21,28.24,0,1,0.71,59.41,33.24,0,2,0.99,18.52,51.71,133.771,17.226,155.912,0,2,64.348,46.569,53.639
2025-12-22 8:30,33.1,,33.1,28.24,73.23,28.24,0,1,0.71,57.08,33.24,0,2,1.01,18.52,51.73,133.771,29.946,154.702,0,2,64.34,19.385,53.774
2025-12-22 8:40,33.1,,33.1,28.24,71.88,28.24,0,1,0.71,53.58,33.24,0,2,0.98,18.52,51.7,133.769,53.404,156.266,0,2,64.34,23.042,53.88
2025-12-22 8:50,33.1,,33.1,28.24,71.21,28.24,0,1,0.71,52.42,33.24,0,2,0.99,18.52,51.71,133.768,51.829,151.185,0,2,64.332,0,53.542
2025-12-22 9:00,33.1,,33.1,28.24,67.18,28.24,0,1,0.71,59.41,33.24,0,2,0.99,18.52,51.71,133.768,50.423,150.652,0,2,64.33,19.554,53.241
2025-12-22 9:10,33.1,,33.1,28.24,73.23,28.24,0,1,0.7,63.93,33.23,0,2,0.98,18.52,51.7,133.77,157.502,147.168,0,2,64.324,0,53.158
2025-12-22 9:20,33.1,,33.1,28.24,76.59,28.24,0,1,0.7,58.12,33.23,0,2,0.97,18.52,51.69,133.771,255.464,150.073,0,2,64.32,12.522,53.334
2025-12-22 9:30,33.1,,33.1,28.24,73.9,28.24,0,1,0.7,58.12,33.23,0,2,0.98,18.52,51.7,133.77,213.789,143.459,0,2,64.32,19.281,53.184
2025-12-22 9:40,33.1,,33.1,28.24,70.54,28.24,0,1,0.71,55.91,33.24,0,2,0.98,18.52,51.7,133.768,76.331,147.796,0,2,64.32,39.771,53.462
2025-12-22 9:50,33.1,,33.1,28.24,68.53,28.24,0,1,0.71,57.08,33.24,0,2,0.98,18.52,51.7,133.766,0,148.098,0,2,64.319,49.975,53.444
2025-12-22 10:00,33.1,,33.1,28.24,69.87,28.24,0,1,0.71,58.24,33.24,0,2,0.99,18.52,51.71,133.765,0,146.772,0,2,64.31,19.573,53.479
2025-12-22 10:10,33.1,,33.1,28.24,71.21,28.24,0,1,0.71,57.08,33.24,0,2,0.99,18.52,51.71,133.764,0,133.438,0,2,64.313,30.01,54.273
2025-12-22 10:20,33.1,,33.1,28.24,70.54,28.24,0,1,0.71,50.09,33.24,0,2,1,18.52,51.72,133.763,19.568,120.495,0,2,64.327,80.923,53.683
2025-12-22 10:30,33.1,,33.1,28.24,67.85,28.24,0,1,0.71,50.09,33.24,0,2,1,18.52,51.72,133.764,114.228,135.919,0,2,64.345,172.999,54.208
2025-12-22 10:40,33.1,,33.1,28.24,77.93,28.24,0,1,0.71,50.09,33.24,0,2,1.01,18.52,51.73,133.764,128.618,129.441,0,2,64.353,189.986,53.735
2025-12-22 10:50,33.1,,33.1,28.24,73.9,28.24,0,1,0.71,54.75,33.24,0,2,1.01,18.52,51.73,133.762,100.556,142.475,0,2,64.36,166.324,53.195
2025-12-22 11:00,33.1,,33.1,28.24,71.88,28.24,0,1,0.71,67.56,33.24,0,2,1.01,18.52,51.73,133.76,0,131.178,0,2,64.36,104.511,52.769
2025-12-22 11:10,33.1,,33.1,28.24,76.59,28.24,0,1,0.71,52.42,33.24,0,2,1,18.52,51.72,133.757,0,151.058,0,2,64.364,90.618,52.892
2025-12-22 11:20,33.1,,33.1,28.24,77.93,28.24,0,1,0.71,54.75,33.24,0,2,1,18.52,51.72,133.753,0,122.594,0,2,64.374,100.848,52.55
2025-12-22 11:30,33.1,,33.1,28.24,75.24,28.24,0,1,0.71,58.24,33.24,0,2,0.99,18.52,51.71,133.75,0,127.247,0,2,64.384,135.733,54.092
2025-12-22 11:40,33.1,,33.1,28.24,73.9,28.24,0,1,0.71,58.24,33.24,0,2,0.99,18.52,51.71,133.749,0,118.257,0,2,64.396,163.956,54.393
2025-12-22 11:50,33.1,,33.1,28.24,73.9,28.24,0,1,0.71,52.42,33.24,0,2,0.99,18.52,51.71,133.749,0,117.517,0,2,64.405,161.388,54.511
2025-12-22 12:00,33.1,,33.1,28.24,77.26,28.24,0,1,0.71,57.08,33.24,0,2,0.99,18.52,51.71,133.749,53.842,126.253,0,2,64.41,144.503,54.605
2025-12-22 12:10,33.1,,33.1,28.24,72.56,28.24,0,1,0.71,58.24,33.24,0,2,0.99,18.52,51.71,133.75,154.039,6.181,0,2,64.414,117.156,55.018
2025-12-22 12:20,33.1,,33.1,28.24,73.23,28.24,0,1,0.71,59.41,33.24,0,2,0.99,18.52,51.71,133.753,201.51,0.43,0,2,64.42,106.925,54.651
2025-12-22 12:30,33.1,,33.1,28.24,73.23,28.24,0,1,0.71,59.41,33.24,0,2,0.99,18.52,51.71,133.756,289.291,0.43,0,2,64.428,117.215,53.975
2025-12-22 12:40,33.1,,33.1,28.24,74.57,28.24,0,1,0.71,58.24,33.24,0,2,1,18.52,51.72,133.75,0,0.43,0,2,64.437,134.747,54.781
2025-12-22 12:50,33.1,,33.1,28.24,69.2,28.24,0,1,0.71,55.91,33.24,0,2,1,18.52,51.72,133.75,0,0.43,0,2,64.446,145.574,55.298
2025-12-22 13:00,33.1,,33.1,28.24,69.87,28.24,0,1,0.71,53.58,33.24,0,2,1,18.52,51.72,133.749,0,0.43,0,2,64.451,135.659,55.23
2025-12-22 13:10,33.1,,33.1,28.24,71.88,28.24,0,1,0.71,53.58,33.24,0,2,1,18.52,51.72,133.749,0,0.43,0,2,64.459,132.537,55.583
2025-12-22 13:20,33.1,,33.1,28.24,65.84,28.24,0,1,0.71,58.24,33.24,0,2,1,18.52,51.72,133.749,0,0.43,0,2,64.46,104.378,54.655
2025-12-22 13:30,33.1,,33.1,28.23,67.18,28.23,0,1,0.71,58.24,33.24,0,2,1,18.52,51.72,133.75,59.374,0.43,0,2,64.46,86.83,55.209
2025-12-22 13:40,33.1,,33.1,28.23,59.28,28.23,0,1,0.71,59.41,33.24,0,2,1,18.52,51.72,133.751,86.93,0.43,0,2,64.46,58.613,55.267
2025-12-22 13:50,33.1,,33.1,28.24,60.65,28.24,0,1,0.71,61.74,33.24,0,2,1.01,18.52,51.73,133.752,90.819,0.43,0,2,64.46,55.045,54.616
2025-12-22 14:00,33.1,,33.1,28.25,59.97,28.25,0,1,0.71,62.9,33.24,0,2,1.01,18.52,51.73,133.752,60.918,4.893,0,2,64.46,54.901,54.82
2025-12-22 14:10,33.1,,33.1,28.25,58.33,28.25,0,1,0.7,66.25,33.23,0,2,1.01,18.52,51.73,133.748,0,135.131,0,2,64.46,54.728,54.75
2025-12-22 14:20,33.1,,33.1,28.25,58.74,28.25,0,1,0.71,66.39,33.24,0,2,1,18.52,51.72,133.745,0,138.675,0,2,64.456,40.607,54.585
2025-12-22 14:30,33.1,,33.1,28.25,59.43,28.25,0,1,0.7,65.09,33.23,0,2,1,18.52,51.72,133.744,0,152.414,0,2,64.451,23.254,55.426
2025-12-22 14:40,33.1,,33.1,28.26,60.12,28.26,0,1,0.7,63.93,33.23,0,2,1.01,18.52,51.73,133.742,0,149.709,0,2,64.45,20.056,55.659
2025-12-22 14:50,33.1,,33.1,28.26,60.54,28.26,0,1,0.7,63.93,33.23,0,2,1.01,18.52,51.73,133.74,0,154.237,0,2,64.45,34.215,54.726
2025-12-22 15:00,33.1,,33.1,28.26,60.54,28.26,0,1,0.7,61.6,33.23,0,2,1.01,18.52,51.73,133.743,130.767,159.188,0,2,64.45,51.701,55.219
2025-12-22 15:10,33.1,,33.1,28.27,59.84,28.27,0,1,0.7,62.76,33.23,0,2,1.01,18.52,51.73,133.743,224.745,160.478,0,2,64.444,34.035,55.327
2025-12-22 15:20,33.1,,33.1,28.27,60.96,28.27,0,1,0.7,63.93,33.23,0,2,1.01,18.52,51.73,133.744,288.778,157.667,0,2,64.44,20.1,54.921
2025-12-22 15:30,33.1,,33.1,28.27,60.96,28.27,0,1,0.7,67.41,33.23,0,2,1,18.52,51.72,133.744,183.033,160.122,0,2,64.44,20.006,54.939
2025-12-22 15:40,33.1,,33.1,28.27,60.25,28.27,0,1,0.7,61.6,33.23,0,2,1,18.52,51.72,133.741,89.043,161.507,0,2,64.443,51.448,54.983
2025-12-22 15:50,33.1,,33.1,28.28,60.67,28.28,0,1,0.71,61.74,33.24,0,2,1,18.52,51.72,133.74,10.737,158.583,0,2,64.451,93.553,55.071
2025-12-22 16:00,33.1,,33.1,28.28,60.67,28.28,0,1,0.7,60.44,33.23,0,2,1,18.52,51.72,133.738,0,157.737,0,2,64.46,125.195,54.865
2025-12-22 16:10,33.1,,33.1,28.28,60.67,28.28,0,1,0.71,61.74,33.24,0,2,1,18.52,51.72,133.737,0,154.668,0,2,64.47,149.751,54.483
2025-12-22 16:20,33.1,,33.1,28.28,60.67,28.28,0,1,0.71,62.9,33.24,0,2,0.99,18.52,51.71,133.736,0,156.426,0,2,64.477,146.271,54.631
2025-12-22 16:30,33.1,,33.1,28.28,60.37,28.28,0,1,0.71,64.07,33.24,0,2,0.99,18.52,51.71,133.735,11.356,159.142,0,2,64.48,125.329,55.205
2025-12-22 16:40,33.1,,33.1,28.28,60.37,28.28,0,1,0.7,63.93,33.23,0,2,0.99,18.52,51.71,133.734,49.001,161.434,0,2,64.484,106.273,60.483
2025-12-22 16:50,33.1,,33.1,28.29,61.79,28.29,0,1,0.71,64.07,33.24,0,2,0.99,18.52,51.71,133.733,58.501,161.429,0,2,64.491,108.507,60.999
2025-12-22 17:00,33.1,,33.1,28.29,61.79,28.29,0,1,0.71,61.74,33.24,0,2,1,18.52,51.72,133.733,93.178,157.004,0,2,64.502,138.825,60.826
2025-12-22 17:10,33.1,,33.1,28.29,61.08,28.29,0,1,0.71,60.57,33.24,0,2,1,18.52,51.72,133.732,84.183,158.115,0,2,64.513,163.865,60.438
2025-12-22 17:20,33.1,,33.1,28.29,62.5,28.29,0,1,0.71,59.41,33.24,0,2,1,18.52,51.72,133.729,0,160.138,0,2,64.52,164.099,61.201
2025-12-22 17:30,33.1,,33.1,28.29,71.25,28.29,0,1,0.71,59.41,33.24,0,2,1,18.52,51.72,133.728,0,160.689,0,2,64.53,160.917,61.113
2025-12-22 17:40,33.1,,33.1,28.29,65.61,28.29,0,1,0.71,61.74,33.24,0,2,1,18.52,51.72,133.726,0,156.082,0,2,64.537,147.037,61.132
2025-12-22 17:50,33.1,,33.1,28.28,67.02,28.28,0,1,0.71,59.41,33.24,0,2,1,18.52,51.72,133.725,4.605,156.711,0,2,64.542,139.958,60.963
2025-12-22 18:00,33.1,,33.1,28.28,67.72,28.28,0,1,0.71,62.9,33.24,0,2,1,18.52,51.72,133.724,4.196,147.628,0,2,64.55,132.933,60.984
2025-12-22 18:10,33.1,,33.1,28.28,67.96,28.28,0,1,0.71,65.23,33.24,0,2,1,18.52,51.72,133.726,149.999,98.492,0,2,64.56,143.799,60.897
2025-12-22 18:20,33.1,,33.1,28.28,67.26,28.28,0,1,0.71,66.39,33.24,0,2,1,18.52,51.72,133.73,278.572,0.43,0,2,64.569,158.431,61.191
2025-12-22 18:30,33.1,,33.1,28.27,71.47,28.27,0,1,0.71,61.74,33.24,0,2,1,18.52,51.72,133.731,300.284,0.43,0,2,64.58,169.629,61.467
2025-12-22 18:40,33.1,,33.1,28.27,70.28,28.27,0,1,0.71,65.23,33.24,0,2,1,18.52,51.72,133.73,177.208,0.43,0,2,64.587,159.153,61.301
2025-12-22 18:50,33.1,,33.1,28.27,67.5,28.27,0,1,0.71,68.72,33.24,0,2,1,18.52,51.72,133.729,0,0.43,0,2,64.594,152.18,61.44
2025-12-22 19:00,33.1,,33.1,28.27,64.71,28.27,0,1,0.71,67.56,33.24,0,2,1,18.52,51.72,133.728,0,0.43,0,2,64.601,137.862,61.513
2025-12-22 19:10,33.1,,33.1,28.27,68.19,28.27,0,1,0.71,65.23,33.24,0,2,1,18.52,51.72,133.728,0,0.43,0,2,64.61,145.355,61.612
2025-12-22 19:20,33.1,,33.1,28.27,68.41,28.27,0,1,0.71,61.74,33.24,0,2,1,18.52,51.72,133.726,0,0.43,0,2,64.612,127.263,61.663
2025-12-22 19:30,33.1,,33.1,28.27,67.72,28.27,0,1,0.71,65.23,33.24,0,2,1,18.52,51.72,133.725,0,0.43,0,2,64.617,120.092,61.501
2025-12-22 19:40,33.1,,33.1,28.26,69.1,28.26,0,1,0.71,64.07,33.24,0,2,1,18.52,51.72,133.726,0,0.43,0,2,64.611,65.313,61.776
2025-12-22 19:50,33.1,,33.1,28.26,65.65,28.26,0,1,0.71,66.39,33.24,0,2,1,18.52,51.72,133.727,55.43,0.43,0,2,64.61,54.334,61.727
2025-12-22 20:00,33.1,,33.1,28.26,66.56,28.26,0,1,0.7,65.09,33.23,0,2,1,18.52,51.72,133.727,71.152,0.43,0,2,64.61,36.02,61.556
2025-12-22 20:10,33.1,,33.1,28.26,66.56,28.26,0,1,0.7,65.09,33.23,0,2,1,18.52,51.72,133.728,78.986,0.43,0,2,64.61,57.933,61.515
2025-12-22 20:20,33.1,,33.1,28.26,67.25,28.26,0,1,0.71,62.9,33.24,0,2,1,18.52,51.72,133.728,31.819,0.43,0,2,64.61,61.522,61.494
2025-12-22 20:30,33.1,,33.1,28.26,70.68,28.26,0,1,0.71,64.07,33.24,0,2,1,18.52,51.72,133.727,0,0.43,0,2,64.61,61.519,61.549
2025-12-22 20:40,33.1,,33.1,28.26,70,28.26,0,1,0.71,64.07,33.24,0,2,1,18.52,51.72,133.725,0,0.43,0,2,64.61,61.513,61.496
2025-12-22 20:50,33.1,,33.1,28.25,67.94,28.25,0,1,0.71,61.74,33.24,0,2,1,18.52,51.72,133.725,0,0.43,0,2,64.604,39.61,61.451
2025-12-22 21:00,33.1,,33.1,28.25,68.82,28.25,0,1,0.71,64.07,33.24,0,2,1,18.52,51.72,133.727,4.374,0.43,0,2,64.6,24.923,61.323
2025-12-22 21:10,33.1,,33.1,28.25,69.51,28.25,0,1,0.71,65.23,33.24,0,2,1,18.52,51.72,133.729,122.208,0.43,0,2,64.595,6.645,61.328
2025-12-22 21:20,33.1,,33.1,28.25,67.46,28.25,0,1,0.71,65.23,33.24,0,2,1,18.52,51.72,133.73,185.041,0.43,0,2,64.59,10.353,61.41
2025-12-22 21:30,33.1,,33.1,28.25,68.82,28.25,0,1,0.71,61.74,33.24,0,2,1,18.52,51.72,133.732,216.486,0.43,0,2,64.59,24.962,61.314
2025-12-22 21:40,33.1,,33.1,28.25,66.78,28.25,0,1,0.71,64.07,33.24,0,2,1,18.52,51.72,133.732,130.041,0.43,0,2,64.59,43.173,61.294
2025-12-22 21:50,33.1,,33.1,28.25,70.19,28.25,0,1,0.71,62.9,33.24,0,2,1,18.52,51.72,133.732,55.43,0.43,0,2,64.59,61.308,61.315
2025-12-22 22:00,33.1,,33.1,28.25,66.1,28.25,0,1,0.71,64.07,33.24,0,2,1,18.52,51.72,133.731,0,0.43,0,2,64.583,35.833,61.225
2025-12-22 22:10,33.1,,33.1,28.25,64.96,28.25,0,1,0.71,60.57,33.24,0,2,1,18.52,51.72,133.73,0,0.43,0,2,64.58,25.1,61.929
2025-12-22 22:20,33.1,,33.1,28.25,64.96,28.25,0,1,0.71,62.9,33.24,0,2,1,18.52,51.72,133.729,0,0.43,0,2,64.577,14.336,61.521
2025-12-22 22:30,33.1,,33.1,28.25,63.6,28.25,0,1,0.71,60.57,33.24,0,2,1,18.52,51.72,133.728,0,0.43,0,2,64.57,14.434,61.351
2025-12-22 22:40,33.1,,33.1,28.25,64.28,28.25,0,1,0.7,65.09,33.23,0,2,1,18.52,51.72,133.729,0,0.43,0,2,64.569,21.576,61.355
2025-12-22 22:50,33.1,,33.1,28.25,66.31,28.25,0,1,0.7,61.6,33.23,0,2,1,18.52,51.72,133.731,78.986,0.43,0,2,64.561,3.387,61.287
2025-12-22 23:00,33.1,,33.1,28.24,65.63,28.24,0,1,0.7,61.6,33.23,0,2,1,18.52,51.72,133.731,106.541,0.43,0,2,64.56,25.169,61.366
2025-12-22 23:10,33.1,,33.1,28.24,72.4,28.24,0,1,0.71,58.24,33.24,0,2,1,18.52,51.72,133.731,82.93,0.43,0,2,64.56,28.913,61.752
2025-12-22 23:20,33.1,,33.1,28.24,66.99,28.24,0,1,0.71,62.9,33.24,0,2,0.99,18.52,51.71,133.73,0,0.43,0,2,64.554,36.104,61.028
2025-12-22 23:30,33.1,,33.1,28.24,68.34,28.24,0,1,0.71,62.9,33.24,0,2,0.98,18.52,51.7,133.73,0,0.43,0,2,64.55,25.24,61.108
2025-12-22 23:40,33.1,,33.1,28.24,68.34,28.24,0,1,0.71,59.41,33.24,0,2,0.99,18.52,51.71,133.729,0,0.43,0,2,64.548,17.788,61.063
2025-12-22 23:50,33.1,,33.1,28.24,71.05,28.24,0,1,0.71,59.41,33.24,0,2,1,18.52,51.72,133.73,0,0.43,0,2,64.54,10.7,61.097
2025-12-23 0:00,33.1,,33.1,28.24,65.63,28.24,0,1,0.71,58.24,33.24,0,2,0.97,18.52,51.69,133.731,51.486,0.43,0,2,64.54,25.037,60.95
2025-12-23 0:10,33.1,,33.1,28.24,72.56,28.24,0,1,0.7,60.44,33.23,0,2,0.98,18.52,51.7,133.732,118.319,0.43,0,2,64.533,7.158,61.094
2025-12-23 0:20,33.1,,33.1,28.24,66.51,28.24,0,1,0.7,59.28,33.23,0,2,0.98,18.52,51.7,133.733,134.041,0.43,0,2,64.53,25.157,61.094
2025-12-23 0:30,33.1,,33.1,28.24,62.25,28.24,0,1,0.7,55.79,33.23,0,2,0.98,18.52,51.7,133.732,47.597,0.43,0,2,64.53,25.231,61.172
2025-12-23 0:40,33.1,,33.1,28.24,60.9,28.24,0,1,0.7,59.28,33.23,0,2,0.98,18.52,51.7,133.732,0.43,0.43,0,2,64.524,28.911,61.134
2025-12-23 0:50,33.1,,33.1,28.24,63.15,28.24,0,1,0.71,61.74,33.24,0,2,0.97,18.52,51.69,133.732,0,0.43,0,2,64.519,21.81,61.122
2025-12-23 1:00,33.1,,33.1,28.24,64.96,28.24,0,1,0.71,65.23,33.24,0,2,0.97,18.52,51.69,133.732,0.43,0.43,0,2,64.512,0,61.126
2025-12-23 1:10,33.1,,33.1,28.24,66.31,28.24,0,1,0.71,65.23,33.24,0,2,0.97,18.52,51.69,133.737,192.93,0.43,0,2,64.51,11.002,60.926
2025-12-23 1:20,33.1,,33.1,28.24,70.37,28.24,0,1,0.7,61.6,33.23,0,2,0.99,18.52,51.71,133.736,153.652,0.43,0,2,64.509,25.288,60.98
2025-12-23 1:30,33.1,,33.1,28.24,66.99,28.24,0,1,0.7,61.6,33.23,0,2,0.99,18.52,51.71,133.735,122.208,0.43,0,2,64.5,19.04,63.548
2025-12-23 1:40,33.1,,33.1,28.24,69.69,28.24,0,1,0.71,62.9,33.24,0,2,0.97,18.52,51.69,133.734,0,0.43,0,2,64.497,16.534,63.909
2025-12-23 1:50,33.1,,33.1,28.24,69.02,28.24,0,1,0.71,61.74,33.24,0,2,0.98,18.52,51.7,133.735,0,0.43,0,2,64.49,0,63.87
2025-12-23 2:00,33.1,,33.1,28.24,71.72,28.24,0,1,0.71,62.9,33.24,0,2,0.99,18.52,51.71,133.737,90.819,0.43,0,2,64.49,28.242,63.448
2025-12-23 2:10,33.1,,33.1,28.24,73.08,28.24,0,1,0.71,61.74,33.24,0,2,0.98,18.52,51.7,133.739,200.819,0.43,0,2,64.482,10.451,63.536
2025-12-23 2:20,33.1,,33.1,28.24,67.85,28.24,0,1,0.71,64.07,33.24,0,2,0.97,18.52,51.69,133.739,157.652,0.43,0,2,64.48,28.116,63.699
2025-12-23 2:30,33.1,,33.1,28.24,71.21,28.24,0,1,0.71,64.07,33.24,0,2,0.99,18.52,51.71,133.739,71.152,0.43,0,2,64.478,21.195,63.85
2025-12-23 2:40,33.1,,33.1,28.24,67.85,28.24,0,1,0.71,65.23,33.24,0,2,0.99,18.52,51.71,133.74,16.152,0.43,0,2,64.47,21.36,63.863
2025-12-23 2:50,33.1,,33.1,28.24,65.84,28.24,0,1,0.71,66.39,33.24,0,2,1,18.52,51.72,133.738,0,0.43,0,2,64.469,24.939,63.772
2025-12-23 3:00,33.1,,33.1,28.24,67.66,28.24,0,1,0.71,66.39,33.24,0,2,0.98,18.52,51.7,133.737,0,0.43,0,2,64.461,3.75,63.616
2025-12-23 3:10,33.1,,33.1,28.24,68.34,28.24,0,1,0.71,64.07,33.24,0,2,0.99,18.52,51.71,133.738,0,0.43,0,2,64.46,28.406,63.496
2025-12-23 3:20,33.1,,33.1,28.24,67.66,28.24,0,1,0.71,68.72,33.24,0,2,0.99,18.52,51.71,133.739,35.763,0.43,0,2,64.454,10.796,63.609
2025-12-23 3:30,33.1,,33.1,28.24,67.18,28.24,0,1,0.7,60.44,33.23,0,2,0.98,18.52,51.7,133.741,137.93,0.43,0,2,64.45,24.914,63.636
2025-12-23 3:40,33.1,,33.1,28.24,67.66,28.24,0,1,0.7,65.09,33.23,0,2,0.97,18.52,51.69,133.743,181.152,0.43,0,2,64.443,3.826,63.4
2025-12-23 3:50,33.1,,33.1,28.25,62.93,28.25,0,1,0.7,60.44,33.23,0,2,0.97,18.52,51.69,133.742,126.208,0.43,0,2,64.44,14.365,63.394
2025-12-23 4:00,33.1,,33.1,28.25,61.57,28.25,0,1,0.71,57.08,33.24,0,2,0.97,18.52,51.69,133.743,86.874,0.43,0,2,64.44,28.386,63.533
2025-12-23 4:10,33.1,,33.1,28.24,64.96,28.24,0,1,0.71,59.41,33.24,0,2,0.97,18.52,51.69,133.742,0,0.43,0,2,64.431,21.543,63.702
2025-12-23 4:20,33.1,,33.1,28.25,71.05,28.25,0,1,0.71,65.23,33.24,0,2,0.98,18.52,51.7,133.741,0,0.43,0,2,64.43,28.711,63.898
2025-12-23 4:30,33.1,,33.1,28.24,70.37,28.24,0,1,0.71,59.41,33.24,0,2,0.98,18.52,51.7,133.74,0,0.43,0,2,64.421,0,63.753
2025-12-23 4:40,33.1,,33.1,28.25,76.46,28.25,0,1,0.71,67.56,33.24,0,2,0.97,18.52,51.69,133.741,0,0.43,0,2,64.416,11.43,63.641
2025-12-23 4:50,33.1,,33.1,28.25,71.88,28.25,0,1,0.71,62.9,33.24,0,2,0.97,18.52,51.69,133.742,35.819,0.43,0,2,64.41,0,63.718
2025-12-23 5:00,33.1,,33.1,28.25,64.28,28.25,0,1,0.71,57.08,33.24,0,2,0.99,18.52,51.71,133.743,126.208,0.43,0,2,64.41,25.422,63.742
2025-12-23 5:10,33.1,,33.1,28.25,66.31,28.25,0,1,0.71,52.42,33.24,0,2,0.99,18.52,51.71,133.746,204.819,0.43,0,2,64.408,36.024,63.945
2025-12-23 5:20,33.1,,33.1,28.25,69.02,28.25,0,1,0.71,52.42,33.24,0,2,0.99,18.52,51.71,133.747,185.152,0.43,0,2,64.407,53.258,63.421
2025-12-23 5:30,33.1,,33.1,28.25,71.05,28.25,0,1,0.71,54.75,33.24,0,2,0.99,18.52,51.71,133.747,173.374,0.43,0,2,64.4,28.946,63.639
2025-12-23 5:40,33.1,,33.1,28.25,67.66,28.25,0,1,0.71,54.75,33.24,0,2,0.99,18.52,51.71,133.746,27.93,0.43,0,2,64.392,8.147,63.714
2025-12-23 5:50,33.1,,33.1,28.25,66.31,28.25,0,1,0.71,53.58,33.24,0,2,0.99,18.52,51.71,133.745,0,0.43,0,2,64.384,0,63.018
2025-12-23 6:00,33.1,,33.1,28.25,70.37,28.25,0,1,0.71,54.75,33.24,0,2,0.99,18.52,51.71,133.744,0,0.43,0,2,64.38,0,63.282
2025-12-23 6:10,33.1,,33.1,28.25,68.34,28.25,0,1,0.71,55.91,33.24,0,2,0.99,18.52,51.71,133.744,0,0.43,0,2,64.38,21.653,62.993
2025-12-23 6:20,33.1,,33.1,28.25,66.31,28.25,0,1,0.71,53.58,33.24,0,2,0.99,18.52,51.71,133.745,0.43,0.43,0,2,64.38,49.272,63.042
2025-12-23 6:30,33.1,,33.1,28.25,71.05,28.25,0,1,0.72,56.03,33.25,0,2,0.98,18.52,51.7,133.746,59.374,0.43,0,2,64.377,52.663,62.954
2025-12-23 6:40,33.1,,33.1,28.25,81.87,28.25,0,1,0.72,56.03,33.25,0,2,0.98,18.52,51.7,133.746,75.097,0.43,0,2,64.37,28.538,62.784
2025-12-23 6:50,33.1,,33.1,28.25,79.84,28.25,0,1,0.72,50.2,33.25,0,2,0.98,18.52,51.7,133.746,23.986,0.43,0,2,64.365,11.318,62.883
2025-12-23 7:00,33.1,,33.1,28.25,79.84,28.25,0,1,0.72,53.7,33.25,0,2,0.97,18.52,51.69,133.745,0,0.43,0,2,64.356,0,62.858
2025-12-23 7:10,33.1,,33.1,28.25,67.66,28.25,0,1,0.72,58.37,33.25,0,2,0.97,18.52,51.69,133.746,0,0.43,0,2,64.35,0,62.467
2025-12-23 7:20,33.1,,33.1,28.25,68.34,28.25,0,1,0.72,60.7,33.25,0,2,0.99,18.52,51.71,133.745,0,0.43,0,2,64.347,0.858,62.249
2025-12-23 7:30,33.1,,33.1,28.25,69.69,28.25,0,1,0.72,52.53,33.25,0,2,0.99,18.52,51.71,133.746,27.93,0.43,0,2,64.341,10.911,61.685
2025-12-23 7:40,33.1,,33.1,28.25,76.32,28.25,0,1,0.72,54.86,33.25,0,2,0.99,18.52,51.71,133.748,86.93,0.43,0,2,64.34,28.053,62.724
2025-12-23 7:50,33.1,,33.1,28.25,81.77,28.25,0,1,0.72,56.03,33.25,0,2,0.98,18.52,51.7,133.748,118.319,0.43,0,2,64.337,28.253,62.683
2025-12-23 8:00,33.1,,33.1,28.25,70.87,28.25,0,1,0.72,53.7,33.25,0,2,0.98,18.52,51.7,133.749,101.888,9.969,0,2,64.33,25.223,62.597
2025-12-23 8:10,33.1,,33.1,28.26,66.1,28.26,0,1,0.72,52.53,33.25,0,2,0.98,18.52,51.7,133.745,0,156.495,0,2,64.327,18.341,62.409
2025-12-23 8:20,33.1,,33.1,28.26,63.37,28.26,0,1,0.72,53.7,33.25,0,2,0.97,18.52,51.69,133.738,0,157.285,0,2,64.32,4.766,62.459
2025-12-23 8:30,33.1,,33.1,28.26,68.82,28.26,0,1,0.72,51.36,33.25,0,2,0.97,18.52,51.69,133.735,0,153.382,0,2,64.316,14.888,62.295
2025-12-23 8:40,33.1,,33.1,28.26,68.14,28.26,0,1,0.72,47.86,33.25,0,2,0.97,18.52,51.69,133.736,0,155.612,0,2,64.31,4.761,62.362
2025-12-23 8:50,33.1,,33.1,28.26,67.46,28.26,0,1,0.72,52.53,33.25,0,2,0.97,18.52,51.69,133.733,0,155.49,0,2,64.31,28.471,62.422
2025-12-23 9:00,33.1,,33.1,28.26,72.91,28.26,0,1,0.72,50.2,33.25,0,2,0.97,18.52,51.69,133.733,57.513,156.105,0,2,64.308,35.297,62.272
2025-12-23 9:10,33.1,,33.1,28.26,66.78,28.26,0,1,0.72,51.36,33.25,0,2,0.97,18.52,51.69,133.734,83.243,150.302,0,2,64.301,31.809,61.898
2025-12-23 9:20,33.1,,33.1,28.26,66.78,28.26,0,1,0.72,52.53,33.25,0,2,0.97,18.52,51.69,133.733,144.416,150.508,0,2,64.295,11.402,61.87
2025-12-23 9:30,33.1,,33.1,28.26,69.31,28.26,0,1,0.72,56.03,33.25,0,2,0.97,18.52,51.69,133.732,106.705,148.803,0,2,64.29,1.253,61.99
2025-12-23 9:40,33.1,,33.1,28.26,67.94,28.26,0,1,0.71,54.75,33.24,0,2,0.97,18.52,51.69,133.728,0,151.34,0,2,64.281,0,61.9
2025-12-23 9:50,33.1,,33.1,28.26,69.31,28.26,0,1,0.71,60.57,33.24,0,2,0.97,18.52,51.69,133.725,0,144.348,0,2,64.28,11.538,61.869
2025-12-23 10:00,33.1,,33.1,28.26,65.88,28.26,0,1,0.72,56.03,33.25,0,2,0.97,18.52,51.69,133.724,0,139.991,0,2,64.28,28.37,62.154
2025-12-23 10:10,33.1,,33.1,28.27,67.94,28.27,0,1,0.72,57.2,33.25,0,2,0.97,18.52,51.69,133.725,0,142.213,0,2,64.303,128.926,37.757
2025-12-23 10:20,33.1,,33.1,28.26,71.37,28.26,0,1,0.72,56.03,33.25,0,2,0.97,18.52,51.69,133.723,67.348,143.674,0,2,64.31,142.286,23.947
2025-12-23 10:30,33.1,,33.1,28.26,71.37,28.26,0,1,0.72,56.03,33.25,0,2,0.98,18.52,51.7,133.723,104.399,145.144,0,2,64.317,161.867,49.732
2025-12-23 10:40,33.1,,33.1,28.27,69.31,28.27,0,1,0.72,57.2,33.25,0,2,0.98,18.52,51.7,133.724,128.533,132.113,0,2,64.31,67.964,62.382
2025-12-23 10:50,33.1,,33.1,28.27,70,28.27,0,1,0.72,57.2,33.25,0,2,0.98,18.52,51.7,133.723,137.879,148.214,0,2,64.308,51.606,62.872
2025-12-23 11:00,33.1,,33.1,28.27,70,28.27,0,1,0.72,53.7,33.25,0,2,0.98,18.52,51.7,133.722,110.345,144.874,0,2,64.312,46.943,66.411
2025-12-23 11:10,33.1,,33.1,28.27,71.37,28.27,0,1,0.72,57.2,33.25,0,2,0.98,18.52,51.7,133.724,125.37,153.69,0,2,64.322,106.483,68.167
2025-12-23 11:20,33.1,,33.1,28.27,71.37,28.27,0,1,0.72,56.03,33.25,0,2,0.98,18.52,51.7,133.723,124.137,144.514,0,2,64.336,162.515,68.135
2025-12-23 11:30,33.1,,33.1,28.27,74.11,28.27,0,1,0.72,59.53,33.25,0,2,0.98,18.52,51.7,133.722,109.308,135.888,0,2,64.345,180.317,68.151
2025-12-23 11:40,33.11,,33.11,28.27,72.74,28.27,0,1,0.72,53.7,33.25,0,2,0.98,18.52,51.7,133.72,0,138.711,0,2,64.35,163.494,68.196
2025-12-23 11:50,33.11,,33.11,28.27,71.37,28.27,0,1,0.72,56.03,33.25,0,2,0.98,18.52,51.7,133.717,0,132.548,0,2,64.35,115.917,68.07
2025-12-23 12:00,33.11,,33.11,28.27,74.8,28.27,0,1,0.72,59.53,33.25,0,2,0.98,18.52,51.7,133.715,0,117.119,0,2,64.35,84.951,67.42
2025-12-23 12:10,33.11,,33.11,28.27,72.74,28.27,0,1,0.72,59.53,33.25,0,2,0.98,18.52,51.7,133.718,16.448,11.845,0,2,64.356,88.389,68.176
2025-12-23 12:20,33.11,,33.11,28.27,74.11,28.27,0,1,0.73,59.66,33.26,0,2,0.98,18.52,51.7,133.725,373.076,0.43,0,2,64.367,126.188,68.302
2025-12-23 12:30,33.11,,33.11,28.27,74.8,28.27,0,1,0.72,58.37,33.25,0,2,0.98,18.52,51.7,133.726,440.235,0.43,0,2,64.379,167.936,68.83
2025-12-23 12:40,33.11,,33.11,28.27,75.48,28.27,0,1,0.72,58.37,33.25,0,2,0.98,18.52,51.7,133.727,338.263,0.43,0,2,64.386,171.855,68.934
2025-12-23 12:50,33.11,,33.11,28.27,74.11,28.27,0,1,0.73,53.81,33.26,0,2,0.98,18.52,51.7,133.725,0.43,0.43,0,2,64.39,148.197,68.994
2025-12-23 13:00,33.11,,33.11,28.27,76.86,28.27,0,1,0.73,50.3,33.26,0,2,0.97,18.52,51.69,133.722,0,0.43,0,2,64.39,107.025,69.147
2025-12-23 13:10,33.11,,33.11,28.27,80.97,28.27,0,1,0.73,51.47,33.26,0,2,0.97,18.52,51.69,133.721,0,0.43,0,2,64.395,100.209,69.155
2025-12-23 13:20,33.11,,33.11,28.27,74.8,28.27,0,1,0.73,56.15,33.26,0,2,0.97,18.52,51.69,133.72,0,0.43,0,2,64.4,103.672,69.049
2025-12-23 13:30,33.11,,33.11,28.27,78.92,28.27,0,1,0.73,54.98,33.26,0,2,0.97,18.52,51.69,133.72,0,0.43,0,2,64.4,103.606,68.948
2025-12-23 13:40,33.11,,33.11,28.27,71.18,28.27,0,1,0.73,57.32,33.26,0,2,0.97,18.52,51.69,133.723,75.041,0.43,0,2,64.4,86.276,68.999
2025-12-23 13:50,33.11,,33.11,28.27,67.72,28.27,0,1,0.73,56.15,33.26,0,2,0.97,18.52,51.69,133.723,133.986,0.43,0,2,64.4,68.963,68.941
2025-12-23 14:00,33.11,,33.11,28.27,71.67,28.27,0,1,0.73,53.81,33.26,0,2,0.97,18.52,51.69,133.725,165.374,0.43,0,2,64.391,37.83,68.9
2025-12-23 14:10,33.11,,33.11,28.28,68.19,28.28,0,1,0.73,54.98,33.26,0,2,0.97,18.52,51.69,133.724,75.097,0.43,0,2,64.392,40.271,65.99
2025-12-23 14:20,33.11,,33.11,28.28,70.06,28.28,0,1,0.73,54.98,33.26,0,2,0.97,18.52,51.69,133.722,0,0.43,0,2,64.39,30.924,61.567
2025-12-23 14:30,33.11,,33.11,28.28,69.36,28.28,0,1,0.73,54.98,33.26,0,2,0.97,18.52,51.69,133.72,0,0.43,0,2,64.39,60.482,64.224
2025-12-23 14:40,33.11,,33.11,28.29,80.57,28.29,0,1,0.72,70.04,33.25,0,2,0.97,18.52,51.69,133.718,0,139.971,0,2,64.39,56.416,64.125
2025-12-23 14:50,33.11,,33.11,28.29,83.95,28.29,0,1,0.73,87.74,33.26,0,2,0.98,18.52,51.7,133.717,0,143.536,0,2,64.385,46.882,64.13
2025-12-23 15:00,33.11,,33.11,28.29,78.3,28.29,0,1,0.72,91.05,33.25,0,2,0.99,18.52,51.71,133.72,163.755,148.926,0,2,64.38,29.566,64.111
2025-12-23 15:10,33.11,,33.11,28.3,79.55,28.3,0,1,0.72,84.05,33.25,0,2,0.99,18.52,51.71,133.721,269.436,138.846,0,2,64.377,19.211,64.06
2025-12-23 15:20,33.12,,33.12,28.3,80.26,28.3,0,1,0.72,71.21,33.25,0,2,0.99,18.52,51.71,133.721,291.807,151.649,0,2,64.37,12.439,64.146
2025-12-23 15:30,33.12,,33.12,28.3,78.13,28.3,0,1,0.73,63.17,33.26,0,2,1,18.52,51.72,133.722,219.419,143.762,0,2,64.37,29.729,64.148
2025-12-23 15:40,33.12,,33.12,28.3,80.09,28.3,0,1,0.73,60.83,33.26,0,2,1,18.52,51.72,133.723,240.197,142.346,0,2,64.37,40.073,64.091
2025-12-23 15:50,33.12,,33.12,28.3,86.65,28.3,0,1,0.73,62,33.26,0,2,1,18.52,51.72,133.721,165.121,150.254,0,2,64.366,50.386,64.085
2025-12-23 16:00,33.12,,33.12,28.31,100.88,28.31,0,1,0.73,66.68,33.26,0,2,1,18.52,51.72,133.72,82.188,142.463,0,2,64.36,29.761,64.108
2025-12-23 16:10,33.12,,33.12,28.3,96.65,28.3,0,1,0.73,70.19,33.26,0,2,1,18.52,51.72,133.716,0,134.645,0,2,64.36,29.636,63.716
2025-12-23 16:20,33.12,,33.12,28.3,96.65,28.3,0,1,0.73,71.36,33.26,0,2,1,18.52,51.72,133.712,0,153.459,0,2,64.361,46.797,64.067
2025-12-23 16:30,33.12,,33.12,28.3,98.09,28.3,0,1,0.73,73.7,33.26,0,2,1,18.52,51.72,133.707,0,143.26,0,2,64.371,101.734,64.085
2025-12-23 16:40,33.12,,33.12,28.31,97.39,28.31,0,1,0.73,73.7,33.26,1,3,1,18.52,51.72,133.707,0,134.582,0,2,64.38,133.655,66.646
2025-12-23 16:50,33.12,,33.12,28.3,98.09,28.3,0,1,0.73,74.87,33.26,0,3,0.99,18.52,51.71,133.706,0,146.223,0,2,64.387,155.33,66.925
2025-12-23 17:00,33.12,,33.12,28.3,98.09,28.3,0,1,0.73,77.21,33.26,0,3,0.99,18.52,51.71,133.707,126.098,144.49,0,2,64.389,128.812,66.864
2025-12-23 17:10,33.12,,33.12,28.3,101.59,28.3,1,2,0.72,80.55,33.25,0,3,0.99,18.52,51.71,133.707,148.396,130.811,0,2,64.39,101.415,66.789
2025-12-23 17:20,33.12,,33.12,28.3,101.59,28.3,0,2,0.72,87.55,33.25,0,3,0.99,18.52,51.71,133.707,159.293,143.578,0,2,64.391,80.707,66.968
2025-12-23 17:30,33.12,,33.12,28.3,102.98,28.3,0,2,0.72,84.05,33.25,1,4,0.99,18.52,51.71,133.705,57.899,146.641,0,2,64.4,104.98,67.015
2025-12-23 17:40,33.12,,33.12,28.3,100.2,28.3,0,2,0.72,77.04,33.25,0,4,0.99,18.52,51.71,133.704,10.721,142.444,0,2,64.41,136.322,67.15
2025-12-23 17:50,33.12,,33.12,28.29,99.5,28.29,1,3,0.73,78.38,33.26,0,4,0.98,18.52,51.7,133.7,0,150.099,0,2,64.418,160.804,67.248
2025-12-23 18:00,33.12,,33.12,28.29,98.82,28.29,0,3,0.72,79.38,33.25,1,5,0.98,18.52,51.7,133.699,0,140.352,0,2,64.43,171.602,67.241
2025-12-23 18:10,33.12,,33.12,28.29,99.51,28.29,0,3,0.72,79.38,33.25,0,5,0.99,18.52,51.71,133.699,0,143.249,0,2,64.433,147.394,67.194
2025-12-23 18:20,33.12,,33.12,28.29,100.2,28.29,0,3,0.72,79.38,33.25,0,5,0.99,18.52,51.71,133.699,112.457,147.938,1,3,64.44,144.034,67.166
2025-12-23 18:30,33.12,,33.12,28.29,96.05,28.29,1,4,0.72,81.71,33.25,1,6,0.99,18.52,51.71,133.7,202.223,150.649,0,3,64.443,112.748,67.383
2025-12-23 18:40,33.12,,33.12,28.29,95.36,28.29,0,4,0.72,85.22,33.25,0,6,0.99,18.52,51.71,133.7,203.679,147.616,0,3,64.449,123.364,67.375
2025-12-23 18:50,33.12,,33.12,28.29,97.44,28.29,0,4,0.72,86.38,33.25,0,6,0.99,18.52,51.71,133.699,142.969,142.476,0,3,64.459,134.054,67.404
2025-12-23 19:00,33.12,,33.12,28.29,98.13,28.29,0,4,0.72,79.38,33.25,0,6,0.99,18.52,51.71,133.699,78.22,144.733,1,4,64.469,158.815,67.498
2025-12-23 19:10,33.12,,33.12,28.28,96.76,28.28,0,4,0.72,80.55,33.25,0,6,0.98,18.52,51.7,133.697,24.335,138.961,0,4,64.477,166.026,67.343
2025-12-23 19:20,33.12,,33.12,28.28,98.13,28.28,0,4,0.72,78.21,33.25,0,6,0.99,18.52,51.71,133.695,0,141.954,0,4,64.48,141.528,67.409
2025-12-23 19:30,33.12,,33.12,28.28,93.33,28.28,0,4,0.72,75.88,33.25,1,7,0.99,18.52,51.71,133.694,0,147.113,0,4,64.488,134.658,67.555
2025-12-23 19:40,33.12,,33.12,28.28,96.76,28.28,1,5,0.72,75.88,33.25,0,7,0.98,18.52,51.7,133.695,18.027,35.846,0,4,64.492,120.695,67.62
2025-12-23 19:50,33.12,,33.12,28.28,96.07,28.28,0,5,0.72,72.37,33.25,0,7,0.98,18.52,51.7,133.696,96.463,0.43,1,5,64.5,138.558,67.667
2025-12-23 20:00,33.12,,33.12,28.28,96.76,28.28,0,5,0.72,68.87,33.25,0,7,0.98,18.52,51.7,133.697,133.958,0.43,0,5,64.51,145.888,67.71
2025-12-23 20:10,33.12,,33.12,28.28,98.82,28.28,0,5,0.72,74.71,33.25,0,7,0.98,18.52,51.7,133.698,118.152,0.43,0,5,64.519,163.796,67.511
2025-12-23 20:20,33.12,,33.12,28.28,98.81,28.28,0,5,0.72,84.05,33.25,1,8,0.99,18.52,51.71,133.699,118.152,0.43,1,6,64.522,146.165,67.772
2025-12-23 20:30,33.12,,33.12,28.28,100.17,28.28,1,6,0.72,85.22,33.25,0,8,0.99,18.52,51.71,133.699,59.263,0.43,0,6,64.53,139.177,67.747
2025-12-23 20:40,33.12,,33.12,28.28,96.76,28.28,0,6,0.72,80.55,33.25,0,8,0.99,18.52,51.71,133.697,0,0.43,0,6,64.533,117.877,67.777
2025-12-23 20:50,33.12,,33.12,28.28,95.4,28.28,0,6,0.72,80.55,33.25,0,8,0.99,18.52,51.71,133.697,0,0.43,0,6,64.54,132.195,67.56
2025-12-23 21:00,33.12,,33.12,28.27,94.72,28.27,0,6,0.72,80.55,33.25,0,8,1,18.52,51.72,133.697,0,0.43,1,7,64.54,103.562,67.683
2025-12-23 21:10,33.12,,33.12,28.27,97.44,28.27,0,6,0.72,80.55,33.25,0,8,0.99,18.52,51.71,133.698,23.986,0.43,0,7,64.54,92.742,67.651
2025-12-23 21:20,33.12,,33.12,28.27,96.76,28.27,0,6,0.73,76.04,33.26,0,8,0.99,18.52,51.71,133.7,106.374,0.43,0,7,64.536,53.371,67.779
2025-12-23 21:30,33.12,,33.12,28.27,97.44,28.27,1,7,0.73,76.04,33.26,1,9,1,18.52,51.72,133.701,157.43,0.43,0,7,64.53,31.77,67.547
2025-12-23 21:40,33.12,,33.12,28.27,93.35,28.27,0,7,0.73,78.38,33.26,0,9,0.99,18.52,51.71,133.702,177.097,0.43,0,7,64.53,31.753,67.6
2025-12-23 21:50,33.12,,33.12,28.27,96.08,28.27,0,7,0.73,77.21,33.26,0,9,1,18.52,51.72,133.704,141.763,0.43,1,8,64.53,46.045,67.655
2025-12-23 22:00,33.12,,33.12,28.27,94.73,28.27,0,7,0.73,78.38,33.26,0,9,1,18.52,51.72,133.703,59.319,0.43,0,8,64.53,67.59,67.516
2025-12-23 22:10,33.12,,33.12,28.27,94.73,28.27,0,7,0.73,78.38,33.26,0,9,1,18.52,51.72,133.702,0,0.43,0,8,64.53,67.749,68.077
2025-12-23 22:20,33.12,,33.12,28.27,94.73,28.27,0,7,0.73,77.21,33.26,0,9,1,18.52,51.72,133.701,0,0.43,0,8,64.52,32.022,67.807
2025-12-23 22:30,33.12,,33.12,28.27,96.08,28.27,0,7,0.73,76.04,33.26,0,9,1.01,18.52,51.73,133.7,0,0.43,0,8,64.52,32.028,67.532
2025-12-23 22:40,33.12,,33.12,28.27,97.43,28.27,0,7,0.73,79.55,33.26,0,9,1.01,18.52,51.73,133.699,0,0.43,1,9,64.515,13.982,67.439
2025-12-23 22:50,33.12,,33.12,28.27,92.7,28.27,1,8,0.73,78.38,33.26,0,9,1.01,18.52,51.73,133.701,8.263,0.43,0,9,64.51,31.684,67.248
2025-12-23 23:00,33.12,,33.12,28.27,93.37,28.27,0,8,0.73,81.89,33.26,0,9,1.01,18.52,51.73,133.702,59.319,0.43,0,9,64.51,31.651,67.431
2025-12-23 23:10,33.12,,33.12,28.27,93.37,28.27,0,8,0.73,78.38,33.26,0,9,1.01,18.52,51.73,133.703,153.541,0.43,0,9,64.51,49.45,67.336
2025-12-23 23:20,33.12,,33.12,28.27,96.08,28.27,0,8,0.73,81.89,33.26,0,9,1.01,18.52,51.73,133.703,98.597,0.43,0,9,64.504,46.066,67.43
2025-12-23 23:30,33.12,,33.12,28.27,94.73,28.27,0,8,0.73,73.7,33.26,0,9,1.01,18.52,51.73,133.704,63.208,0.43,0,9,64.5,31.619,66.925
2025-12-23 23:40,33.12,,33.12,28.27,93.37,28.27,0,8,0.73,74.87,33.26,0,9,1.01,18.52,51.73,133.704,59.319,0.43,0,9,64.494,10.317,67.263
2025-12-23 23:50,33.12,,33.12,28.27,94.05,28.27,0,8,0.72,79.38,33.25,0,9,1.01,18.52,51.73,133.704,27.874,0.43,0,9,64.49,17.303,67.054
2025-12-24 0:00,33.12,,33.12,28.27,96.76,28.27,0,8,0.73,76.04,33.26,0,9,1.01,18.52,51.73,133.703,0,0.43,0,9,64.49,31.622,67.047
2025-12-24 0:10,33.12,,33.12,28.27,93.37,28.27,0,8,0.73,76.04,33.26,0,9,1.01,18.52,51.73,133.703,0,0.43,1,10,64.483,28.051,67.22
2025-12-24 0:20,33.12,,33.12,28.27,94.05,28.27,0,8,0.73,77.21,33.26,0,9,1.01,18.52,51.73,133.703,0,0.43,0,10,64.48,31.709,67.194
2025-12-24 0:30,33.12,,33.12,28.27,94.05,28.27,0,8,0.73,73.7,33.26,0,9,1.01,18.52,51.73,133.709,220.263,0.43,0,10,64.479,28.205,67.203
2025-12-24 0:40,33.12,,33.12,28.27,94.05,28.27,0,8,0.73,64.34,33.26,0,9,1.02,18.52,51.74,133.709,247.763,0.43,0,10,64.473,31.81,67.033
2025-12-24 0:50,33.12,,33.12,28.27,96.76,28.27,0,8,0.73,60.83,33.26,0,9,1.02,18.52,51.74,133.708,169.263,0.43,1,11,64.469,28.258,67.203
2025-12-24 1:00,33.12,,33.12,28.27,93.37,28.27,0,8,0.73,64.34,33.26,0,9,1.02,18.52,51.74,133.707,0,0.43,0,11,64.461,3.558,66.937
2025-12-24 1:10,33.12,,33.12,28.27,92.7,28.27,0,8,0.73,72.53,33.26,0,9,1.02,18.52,51.74,133.706,0,0.43,0,11,64.46,21.123,66.729
2025-12-24 1:20,33.12,,33.12,28.27,92.02,28.27,0,8,0.73,76.04,33.26,0,9,1.02,18.52,51.74,133.706,0,0.43,0,11,64.459,31.491,66.473
2025-12-24 1:30,33.12,,33.12,28.27,93.37,28.27,0,8,0.73,71.36,33.26,0,9,1.02,18.52,51.74,133.705,0,0.43,0,11,64.453,38.158,65.771
2025-12-24 1:40,33.12,,33.12,28.27,94.05,28.27,0,8,0.73,69.02,33.26,0,9,1.02,18.52,51.74,133.705,0,0.43,0,11,64.45,31.127,66.636
2025-12-24 1:50,33.12,,33.12,28.27,94.73,28.27,0,8,0.73,64.34,33.26,0,9,1.02,18.52,51.74,133.705,0,0.43,0,11,64.447,24.275,66.918
2025-12-24 2:00,33.12,,33.12,28.27,94.73,28.27,0,8,0.73,65.51,33.26,0,9,1.02,18.52,51.74,133.705,0.43,0.43,0,11,64.44,21.27,66.924
2025-12-24 2:10,33.12,,33.12,28.27,92.02,28.27,0,8,0.73,60.83,33.26,0,9,1.02,18.52,51.74,133.706,51.486,0.43,0,11,64.437,21.344,66.857
2025-12-24 2:20,33.12,,33.12,28.27,92.7,28.27,0,8,0.73,63.17,33.26,0,9,1.02,18.52,51.74,133.708,126.041,0.43,0,11,64.43,7.326,66.697
2025-12-24 2:30,33.12,,33.12,28.27,93.37,28.27,0,8,0.73,64.34,33.26,0,9,1.02,18.52,51.74,133.709,165.374,0.43,1,12,64.43,31.712,66.581
2025-12-24 2:40,33.12,,33.12,28.27,91.34,28.27,0,8,0.73,63.17,33.26,0,9,1.02,18.52,51.74,133.71,153.541,0.43,0,12,64.421,10.794,66.77
2025-12-24 2:50,33.12,,33.12,28.27,92.7,28.27,0,8,0.74,65.65,33.27,0,9,1.02,18.52,51.74,133.711,98.597,0.43,0,12,64.42,31.834,66.818
2025-12-24 3:00,33.12,,33.12,28.27,94.73,28.27,0,8,0.73,60.83,33.26,0,9,1.02,18.52,51.74,133.71,47.541,0.43,0,12,64.417,21.443,66.742
2025-12-24 3:10,33.12,,33.12,28.28,93.37,28.28,0,8,0.74,62.13,33.27,0,9,1.02,18.52,51.74,133.71,8.319,0.43,0,12,64.41,28.626,67.153
2025-12-24 3:20,33.12,,33.12,28.28,92.7,28.28,0,8,0.74,62.13,33.27,0,9,1.02,18.52,51.74,133.71,0,0.43,0,12,64.408,25.186,66.829
2025-12-24 3:30,33.12,,33.12,28.28,94.73,28.28,0,8,0.73,65.51,33.26,0,9,1.02,18.52,51.74,133.709,0,0.43,0,12,64.4,7.828,66.669
2025-12-24 3:40,33.12,,33.12,28.28,93.37,28.28,0,8,0.74,65.65,33.27,0,9,1.02,18.52,51.74,133.709,0,0.43,0,12,64.393,7.742,66.563
2025-12-24 3:50,33.12,,33.12,28.28,92.7,28.28,0,8,0.74,68,33.27,0,9,1.02,18.52,51.74,133.709,0,0.43,0,12,64.39,4.354,66.831
2025-12-24 4:00,33.12,,33.12,28.28,88.64,28.28,0,8,0.74,68,33.27,0,9,1.02,18.52,51.74,133.711,75.041,0.43,0,12,64.39,32.077,66.505
2025-12-24 4:10,33.12,,33.12,28.28,90.67,28.28,0,8,0.74,71.51,33.27,0,9,1.03,18.52,51.75,133.713,145.708,0.43,0,12,64.382,28.797,66.889
2025-12-24 4:20,33.12,,33.12,28.28,92.02,28.28,0,8,0.74,57.45,33.27,0,9,1.03,18.52,51.75,133.712,102.541,0.43,0,12,64.38,32.146,66.71
2025-12-24 4:30,33.12,,33.12,28.28,90.67,28.28,0,8,0.74,65.65,33.27,0,9,1.03,18.52,51.75,133.711,0.43,0.43,0,12,64.374,11.607,66.722
2025-12-24 4:40,33.12,,33.12,28.28,92.02,28.28,0,8,0.73,60.83,33.26,0,9,1.03,18.52,51.75,133.71,0,0.43,0,12,64.37,25.392,66.743
2025-12-24 4:50,33.12,,33.12,28.28,92.02,28.28,0,8,0.73,60.83,33.26,0,9,1.03,18.52,51.75,133.71,0,0.43,0,12,64.365,15.158,66.677
2025-12-24 5:00,33.12,,33.12,28.28,92.02,28.28,0,8,0.74,66.82,33.27,0,9,1.03,18.52,51.75,133.711,0.43,0.43,0,12,64.36,18.509,66.44
2025-12-24 5:10,33.12,,33.12,28.28,91.34,28.28,0,8,0.74,62.13,33.27,0,9,1.03,18.52,51.75,133.711,35.763,0.43,0,12,64.356,18.465,66.446
2025-12-24 5:20,33.12,,33.12,28.28,91.34,28.28,0,8,0.74,68,33.27,0,9,1.03,18.52,51.75,133.712,90.708,0.43,0,12,64.35,15.131,66.674
2025-12-24 5:30,33.12,,33.12,28.28,93.35,28.28,0,8,0.74,63.31,33.27,0,9,1.03,18.52,51.75,133.714,122.208,0.43,0,12,64.35,32.303,66.457
2025-12-24 5:40,33.12,,33.12,28.28,95.4,28.28,0,8,0.74,69.17,33.27,0,9,1.03,18.52,51.75,133.715,173.208,0.43,0,12,64.341,15.287,66.397
2025-12-24 5:50,33.12,,33.12,28.28,92.67,28.28,0,8,0.74,71.51,33.27,0,9,1.03,18.52,51.75,133.716,165.374,0.43,0,12,64.338,25.465,66.375
2025-12-24 6:00,33.12,,33.12,28.28,91.31,28.28,0,8,0.74,73.86,33.27,0,9,1.03,18.52,51.75,133.716,86.819,0.43,0,12,64.33,0,66.479
2025-12-24 6:10,33.12,,33.12,28.28,93.35,28.28,0,8,0.74,72.69,33.27,0,9,1.03,18.52,51.75,133.716,31.874,0.43,0,12,64.33,29.043,66.607
2025-12-24 6:20,33.12,,33.12,28.28,91.31,28.28,0,8,0.74,71.51,33.27,0,9,1.03,18.52,51.75,133.716,0,0.43,0,12,64.322,12.184,66.633
2025-12-24 6:30,33.12,,33.12,28.28,89.95,28.28,0,8,0.74,71.51,33.27,0,9,1.03,18.52,51.75,133.716,0,0.43,0,12,64.32,32.741,66.815
2025-12-24 6:40,33.12,,33.12,28.28,95.4,28.28,0,8,0.74,71.51,33.27,0,9,1.04,18.52,51.76,133.716,0,0.43,0,12,64.314,12.455,66.751
2025-12-24 6:50,33.12,,33.12,28.28,92.67,28.28,0,8,0.74,69.17,33.27,0,9,1.04,18.52,51.76,133.717,47.597,0.43,0,12,64.31,26.097,66.725
2025-12-24 7:00,33.12,,33.12,28.28,93.35,28.28,0,8,0.74,68,33.27,0,9,1.05,18.52,51.77,133.717,55.43,0.43,0,12,64.308,26.178,66.892
2025-12-24 7:10,33.12,,33.12,28.28,95.4,28.28,0,8,0.74,69.17,33.27,0,9,1.06,18.52,51.78,133.717,39.708,0.43,0,12,64.3,19.308,66.142
2025-12-24 7:20,33.12,,33.12,28.28,93.35,28.28,0,8,0.74,70.34,33.27,0,9,1.06,18.52,51.78,133.716,0,0.43,0,12,64.3,32.398,65.326
2025-12-24 7:30,33.12,,33.12,28.28,91.99,28.28,0,8,0.74,66.82,33.27,0,9,1.06,18.52,51.78,133.715,0,0.43,0,12,64.291,8.201,65.134
2025-12-24 7:40,33.12,,33.12,28.28,92.67,28.28,0,8,0.74,64.48,33.27,0,9,1.07,18.52,51.79,133.714,0,0.43,0,12,64.289,28.427,65.987
2025-12-24 7:50,33.12,,33.12,28.28,92.67,28.28,0,8,0.74,63.31,33.27,0,9,1.07,18.52,51.79,133.714,0,0.43,0,12,64.282,5.2,66.144
2025-12-24 8:00,33.12,,33.12,28.28,94.72,28.28,0,8,0.74,64.48,33.27,0,9,1.08,18.52,51.8,133.714,0,8.722,0,12,64.28,29.205,66.317
2025-12-24 8:10,33.12,,33.12,28.28,93.35,28.28,0,8,0.74,68,33.27,0,9,1.09,18.52,51.81,133.712,0,162.398,0,12,64.272,9.247,66.28
2025-12-24 8:20,33.12,,33.12,28.28,91.31,28.28,0,8,0.74,66.82,33.27,0,9,1.09,18.52,51.81,133.712,28.579,161.951,0,12,64.27,26.08,66.143
2025-12-24 8:30,33.12,,33.12,28.28,89.27,28.28,0,8,0.74,65.65,33.27,0,9,1.1,18.52,51.82,133.713,93.828,157.301,0,12,64.264,12.559,65.755
2025-12-24 8:40,33.12,,33.12,28.28,89.95,28.28,0,8,0.74,65.65,33.27,0,9,1.1,18.52,51.82,133.712,170.401,156.617,0,12,64.26,25.932,66.065
2025-12-24 8:50,33.12,,33.12,28.29,90.58,28.29,0,8,0.74,63.31,33.27,0,9,1.1,18.52,51.82,133.711,110.21,158.21,0,12,64.256,19.207,65.968
2025-12-24 9:00,33.12,,33.12,28.29,90.58,28.29,0,8,0.74,63.31,33.27,0,9,1.11,18.52,51.83,133.712,122.066,157.372,0,12,64.25,19.295,65.686
2025-12-24 9:10,33.12,,33.12,28.29,90.58,28.29,0,8,0.74,65.65,33.27,0,9,1.12,18.52,51.84,133.712,145.214,155.393,0,12,64.25,32.502,65.687
2025-12-24 9:20,33.12,,33.12,28.29,91.27,28.29,0,8,0.74,66.82,33.27,0,9,1.12,18.52,51.84,133.71,128.667,155.57,0,12,64.243,22.368,65.399
2025-12-24 9:30,33.12,,33.12,28.29,94.01,28.29,0,8,0.74,66.82,33.27,0,9,1.13,18.52,51.85,133.709,39.011,159.571,0,12,64.24,32.219,65.237
2025-12-24 9:40,33.12,,33.12,28.29,91.27,28.29,0,8,0.74,70.34,33.27,0,9,1.14,18.52,51.86,133.708,0,158.513,0,12,64.235,15.474,65.12
2025-12-24 9:50,33.12,,33.12,28.29,91.95,28.29,0,8,0.74,72.69,33.27,0,9,1.15,18.52,51.87,133.706,5.11,156.746,0,12,64.23,22.176,65.171
2025-12-24 10:00,33.12,,33.12,28.29,90.58,28.29,0,8,0.74,69.17,33.27,0,9,1.15,18.52,51.87,133.705,12.816,159.022,0,12,64.227,22.147,65.149
2025-12-24 10:10,33.12,,33.12,28.29,93.33,28.29,0,8,0.74,68,33.27,0,9,1.15,18.52,51.87,133.704,19.821,155.86,0,12,64.227,38.734,65.214
2025-12-24 10:20,33.12,,33.12,28.29,89.14,28.29,0,8,0.74,73.86,33.27,0,9,1.16,18.52,51.88,133.703,52.05,159.268,0,12,64.24,98.283,65.32
2025-12-24 10:30,33.12,,33.12,28.29,90.52,28.29,0,8,0.74,69.17,33.27,0,9,1.16,18.52,51.88,133.702,50.357,153.944,0,12,64.255,158.145,65.4
2025-12-24 10:40,33.12,,33.12,28.3,89.14,28.3,0,8,0.74,70.34,33.27,0,9,1.17,18.52,51.89,133.701,46.585,156.377,0,12,64.262,181.555,65.444
2025-12-24 10:50,33.12,,33.12,28.29,91.91,28.29,0,8,0.74,69.17,33.27,0,9,1.18,18.52,51.9,133.699,0,154.574,0,12,64.268,158.667,65.49
2025-12-24 11:00,33.12,,33.12,28.3,93.98,28.3,0,8,0.74,72.69,33.27,0,9,1.18,18.52,51.9,133.698,0,150.129,0,12,64.269,112.129,65.285
2025-12-24 11:10,33.12,,33.12,28.3,91.91,28.3,0,8,0.74,75.03,33.27,0,9,1.19,18.52,51.91,133.697,0,150.402,0,12,64.271,95.446,65.395
2025-12-24 11:20,33.12,,33.12,28.3,91.22,28.3,0,8,0.74,77.38,33.27,0,9,1.2,18.52,51.92,133.696,37.938,142.951,0,12,64.28,105.451,65.34
2025-12-24 11:30,33.12,,33.12,28.3,93.98,28.3,0,8,0.74,77.38,33.27,0,9,1.2,18.52,51.92,133.696,66.112,152.315,0,12,64.291,139.165,65.592
2025-12-24 11:40,33.12,,33.12,28.3,91.91,28.3,0,8,0.74,84.41,33.27,0,9,1.2,18.52,51.92,133.694,22.283,148.417,0,12,64.302,169.616,65.583
2025-12-24 11:50,33.12,,33.12,28.3,91.22,28.3,0,8,0.74,85.58,33.27,0,9,1.21,18.52,51.93,133.693,30.787,144.964,0,12,64.309,163.295,65.876
2025-12-24 12:00,33.12,,33.12,28.3,91.22,28.3,0,8,0.74,91.44,33.27,0,9,1.21,18.52,51.93,133.692,0,125.984,0,12,64.319,160.167,65.376
2025-12-24 12:10,33.12,,33.12,28.3,94.67,28.3,0,8,0.74,89.1,33.27,0,9,1.22,18.52,51.94,133.695,121.848,0.43,0,12,64.321,130.146,66.354
2025-12-24 12:20,33.12,,33.12,28.3,92.6,28.3,0,8,0.74,90.27,33.27,0,9,1.23,18.52,51.95,133.696,140.448,0.43,0,12,64.329,133.925,66.545
2025-12-24 12:30,33.12,,33.12,28.3,95.36,28.3,0,8,0.74,96.13,33.27,0,9,1.23,18.52,51.95,133.695,106.374,0.43,0,12,64.336,124.238,66.65
2025-12-24 12:40,33.12,,33.12,28.3,96.05,28.3,0,8,0.74,99.65,33.27,0,9,1.24,18.52,51.96,133.695,0,0.43,0,12,64.344,144.85,66.688
2025-12-24 12:50,33.12,,33.12,28.3,96.05,28.3,0,8,0.74,99.65,33.27,0,9,1.23,18.52,51.95,133.694,0,0.43,0,12,64.352,145.112,66.832
2025-12-24 13:00,33.12,,33.12,28.3,96.74,28.3,0,8,0.73,98.27,33.26,0,9,1.22,18.52,51.94,133.693,0,0.43,0,12,64.36,148.8,66.879
2025-12-24 13:10,33.12,,33.12,28.3,93.98,28.3,0,8,0.74,93.79,33.27,0,9,1.21,18.52,51.93,133.691,0,0.43,0,12,64.366,142.283,67.137
2025-12-24 13:20,33.12,,33.12,28.3,94.63,28.3,0,8,0.74,91.44,33.27,0,9,1.2,18.52,51.92,133.693,0,0.43,0,12,64.37,128.693,66.896
2025-12-24 13:30,33.12,,33.12,28.3,95.33,28.3,0,8,0.74,94.96,33.27,0,9,1.2,18.52,51.92,133.693,31.819,0.43,0,12,64.37,101.321,66.929
2025-12-24 13:40,33.12,,33.12,28.3,95.33,28.3,0,8,0.74,93.79,33.27,0,9,1.18,18.52,51.9,133.694,90.708,0.43,0,12,64.369,77.195,66.927
2025-12-24 13:50,33.12,,33.12,28.3,95.33,28.3,0,8,0.73,85.4,33.26,0,9,1.16,18.52,51.88,133.694,39.652,0.43,0,12,64.37,66.897,66.835
2025-12-24 14:00,33.12,,33.12,28.3,96.03,28.3,0,8,0.73,84.23,33.26,0,9,1.15,18.52,51.87,133.694,27.93,0.43,0,12,64.366,53.161,66.887
2025-12-24 14:10,33.12,,33.12,28.3,93.24,28.3,0,8,0.74,84.41,33.27,0,9,1.15,18.52,51.87,133.693,0,17.663,0,12,64.362,42.848,66.822
2025-12-24 14:20,33.12,,33.12,28.3,96.72,28.3,0,8,0.75,90.46,33.28,0,9,1.14,18.52,51.86,133.691,0,132.893,0,12,64.361,35.88,66.598
2025-12-24 14:30,33.12,,33.12,28.3,96.72,28.3,0,8,0.74,92.62,33.27,0,9,1.12,18.52,51.84,133.69,0,141.87,0,12,64.36,46.102,66.721
2025-12-24 14:40,33.12,,33.12,28.3,95.33,28.3,0,8,0.74,92.62,33.27,0,9,1.11,18.52,51.83,133.69,0,143.312,0,12,64.357,49.528,66.765
2025-12-24 14:50,33.12,,33.12,28.3,93.94,28.3,0,8,0.73,86.57,33.26,0,9,1.1,18.52,51.82,133.689,61.423,158.087,0,12,64.35,29.141,66.938
2025-12-24 15:00,33.12,,33.12,28.3,93.24,28.3,0,8,0.73,81.89,33.26,0,9,1.1,18.52,51.82,133.689,131.176,150.963,0,12,64.35,32.623,66.832
2025-12-24 15:10,33.12,,33.12,28.3,93.24,28.3,0,8,0.74,83.24,33.27,0,9,1.1,18.52,51.82,133.69,153.766,140.415,0,12,64.349,39.383,66.546
2025-12-24 15:20,33.12,,33.12,28.3,96.03,28.3,0,8,0.74,79.72,33.27,0,9,1.12,18.52,51.84,133.691,243.898,157.65,0,12,64.342,39.36,66.703
2025-12-24 15:30,33.12,,33.12,28.3,96.03,28.3,0,8,0.74,91.44,33.27,0,9,1.1,18.52,51.82,133.69,200.079,161.005,0,12,64.34,32.514,66.794
2025-12-24 15:40,33.12,,33.12,28.3,93.24,28.3,0,8,0.74,84.41,33.27,0,9,1.09,18.52,51.81,133.691,208.636,154.254,0,12,64.34,35.98,66.61
2025-12-24 15:50,33.12,,33.12,28.3,96.03,28.3,0,8,0.73,77.21,33.26,0,9,1.08,18.52,51.8,133.69,118.416,157.824,0,12,64.34,59.836,66.605
2025-12-24 16:00,33.12,,33.12,28.3,96.03,28.3,0,8,0.74,78.55,33.27,0,9,1.08,18.52,51.8,133.687,27.421,158.684,0,12,64.34,66.656,66.754
2025-12-24 16:10,33.12,,33.12,28.3,95.33,28.3,0,8,0.74,76.2,33.27,0,9,1.07,18.52,51.79,133.686,0,153.76,0,12,64.35,100.639,66.058
2025-12-24 16:20,33.12,,33.12,28.3,94.63,28.3,0,8,0.74,82.06,33.27,0,9,1.07,18.52,51.79,133.685,0,152.403,0,12,64.357,124.461,66.237
2025-12-24 16:30,33.12,,33.12,28.3,92.55,28.3,0,8,0.74,82.06,33.27,0,9,1.08,18.52,51.8,133.683,0,151.826,0,12,64.361,138.081,66.448
2025-12-24 16:40,33.12,,33.12,28.3,91.85,28.3,0,8,0.74,80.89,33.27,0,9,1.07,18.52,51.79,133.681,0,141.419,0,12,64.37,134.84,66.169
2025-12-24 16:50,33.12,,33.12,28.3,93.94,28.3,0,8,0.74,82.06,33.27,0,9,1.06,18.52,51.78,133.682,27.19,153.324,0,12,64.37,110.958,66.422
2025-12-24 17:00,33.12,,33.12,28.3,91.85,28.3,0,8,0.74,82.06,33.27,0,9,1.06,18.52,51.78,133.681,69.359,148.833,0,12,64.379,128.158,66.382
2025-12-24 17:10,33.12,,33.12,28.3,93.94,28.3,0,8,0.74,80.89,33.27,0,9,1.06,18.52,51.78,133.681,114.861,136.593,0,12,64.386,121.445,66.199
2025-12-24 17:20,33.12,,33.12,28.3,96.03,28.3,0,8,0.75,79.89,33.28,0,9,1.06,18.52,51.78,133.679,53.246,144.979,0,12,64.39,135.312,66.521
2025-12-24 17:30,33.12,,33.12,28.3,93.24,28.3,0,8,0.74,82.06,33.27,0,9,1.06,18.52,51.78,133.677,6.353,137.655,0,12,64.404,152.906,66.666
2025-12-24 17:40,33.12,,33.12,28.3,97.42,28.3,0,8,0.75,83.42,33.28,0,9,1.06,18.52,51.78,133.674,0,156.521,0,12,64.41,149.744,66.712
2025-12-24 17:50,33.12,,33.12,28.3,94.63,28.3,0,8,0.75,82.24,33.28,0,9,1.06,18.52,51.78,133.674,0,160.991,0,12,64.417,160.347,66.83
2025-12-24 18:00,33.13,,33.13,28.3,93.24,28.3,0,8,0.75,84.59,33.28,0,9,1.06,18.52,51.78,133.672,0,156.876,0,12,64.421,125.885,66.779
2025-12-24 18:10,33.13,,33.13,28.3,97.42,28.3,0,8,0.75,82.24,33.28,0,9,1.06,18.52,51.78,133.673,79.396,143.988,0,12,64.43,136.396,66.579
2025-12-24 18:20,33.13,,33.13,28.3,96.03,28.3,0,8,0.75,83.42,33.28,0,9,1.06,18.52,51.78,133.673,97.133,155.202,0,12,64.436,133.068,66.847
2025-12-24 18:30,33.13,,33.13,28.3,97.42,28.3,0,8,0.75,79.89,33.28,0,9,1.06,18.52,51.78,133.673,181.294,138.69,0,12,64.446,154.15,66.858
2025-12-24 18:40,33.13,,33.13,28.3,97.42,28.3,0,8,0.75,82.24,33.28,0,9,1.06,18.52,51.78,133.673,171.459,149.818,0,12,64.452,143.979,67.066
2025-12-24 18:50,33.13,,33.13,28.3,97.42,28.3,0,8,0.75,79.89,33.28,0,9,1.06,18.52,51.78,133.673,156.246,109.729,0,12,64.46,151.129,66.797
2025-12-24 19:00,33.13,,33.13,28.3,96.72,28.3,0,8,0.75,84.59,33.28,0,9,1.06,18.52,51.78,133.674,125.881,0.43,0,12,64.466,137.239,66.853
2025-12-24 19:10,33.13,,33.13,28.3,95.33,28.3,0,8,0.75,85.76,33.28,0,9,1.05,18.52,51.77,133.675,107.474,0.43,0,12,64.472,137.403,67.227
2025-12-24 19:20,33.13,,33.13,28.31,95.33,28.31,0,8,0.75,83.42,33.28,0,9,1.05,18.52,51.77,133.672,0,0.43,0,12,64.48,137.564,66.946
2025-12-24 19:30,33.13,,33.13,28.31,97.42,28.31,0,8,0.75,86.94,33.28,0,9,1.05,18.52,51.77,133.671,0,0.43,0,12,64.49,151.959,67.037
2025-12-24 19:40,33.13,,33.13,28.31,96.03,28.31,0,8,0.75,88.11,33.28,0,9,1.05,18.52,51.77,133.671,0,0.43,0,12,64.497,155.365,66.447
2025-12-24 19:50,33.13,,33.13,28.31,96.03,28.31,0,8,0.75,86.94,33.28,0,9,1.05,18.52,51.77,133.67,0,0.43,0,12,64.501,141.319,66.973
2025-12-24 20:00,33.13,,33.13,28.31,96.72,28.31,0,8,0.75,84.59,33.28,0,9,1.05,18.52,51.77,133.67,0,0.43,0,12,64.51,137.923,67.016
2025-12-24 20:10,33.13,,33.13,28.31,93.24,28.31,0,8,0.75,84.59,33.28,0,9,1.05,18.52,51.77,133.671,0,0.43,0,12,64.51,113.296,67.065
2025-12-24 20:20,33.13,,33.13,28.31,98.11,28.31,0,8,0.75,85.76,33.28,0,9,1.05,18.52,51.77,133.671,39.652,0.43,0,12,64.509,95.51,66.95
2025-12-24 20:30,33.13,,33.13,28.31,97.42,28.31,0,8,0.75,85.76,33.28,0,9,1.04,18.52,51.76,133.671,63.208,0.43,0,12,64.504,45.658,66.96
2025-12-24 20:40,33.13,,33.13,28.31,95.33,28.31,0,8,0.75,89.29,33.28,0,9,1.04,18.52,51.76,133.672,31.819,0.43,0,12,64.5,31.357,66.995
2025-12-24 20:50,33.13,,33.13,28.31,91.85,28.31,0,8,0.75,88.11,33.28,0,9,1.04,18.52,51.76,133.671,0,0.43,0,12,64.5,34.996,67.201
2025-12-24 21:00,33.13,,33.13,28.31,91.85,28.31,0,8,0.75,88.11,33.28,0,9,1.04,18.52,51.76,133.67,0,0.43,0,12,64.5,52.909,67.363
2025-12-24 21:10,33.13,,33.13,28.31,95.33,28.31,0,8,0.75,86.94,33.28,0,9,1.04,18.52,51.76,133.67,0,0.43,0,12,64.5,66.809,65.863
2025-12-24 21:20,33.13,,33.13,28.31,93.24,28.31,0,8,0.75,88.11,33.28,0,9,1.04,18.52,51.76,133.67,0,0.43,0,12,64.5,65.055,61.938
2025-12-24 21:30,33.13,,33.13,28.31,96.03,28.31,0,8,0.75,82.24,33.28,0,9,1.04,18.52,51.76,133.67,23.986,0.43,0,12,64.5,63.267,62.001
2025-12-24 21:40,33.13,,33.13,28.31,95.33,28.31,0,8,0.75,82.24,33.28,0,9,1.04,18.52,51.76,133.672,106.319,0.43,0,12,64.491,30.025,61.969
2025-12-24 21:50,33.13,,33.13,28.31,93.94,28.31,0,8,0.75,85.76,33.28,0,9,1.04,18.52,51.76,133.673,145.541,0.43,0,12,64.49,26.495,62.015
2025-12-24 22:00,33.13,,33.13,28.31,96.03,28.31,0,8,0.75,86.94,33.28,0,9,1.03,18.52,51.75,133.673,118.097,0.43,0,12,64.487,15.815,61.961
2025-12-24 22:10,33.13,,33.13,28.31,95.33,28.31,0,8,0.75,86.94,33.28,0,9,1.03,18.52,51.75,133.674,51.43,0.43,0,12,64.48,23.205,62.64
2025-12-24 22:20,33.13,,33.13,28.31,93.94,28.31,0,8,0.75,85.76,33.28,0,9,1.03,18.52,51.75,133.673,0,0.43,0,12,64.48,26.788,62.096
2025-12-24 22:30,33.13,,33.13,28.31,96.72,28.31,0,8,0.75,78.72,33.28,0,9,1.03,18.52,51.75,133.673,0,0.43,0,12,64.48,37.451,61.949
2025-12-24 22:40,33.13,,33.13,28.31,94.63,28.31,0,8,0.75,82.24,33.28,0,9,1.03,18.52,51.75,133.673,0,0.43,0,12,64.476,47.894,61.97
2025-12-24 22:50,33.13,,33.13,28.31,95.33,28.31,0,8,0.75,79.89,33.28,0,9,1.03,18.52,51.75,133.673,0.43,0.43,0,12,64.47,26.563,61.769
2025-12-24 23:00,33.13,,33.13,28.31,92.55,28.31,0,8,0.75,78.72,33.28,0,9,1.03,18.52,51.75,133.674,23.93,0.43,0,12,64.466,12.382,61.74
2025-12-24 23:10,33.13,,33.13,28.31,93.94,28.31,0,8,0.75,79.89,33.28,0,9,1.03,18.52,51.75,133.675,74.93,0.43,0,12,64.46,5.378,61.959
2025-12-24 23:20,33.13,,33.13,28.31,93.24,28.31,0,8,0.75,79.89,33.28,0,9,1.02,18.52,51.74,133.674,59.263,0.43,0,12,64.46,26.578,61.702
2025-12-24 23:30,33.13,,33.13,28.31,92.55,28.31,0,8,0.75,75.19,33.28,0,9,1.02,18.52,51.74,133.674,16.152,0.43,0,12,64.459,37.154,61.802
2025-12-24 23:40,33.13,,33.13,28.31,92.55,28.31,0,8,0.75,71.67,33.28,0,9,1.02,18.52,51.74,133.674,0,0.43,0,12,64.455,44.102,61.635
2025-12-24 23:50,33.13,,33.13,28.31,89.07,28.31,0,8,0.75,69.32,33.28,0,9,1.02,18.52,51.74,133.674,0,0.43,0,12,64.45,26.526,61.64
2025-12-25 0:00,33.13,,33.13,28.31,88.37,28.31,0,8,0.75,69.32,33.28,0,9,1.02,18.52,51.74,133.674,12.152,0.43,0,12,64.447,19.491,61.696
2025-12-25 0:10,33.13,,33.13,28.31,91.15,28.31,0,8,0.75,75.19,33.28,0,9,1.02,18.52,51.74,133.674,16.097,0.43,0,12,64.44,8.974,61.42
2025-12-25 0:20,33.13,,33.13,28.31,89.76,28.31,0,8,0.75,77.54,33.28,0,9,1.02,18.52,51.74,133.674,0,0.43,0,12,64.437,15.974,61.472
2025-12-25 0:30,33.13,,33.13,28.31,89.07,28.31,0,8,0.75,74.02,33.28,0,9,1.02,18.52,51.74,133.674,0,0.43,0,12,64.43,1.963,61.497
2025-12-25 0:40,33.13,,33.13,28.31,89.76,28.31,0,8,0.75,74.02,33.28,0,9,1.02,18.52,51.74,133.677,94.597,0.43,0,12,64.43,26.468,61.435
2025-12-25 0:50,33.13,,33.13,28.31,87.68,28.31,0,8,0.75,74.02,33.28,0,9,1.01,18.52,51.73,133.676,71.041,0.43,0,12,64.426,22.977,61.333
2025-12-25 1:00,33.13,,33.13,28.31,93.24,28.31,0,8,0.75,74.02,33.28,0,9,1.01,18.52,51.73,133.677,129.874,0.43,0,12,64.422,33.431,61.193
2025-12-25 1:10,33.13,,33.13,28.31,91.85,28.31,0,8,0.75,65.79,33.28,0,9,1.01,18.52,51.73,133.678,43.597,0.43,0,12,64.419,22.807,61.061
2025-12-25 1:20,33.13,,33.13,28.31,91.85,28.31,0,8,0.75,66.97,33.28,0,9,1.01,18.52,51.73,133.677,71.041,0.43,0,12,64.413,15.788,60.944
2025-12-25 1:30,33.13,,33.13,28.31,91.15,28.31,0,8,0.75,63.44,33.28,0,9,1.01,18.52,51.73,133.677,0,0.43,0,12,64.41,19.198,60.923
2025-12-25 1:40,33.13,,33.13,28.31,91.85,28.31,0,8,0.75,71.67,33.28,0,9,1.01,18.52,51.73,133.678,0,0.43,0,12,64.406,15.752,60.889
2025-12-25 1:50,33.13,,33.13,28.31,89.76,28.31,0,8,0.75,72.84,33.28,0,9,1.01,18.52,51.73,133.677,0,0.43,0,12,64.4,15.644,60.621
2025-12-25 2:00,33.13,,33.13,28.31,93.24,28.31,0,8,0.75,70.49,33.28,0,9,1.01,18.52,51.73,133.677,0,0.43,0,12,64.399,22.612,60.827
2025-12-25 2:10,33.13,,33.13,28.31,89.07,28.31,0,8,0.75,65.79,33.28,0,9,1.01,18.52,51.73,133.677,0,0.43,0,12,64.39,5.337,60.73
2025-12-25 2:20,33.13,,33.13,28.31,91.15,28.31,0,8,0.75,69.32,33.28,0,9,1.01,18.52,51.73,133.678,31.819,0.43,0,12,64.39,26.243,60.839
2025-12-25 2:30,33.13,,33.13,28.31,93.24,28.31,0,8,0.75,76.37,33.28,0,9,1.01,18.52,51.73,133.678,51.43,0.43,0,12,64.387,19.376,61.061
2025-12-25 2:40,33.13,,33.13,28.31,91.15,28.31,0,8,0.75,69.32,33.28,0,9,1.01,18.52,51.73,133.679,67.152,0.43,0,12,64.38,26.361,60.85
2025-12-25 2:50,33.13,,33.13,28.31,93.24,28.31,0,8,0.75,69.32,33.28,0,9,1.01,18.52,51.73,133.679,31.819,0.43,0,12,64.379,22.909,60.818
2025-12-25 3:00,33.13,,33.13,28.31,93.24,28.31,0,8,0.75,70.49,33.28,0,9,1.01,18.52,51.73,133.68,90.652,0.43,0,12,64.372,9.14,60.754
2025-12-25 3:10,33.13,,33.13,28.31,89.76,28.31,0,8,0.75,70.49,33.28,0,9,1.01,18.52,51.73,133.68,51.43,0.43,0,12,64.37,26.373,60.714
2025-12-25 3:20,33.13,,33.13,28.31,92.55,28.31,0,8,0.75,71.67,33.28,0,9,1.01,18.52,51.73,133.681,71.041,0.43,0,12,64.366,16.161,61.014
2025-12-25 3:30,33.13,,33.13,28.31,92.55,28.31,0,8,0.75,68.14,33.28,0,9,1,18.52,51.72,133.681,4.374,0.43,0,12,64.36,19.632,60.836
2025-12-25 3:40,33.13,,33.13,28.3,91.85,28.3,0,8,0.75,63.44,33.28,0,9,1,18.52,51.72,133.681,12.152,0.43,0,12,64.36,26.507,60.671
2025-12-25 3:50,33.13,,33.13,28.3,96.03,28.3,0,8,0.75,68.14,33.28,0,9,1,18.52,51.72,133.681,4.374,0.43,0,12,64.352,12.697,60.585
2025-12-25 4:00,33.13,,33.13,28.3,91.85,28.3,0,8,0.75,74.02,33.28,0,9,1,18.52,51.72,133.681,23.986,0.43,0,12,64.35,26.409,60.638
2025-12-25 4:10,33.13,,33.13,28.3,93.24,28.3,0,8,0.74,73.86,33.27,0,9,1,18.52,51.72,133.682,39.708,0.43,0,12,64.345,9.36,60.692
2025-12-25 4:20,33.13,,33.13,28.3,93.24,28.3,0,8,0.74,68,33.27,0,9,0.99,18.52,51.71,133.682,59.263,0.43,0,12,64.34,19.659,60.648
2025-12-25 4:30,33.13,,33.13,28.3,92.6,28.3,0,8,0.74,65.65,33.27,0,9,0.99,18.52,51.71,133.682,51.43,0.43,0,12,64.337,16.318,60.783
2025-12-25 4:40,33.13,,33.13,28.3,96.05,28.3,0,8,0.74,68,33.27,0,9,0.98,18.52,51.7,133.682,16.097,0.43,0,12,64.33,9.616,60.751
2025-12-25 4:50,33.13,,33.13,28.3,91.22,28.3,0,8,0.74,66.82,33.27,0,9,0.98,18.52,51.7,133.681,0,0.43,0,12,64.33,26.624,60.339
2025-12-25 5:00,33.13,,33.13,28.3,89.83,28.3,0,8,0.74,68,33.27,0,9,0.98,18.52,51.7,133.681,0,0.43,0,12,64.325,19.71,60.374
2025-12-25 5:10,33.13,,33.13,28.3,91.22,28.3,0,8,0.74,66.82,33.27,0,9,0.98,18.52,51.7,133.682,0,0.43,0,12,64.32,26.419,60.379
2025-12-25 5:20,33.13,,33.13,28.3,87.07,28.3,0,8,0.74,70.34,33.27,0,9,1.01,18.52,51.73,133.682,12.208,0.43,0,12,64.317,16.186,60.139
2025-12-25 5:30,33.13,,33.13,28.3,89.14,28.3,0,8,0.74,73.86,33.27,0,9,0.98,18.52,51.7,133.684,90.652,0.43,0,12,64.31,9.309,59.909
2025-12-25 5:40,33.13,,33.13,28.3,90.52,28.3,0,8,0.74,72.69,33.27,0,9,0.99,18.52,51.71,133.684,110.263,0.43,0,12,64.309,22.908,60.51
2025-12-25 5:50,33.13,,33.13,28.3,91.91,28.3,0,8,0.74,68,33.27,0,9,0.98,18.52,51.7,133.685,129.93,0.43,0,12,64.304,16.333,60.582
2025-12-25 6:00,33.13,,33.13,28.3,85,28.3,0,8,0.74,75.03,33.27,0,9,0.99,18.52,51.71,133.686,74.986,0.43,0,12,64.3,26.822,60.541
2025-12-25 6:10,33.13,,33.13,28.29,88.45,28.29,0,8,0.74,73.86,33.27,0,9,0.99,18.52,51.71,133.686,59.319,0.43,0,12,64.3,30.149,60.323
2025-12-25 6:20,33.13,,33.13,28.29,87.07,28.29,0,8,0.74,72.69,33.27,0,9,1,18.52,51.72,133.686,23.986,0.43,0,12,64.29,13.256,60.237
2025-12-25 6:30,33.13,,33.13,28.29,90.52,28.29,0,8,0.74,68,33.27,0,9,1.01,18.52,51.73,133.687,55.374,0.43,0,12,64.29,26.614,60.28
2025-12-25 6:40,33.13,,33.13,28.29,88.45,28.29,0,8,0.74,70.34,33.27,0,9,0.99,18.52,51.71,133.687,39.652,0.43,0,12,64.282,0,60.343
2025-12-25 6:50,33.13,,33.13,28.29,85,28.29,0,8,0.74,72.69,33.27,0,9,0.99,18.52,51.71,133.688,82.819,0.43,0,12,64.28,26.708,60.334
2025-12-25 7:00,33.13,,33.13,28.29,83.03,28.29,0,8,0.74,69.17,33.27,0,9,0.99,18.52,51.71,133.688,47.541,0.43,0,12,64.277,16.559,59.999
2025-12-25 7:10,33.13,,33.13,28.29,85.78,28.29,0,8,0.74,71.51,33.27,0,9,1,18.52,51.72,133.688,51.43,0.43,0,12,64.27,20.165,60.661
2025-12-25 7:20,33.13,,33.13,28.29,83.03,28.29,0,8,0.73,70.19,33.26,0,9,0.99,18.52,51.71,133.688,8.319,0.43,0,12,64.27,26.773,59.992
2025-12-25 7:30,33.13,,33.13,28.29,80.97,28.29,0,8,0.73,66.68,33.26,0,9,1,18.52,51.72,133.688,0,0.43,0,12,64.263,13.512,60.216
2025-12-25 7:40,33.13,,33.13,28.29,81.66,28.29,0,8,0.73,63.17,33.26,0,9,1,18.52,51.72,133.687,0,0.43,0,12,64.26,26.739,60.174
2025-12-25 7:50,33.13,,33.13,28.29,86.46,28.29,0,8,0.73,66.68,33.26,0,9,1,18.52,51.72,133.687,0,0.43,0,12,64.258,20.102,60.083
2025-12-25 8:00,33.13,,33.13,28.29,83.03,28.29,0,8,0.73,65.51,33.26,0,9,1,18.52,51.72,133.686,0,7.029,0,12,64.25,16.892,60.252
2025-12-25 8:10,33.13,,33.13,28.29,86.46,28.29,0,8,0.73,64.34,33.26,0,9,1,18.52,51.72,133.677,0,146.549,0,12,64.25,26.688,59.562
2025-12-25 8:20,33.13,,33.13,28.28,82.35,28.28,0,8,0.73,67.85,33.26,0,9,1,18.52,51.72,133.675,0,156.21,0,12,64.245,16.782,60.201
2025-12-25 8:30,33.13,,33.13,28.28,76.86,28.28,0,8,0.73,66.68,33.26,0,9,1,18.52,51.72,133.673,0,155.342,0,12,64.24,26.753,60.164
2025-12-25 8:40,33.13,,33.13,28.28,78.92,28.28,0,8,0.73,73.7,33.26,0,9,0.99,18.52,51.71,133.675,54.432,146.077,0,12,64.24,26.811,59.735
2025-12-25 8:50,33.13,,33.13,28.28,83.03,28.28,0,8,0.73,67.85,33.26,0,9,1,18.52,51.72,133.675,150.386,149.74,0,12,64.235,26.759,59.878
2025-12-25 9:00,33.13,,33.13,28.28,83.03,28.28,0,8,0.72,67.71,33.25,0,9,1,18.52,51.72,133.674,185.814,143.959,0,12,64.23,26.76,59.833
2025-12-25 9:10,33.13,,33.13,28.28,83.03,28.28,0,8,0.73,73.7,33.26,0,9,1,18.52,51.72,133.675,132.008,137.658,0,12,64.23,26.729,59.644
2025-12-25 9:20,33.13,,33.13,28.28,86.46,28.28,0,8,0.72,80.55,33.25,0,9,1,18.52,51.72,133.674,100.554,126.043,0,12,64.223,19.954,59.218
2025-12-25 9:30,33.13,,33.13,28.28,86.46,28.28,0,8,0.72,80.55,33.25,0,9,1,18.52,51.72,133.674,104.888,121.63,0,12,64.22,26.427,59.421
2025-12-25 9:40,33.13,,33.13,28.28,85.78,28.28,0,8,0.72,80.55,33.25,0,9,1,18.52,51.72,133.672,16.208,130.45,0,12,64.218,19.837,59.706
2025-12-25 9:50,33.13,,33.13,28.28,80.41,28.28,0,8,0.72,84.05,33.25,0,9,1,18.52,51.72,133.67,0,142.786,0,12,64.21,16.858,59.781
2025-12-25 10:00,33.13,,33.13,28.28,77,28.28,0,8,0.73,86.57,33.26,0,9,1,18.52,51.72,133.669,0,151.683,0,12,64.21,26.955,60.043
2025-12-25 10:10,33.13,,33.13,28.28,80.41,28.28,0,8,0.72,86.38,33.25,0,9,1,18.52,51.72,133.668,12.33,154.356,0,12,64.21,33.74,60.229
2025-12-25 10:20,33.13,,33.13,28.28,79.73,28.28,0,8,0.72,95.72,33.25,0,9,1.01,18.52,51.73,133.668,63.767,155.929,0,12,64.215,76.559,60.24
2025-12-25 10:30,33.12,,33.12,28.28,87.84,28.28,0,8,0.72,91.05,33.25,0,9,1,18.52,51.72,133.668,106.593,138.995,0,12,64.23,125.904,59.575
2025-12-25 10:40,33.12,,33.12,28.28,98.13,28.28,0,8,0.73,86.57,33.26,0,9,1,18.52,51.72,133.667,86.169,128.248,0,12,64.24,158.611,59.183
2025-12-25 10:50,33.12,,33.12,28.28,100.88,28.28,0,8,0.72,93.39,33.25,0,9,1,18.52,51.72,133.666,74.515,132.802,0,12,64.241,145.294,59.457
2025-12-25 11:00,33.12,,33.12,28.28,104.99,28.28,0,8,0.72,85.22,33.25,0,9,1,18.52,51.72,133.665,5.286,119.474,0,12,64.242,99.075,59.419
2025-12-25 11:10,33.12,,33.12,28.28,101.56,28.28,0,8,0.72,80.55,33.25,0,9,1,18.52,51.72,133.663,0,127.848,0,12,64.249,89.52,60.017
2025-12-25 11:20,33.12,,33.12,28.28,107.66,28.28,0,8,0.72,85.22,33.25,0,9,1,18.52,51.72,133.66,0,142.757,0,12,64.255,106.415,60.308
2025-12-25 11:30,33.12,,33.12,28.28,105.68,28.28,0,8,0.73,88.91,33.26,0,9,0.99,18.52,51.71,133.659,0,139.823,0,12,64.266,140.036,60.283
2025-12-25 11:40,33.11,,33.11,28.28,98.82,28.28,0,8,0.73,91.25,33.26,0,9,0.99,18.52,51.71,133.657,0,152.706,0,12,64.276,150.346,60.279
2025-12-25 11:50,33.11,,33.11,28.28,102.89,28.28,0,8,0.72,95.72,33.25,0,9,0.99,18.52,51.71,133.657,12.682,157.351,0,12,64.283,153.839,60.289
2025-12-25 12:00,33.11,,33.11,28.28,106.3,28.28,0,8,0.72,89.88,33.25,0,9,0.99,18.52,51.71,133.659,134.633,117.341,0,12,64.29,140.435,59.404
2025-12-25 12:10,33.11,,33.11,28.29,112.43,28.29,0,8,0.72,96.89,33.25,0,9,1,18.52,51.72,133.663,357.878,22.444,0,12,64.29,107.076,60.536
2025-12-25 12:20,33.11,,33.11,28.28,115.16,28.28,0,8,0.72,96.89,33.25,0,9,1,18.52,51.72,133.667,462.46,0.43,0,12,64.296,103.904,60.606
2025-12-25 12:30,33.11,,33.11,28.28,112.43,28.28,0,8,0.7,97.63,33.23,0,9,1,18.52,51.72,133.668,376.435,0.43,0,12,64.304,107.788,60.889
2025-12-25 12:40,33.11,,33.11,28.28,114.48,28.28,0,8,0.71,95.52,33.24,0,9,0.99,18.52,51.71,133.669,216.097,0.43,0,12,64.31,127.942,60.164
2025-12-25 12:50,33.11,,33.11,28.28,113.8,28.28,0,8,0.73,97.1,33.26,0,9,0.99,18.52,51.71,133.668,31.763,0.43,0,12,64.318,134.84,60.467
2025-12-25 13:00,33.11,,33.11,28.28,109.71,28.28,0,8,0.72,98.06,33.25,0,9,0.99,18.52,51.71,133.667,0,0.43,0,12,64.326,135.014,60.913
2025-12-25 13:10,33.11,,33.11,28.28,110.39,28.28,0,8,0.72,99.22,33.25,0,9,1,18.52,51.72,133.665,0,0.43,0,12,64.336,148.756,60.222
2025-12-25 13:20,33.11,,33.11,28.28,110.39,28.28,0,8,0.72,102.73,33.25,0,9,1,18.52,51.72,133.665,0,0.43,0,12,64.338,128.267,59.833
2025-12-25 13:30,33.11,,33.11,28.29,111.75,28.29,0,8,0.72,102.73,33.25,0,9,0.99,18.52,51.71,133.665,0,0.43,0,12,64.339,104.383,60.426
2025-12-25 13:40,33.11,,33.11,28.29,115.16,28.29,0,8,0.71,97.84,33.24,0,9,0.99,18.52,51.71,133.665,0,0.43,0,12,64.34,73.918,60.661
2025-12-25 13:50,33.11,,33.11,28.29,119.93,28.29,0,8,0.73,97.1,33.26,0,9,0.99,18.52,51.71,133.665,12.152,0.43,0,12,64.333,43.353,60.138
2025-12-25 14:00,33.11,,33.11,28.28,115.16,28.28,0,8,0.72,98.06,33.25,0,9,0.99,18.52,51.71,133.667,84.181,4.515,0,12,64.332,36.531,60.294
2025-12-25 14:10,33.11,,33.11,28.28,110.39,28.28,0,8,0.72,101.56,33.25,0,9,0.99,18.52,51.71,133.663,0,135.252,0,12,64.331,29.55,60.051
2025-12-25 14:20,33.11,,33.11,28.28,110.39,28.28,0,8,0.72,102.73,33.25,0,9,0.98,18.52,51.7,133.661,0,152.861,0,12,64.331,53.707,61.111
2025-12-25 14:30,33.11,,33.11,28.28,114.48,28.28,0,8,0.71,99.01,33.24,0,9,0.99,18.52,51.71,133.659,0,151.753,0,12,64.33,53.926,60.951
2025-12-25 14:40,33.11,,33.11,28.28,113.8,28.28,0,8,0.72,99.22,33.25,0,9,0.98,18.52,51.7,133.658,0,150.648,0,12,64.328,50.935,61.41
2025-12-25 14:50,33.11,,33.11,28.28,102.89,28.28,0,8,0.71,95.52,33.24,0,9,0.99,18.52,51.71,133.658,18.647,141.707,0,12,64.325,40.546,60.445
2025-12-25 15:00,33.1,,33.1,28.29,119.25,28.29,0,8,0.74,92.62,33.27,0,9,0.99,18.52,51.71,133.659,157.121,155.508,0,12,64.32,26.708,60.104
2025-12-25 15:10,33.1,,33.1,28.29,126.95,28.29,0,8,0.72,94.55,33.25,0,9,0.99,18.52,51.71,133.661,252.284,153.804,0,12,64.316,19.704,60.563
2025-12-25 15:20,33.1,,33.1,28.29,124.89,28.29,0,8,0.72,106.23,33.25,0,9,0.99,18.52,51.71,133.662,344.402,159.227,0,12,64.31,9.607,60.655
2025-12-25 15:30,33.1,,33.1,28.29,117.34,28.29,0,8,0.73,107.63,33.26,0,9,0.98,18.52,51.7,133.663,295.843,150.998,0,12,64.314,40.134,60.184
2025-12-25 15:40,33.1,,33.1,28.29,115.16,28.29,0,8,0.72,107.39,33.25,0,9,0.98,18.52,51.7,133.661,168.705,148.723,0,12,64.316,60.371,60.275
2025-12-25 15:50,33.1,,33.1,28.29,111.17,28.29,0,8,0.72,99.22,33.25,0,9,0.98,18.52,51.7,133.658,0,161.613,0,12,64.326,114.646,60.814
2025-12-25 16:00,33.1,,33.1,28.28,103.62,28.28,0,8,0.73,98.27,33.26,0,9,0.99,18.52,51.71,133.655,0,154.573,0,12,64.335,131.757,60.349
2025-12-25 16:10,33.1,,33.1,28.28,104.99,28.28,0,8,0.72,96.89,33.25,0,9,0.98,18.52,51.7,133.654,0,124.159,0,12,64.34,141.616,59.184
2025-12-25 16:20,33.1,,33.1,28.28,111.17,28.28,0,8,0.72,99.22,33.25,0,9,0.98,18.52,51.7,133.653,0,150.678,0,12,64.343,117.889,60.468
2025-12-25 16:30,33.1,,33.1,28.29,122.83,28.29,0,8,0.73,100.61,33.26,0,9,0.98,18.52,51.7,133.652,0,153.924,0,12,64.349,107.8,60.58
2025-12-25 16:40,33.11,,33.11,28.29,124.89,28.29,0,8,0.72,103.89,33.25,0,9,0.98,18.52,51.7,133.652,86.98,156.339,0,12,64.352,101.667,60.954
2025-12-25 16:50,33.11,,33.11,28.29,122.83,28.29,0,8,0.72,101.56,33.25,0,9,0.98,18.52,51.7,133.652,113.093,158.349,0,12,64.365,136.021,60.696
2025-12-25 17:00,33.11,,33.11,28.28,118.72,28.28,0,8,0.72,99.22,33.25,0,9,0.98,18.52,51.7,133.65,109.853,156.038,0,12,64.376,153.471,60.93
2025-12-25 17:10,33.11,,33.11,28.28,113.23,28.28,0,8,0.72,95.72,33.25,0,9,0.98,18.52,51.7,133.651,105.12,141.974,0,12,64.382,163.67,60.217
2025-12-25 17:20,33.11,,33.11,28.28,105.68,28.28,0,8,0.72,94.55,33.25,0,9,0.98,18.52,51.7,133.65,71.985,141.444,0,12,64.391,150.1,60.486
2025-12-25 17:30,33.11,,33.11,28.28,109.8,28.28,0,8,0.72,96.89,33.25,0,9,0.98,18.52,51.7,133.647,18.327,159.73,0,12,64.398,136.574,61.019
2025-12-25 17:40,33.11,,33.11,28.29,113.91,28.29,0,8,0.72,96.89,33.25,0,9,0.98,18.52,51.7,133.644,0,152.439,0,12,64.404,136.962,61.216
2025-12-25 17:50,33.11,,33.11,28.29,117.34,28.29,0,8,0.73,98.27,33.26,0,9,0.97,18.52,51.69,133.643,0,152.697,0,12,64.411,130.438,61.081
2025-12-25 18:00,33.11,,33.11,28.29,108.42,28.29,0,8,0.72,99.22,33.25,0,9,0.98,18.52,51.7,133.643,0,156.941,0,12,64.421,141.01,61.067
2025-12-25 18:10,33.11,,33.11,28.28,111.85,28.28,0,8,0.72,96.89,33.25,0,9,0.97,18.52,51.69,133.643,96.575,156.422,0,12,64.431,154.8,60.252
2025-12-25 18:20,33.11,,33.11,28.29,110.48,28.29,0,8,0.72,96.89,33.25,0,9,0.98,18.52,51.7,133.643,159.992,154.781,0,12,64.437,151.461,61.065
2025-12-25 18:30,33.11,,33.11,28.28,109.8,28.28,0,8,0.72,94.55,33.25,0,9,0.97,18.52,51.69,133.644,197.5,151.963,0,12,64.447,151.397,60.208
2025-12-25 18:40,33.11,,33.11,28.28,109.8,28.28,0,8,0.73,95.93,33.26,0,9,0.97,18.52,51.69,133.643,154.932,158.052,0,12,64.452,134.122,60.426
2025-12-25 18:50,33.11,,33.11,28.28,104.99,28.28,0,8,0.72,100.39,33.25,0,9,0.97,18.52,51.69,133.64,34.016,156.533,0,12,64.46,141.17,60.71
2025-12-25 19:00,33.11,,33.11,28.28,102.93,28.28,0,8,0.72,100.39,33.25,0,9,0.98,18.52,51.7,133.641,8.228,62.766,0,12,64.468,134.607,61.019
2025-12-25 19:10,33.11,,33.11,28.28,100.88,28.28,0,8,0.72,99.22,33.25,0,9,0.98,18.52,51.7,133.641,0,0.43,0,12,64.477,149.257,61.709
2025-12-25 19:20,33.11,,33.11,28.28,98.82,28.28,0,8,0.72,96.89,33.25,0,9,0.98,18.52,51.7,133.639,0,0.43,0,12,64.486,153.223,61.442
2025-12-25 19:30,33.11,,33.11,28.28,102.25,28.28,0,8,0.72,96.89,33.25,0,9,0.99,18.52,51.71,133.638,0,0.43,0,12,64.492,146.477,61.449
2025-12-25 19:40,33.11,,33.11,28.28,100.88,28.28,0,8,0.72,98.06,33.25,0,9,0.99,18.52,51.71,133.639,0,0.43,0,12,64.501,146.294,60.658
2025-12-25 19:50,33.11,,33.11,28.28,101.56,28.28,0,8,0.73,100.61,33.26,0,9,1,18.52,51.72,133.639,0,0.43,0,12,64.51,146.407,61.28
2025-12-25 20:00,33.11,,33.11,28.28,100.88,28.28,0,8,0.73,99.44,33.26,0,9,0.98,18.52,51.7,133.639,59.263,0.43,0,12,64.513,135.915,61.64
2025-12-25 20:10,33.11,,33.11,28.28,98.13,28.28,0,8,0.72,102.73,33.25,0,9,0.98,18.52,51.7,133.638,0,0.43,0,12,64.52,129.283,61.596
2025-12-25 20:20,33.11,,33.11,28.28,92.6,28.28,0,8,0.72,99.22,33.25,0,9,0.99,18.52,51.71,133.637,0,0.43,0,12,64.52,97.328,61.571
2025-12-25 20:30,33.11,,33.11,28.28,100.89,28.28,0,8,0.72,98.06,33.25,0,9,0.97,18.52,51.69,133.635,0,0.43,0,12,64.521,90.132,61.55
2025-12-25 20:40,33.11,,33.11,28.28,107.8,28.28,0,8,0.73,100.61,33.26,0,9,0.98,18.52,51.7,133.636,0,0.43,0,12,64.52,61.544,61.5
2025-12-25 20:50,33.11,,33.11,28.28,102.27,28.28,0,8,0.73,99.44,33.26,0,9,0.98,18.52,51.7,133.637,0,0.43,0,12,64.52,61.411,61.184
2025-12-25 21:00,33.11,,33.11,28.28,104.35,28.28,0,8,0.73,100.61,33.26,0,9,0.97,18.52,51.69,133.637,74.874,0.43,0,12,64.52,57.84,61.503
2025-12-25 21:10,33.11,,33.11,28.28,103.62,28.28,0,8,0.73,101.78,33.26,0,9,0.98,18.52,51.7,133.638,51.43,0.43,0,12,64.519,57.734,61.182
2025-12-25 21:20,33.11,,33.11,28.28,101.58,28.28,0,8,0.72,101.56,33.25,0,9,0.97,18.52,51.69,133.638,35.708,0.43,0,12,64.517,50.587,61.244
2025-12-25 21:30,33.11,,33.11,28.29,107.05,28.29,0,8,0.73,102.95,33.26,0,9,0.97,18.52,51.69,133.639,90.597,0.43,0,12,64.512,32.591,61.015
2025-12-25 21:40,33.11,,33.11,28.29,113.23,28.29,0,8,0.73,101.78,33.26,0,9,0.97,18.52,51.69,133.64,98.374,0.43,0,12,64.511,32.553,61.068
2025-12-25 21:50,33.11,,33.11,28.29,113.33,28.29,0,8,0.72,98.06,33.25,0,9,0.97,18.52,51.69,133.642,153.263,0.43,0,12,64.509,32.455,60.948
2025-12-25 22:00,33.11,,33.11,28.28,116.09,28.28,0,8,0.73,98.27,33.26,0,9,0.97,18.52,51.69,133.641,51.374,0.43,0,12,64.504,32.46,60.863
2025-12-25 22:10,33.11,,33.11,28.29,118.17,28.29,0,8,0.72,100.39,33.25,0,9,0.97,18.52,51.69,133.641,12.208,0.43,0,12,64.5,21.846,61.394
2025-12-25 22:20,33.11,,33.11,28.28,114.6,28.28,0,8,0.73,100.61,33.26,0,9,0.98,18.52,51.7,133.639,0,0.43,0,12,64.5,29.203,61.52
2025-12-25 22:30,33.11,,33.11,28.29,111.17,28.29,0,8,0.72,100.61,33.25,0,9,0.97,18.52,51.69,133.639,0,0.43,0,12,64.495,29.206,60.87
2025-12-25 22:40,33.11,,33.11,28.28,105.73,28.28,0,8,0.72,96.89,33.25,0,9,0.97,18.52,51.69,133.639,0,0.43,0,12,64.49,25.506,60.628
2025-12-25 22:50,33.11,,33.11,28.28,105.68,28.28,0,8,0.73,94.76,33.26,0,9,0.97,18.52,51.69,133.64,35.708,0.43,0,12,64.49,25.443,61.331
2025-12-25 23:00,33.11,,33.11,28.28,105.68,28.28,0,8,0.72,95.72,33.25,0,9,0.99,18.52,51.71,133.641,78.819,0.43,0,12,64.485,25.589,61.141
2025-12-25 23:10,33.11,,33.11,28.28,103.62,28.28,0,8,0.73,95.93,33.26,0,9,1,18.52,51.72,133.642,149.374,0.43,0,12,64.48,25.547,60.501
2025-12-25 23:20,33.11,,33.11,28.28,100.19,28.28,0,8,0.73,98.27,33.26,0,9,0.98,18.52,51.7,133.641,39.597,0.43,0,12,64.48,25.319,60.647
2025-12-25 23:30,33.11,,33.11,28.28,98.82,28.28,0,8,0.73,97.1,33.26,0,9,0.98,18.52,51.7,133.639,0,0.43,0,12,64.476,29.132,61.746
2025-12-25 23:40,33.11,,33.11,28.28,99.5,28.28,0,8,0.74,96.13,33.27,0,9,0.98,18.52,51.7,133.637,0,0.43,0,12,64.471,29.606,61.757
2025-12-25 23:50,33.11,,33.11,28.28,97.44,28.28,0,8,0.72,93.39,33.25,0,9,0.98,18.52,51.7,133.637,0,0.43,0,12,64.463,1.66,61.478
2025-12-26 0:00,33.11,,33.11,28.28,98.13,28.28,0,8,0.72,94.55,33.25,0,9,0.98,18.52,51.7,133.637,0,0.43,0,12,64.46,5.053,61.258
2025-12-26 0:10,33.11,,33.11,28.28,100.19,28.28,0,8,0.73,95.93,33.26,0,9,0.98,18.52,51.7,133.64,98.374,0.43,0,12,64.459,19.142,61.69
2025-12-26 0:20,33.11,,33.11,28.28,96.76,28.28,0,8,0.73,97.1,33.26,0,9,0.98,18.52,51.7,133.642,184.652,0.43,0,12,64.456,36.833,61.552
2025-12-26 0:30,33.11,,33.11,28.28,101.56,28.28,0,8,0.73,99.44,33.26,0,9,1,18.52,51.72,133.642,208.152,0.43,0,12,64.45,26.409,61.486
2025-12-26 0:40,33.11,,33.11,28.28,100.88,28.28,0,8,0.72,100.39,33.25,0,9,0.98,18.52,51.7,133.646,247.374,0.43,0,12,64.45,29.808,61.219
2025-12-26 0:50,33.11,,33.11,28.28,99.5,28.28,0,8,0.73,100.61,33.26,0,9,0.98,18.52,51.7,133.646,172.93,0.43,0,12,64.448,33.197,61.221
2025-12-26 1:00,33.11,,33.11,28.28,102.93,28.28,0,8,0.73,97.1,33.26,0,9,0.97,18.52,51.69,133.646,145.486,0.43,0,12,64.441,29.782,61.572
2025-12-26 1:10,33.11,,33.11,28.28,104.31,28.28,0,8,0.72,98.06,33.25,0,9,0.97,18.52,51.69,133.645,0,0.43,0,12,64.435,8.8,61.274
2025-12-26 1:20,33.11,,33.11,28.28,100.19,28.28,0,8,0.73,97.1,33.26,0,9,0.98,18.52,51.7,133.643,0,0.43,0,12,64.43,0,61.894
2025-12-26 1:30,33.11,,33.11,28.28,102.25,28.28,0,8,0.73,100.61,33.26,0,9,1,18.52,51.72,133.643,0,0.43,0,12,64.43,22.896,61.022
2025-12-26 1:40,33.11,,33.11,28.28,104.31,28.28,0,8,0.72,99.22,33.25,0,9,1,18.52,51.72,133.646,43.541,0.43,0,12,64.425,26.42,61.178
2025-12-26 1:50,33.11,,33.11,28.28,103.62,28.28,0,8,0.73,100.61,33.26,0,9,0.98,18.52,51.7,133.646,106.263,0.43,0,12,64.42,26.365,61.562
2025-12-26 2:00,33.11,,33.11,28.28,102.93,28.28,0,8,0.72,96.89,33.25,0,9,0.99,18.52,51.71,133.647,153.319,0.43,0,12,64.417,16.029,61.348
2025-12-26 2:10,33.11,,33.11,28.28,100.19,28.28,0,8,0.72,98.06,33.25,0,9,1.01,18.52,51.73,133.646,16.097,0.43,0,12,64.411,12.768,61.561
2025-12-26 2:20,33.11,,33.11,28.28,100.19,28.28,0,8,0.73,100.61,33.26,0,9,1,18.52,51.72,133.644,0,0.43,0,12,64.41,26.594,61.206
2025-12-26 2:30,33.11,,33.11,28.28,101.56,28.28,0,8,0.73,97.1,33.26,0,9,1,18.52,51.72,133.644,0,0.43,0,12,64.405,19.663,61.387
2025-12-26 2:40,33.11,,33.11,28.28,100.19,28.28,0,8,0.72,98.06,33.25,0,9,0.99,18.52,51.71,133.645,0,0.43,0,12,64.4,23.044,61.205
2025-12-26 2:50,33.11,,33.11,28.28,100.19,28.28,0,8,0.73,99.44,33.26,0,9,0.99,18.52,51.71,133.645,39.652,0.43,0,12,64.399,23.112,61.244
2025-12-26 3:00,33.11,,33.11,28.28,101.58,28.28,0,8,0.73,98.27,33.26,0,9,0.99,18.52,51.71,133.648,153.319,0.43,0,12,64.392,16.272,61.366
2025-12-26 3:10,33.11,,33.11,28.28,108.49,28.28,0,8,0.73,100.61,33.26,0,9,1,18.52,51.72,133.65,192.486,0.43,0,12,64.39,26.753,61.316
2025-12-26 3:20,33.11,,33.11,28.28,106.42,28.28,0,8,0.73,98.27,33.26,0,9,0.99,18.52,51.71,133.652,251.319,0.43,0,12,64.382,2.485,60.939
2025-12-26 3:30,33.11,,33.11,28.28,108.42,28.28,0,8,0.73,97.1,33.26,0,9,1,18.52,51.72,133.653,208.208,0.43,0,12,64.38,19.623,60.948
2025-12-26 3:40,33.11,,33.11,28.28,105.68,28.28,0,8,0.73,97.1,33.26,0,9,0.99,18.52,51.71,133.652,98.486,0.43,0,12,64.377,16.053,60.937
2025-12-26 3:50,33.11,,33.11,28.28,101.56,28.28,0,8,0.74,96.13,33.27,0,9,1,18.52,51.72,133.652,0,0.43,0,12,64.37,19.669,61.122
2025-12-26 4:00,33.11,,33.11,28.28,100.19,28.28,0,8,0.73,93.59,33.26,0,9,0.99,18.52,51.71,133.651,0,0.43,0,12,64.37,26.659,61.084
2025-12-26 4:10,33.11,,33.11,28.28,96.07,28.28,0,8,0.73,88.91,33.26,0,9,0.99,18.52,51.71,133.65,0,0.43,0,12,64.363,13.05,61.278
2025-12-26 4:20,33.11,,33.11,28.28,96.07,28.28,0,8,0.73,83.06,33.26,0,9,0.98,18.52,51.7,133.649,0,0.43,0,12,64.36,26.796,61.027
2025-12-26 4:30,33.12,,33.12,28.28,96.07,28.28,0,8,0.73,83.06,33.26,0,9,0.99,18.52,51.71,133.649,0,0.43,0,12,64.359,23.327,61.009
2025-12-26 4:40,33.12,,33.12,28.28,93.33,28.28,0,8,0.73,85.4,33.26,0,9,0.99,18.52,51.71,133.65,0.43,0.43,0,12,64.35,16.561,61.147
2025-12-26 4:50,33.12,,33.12,28.28,94.01,28.28,0,8,0.73,84.23,33.26,0,9,0.99,18.52,51.71,133.65,23.986,0.43,0,12,64.35,26.816,60.958
2025-12-26 5:00,33.12,,33.12,28.28,95.39,28.28,0,8,0.72,86.38,33.25,0,9,1,18.52,51.72,133.65,43.541,0.43,0,12,64.341,0,60.984
2025-12-26 5:10,33.12,,33.12,28.28,94.01,28.28,0,8,0.73,86.57,33.26,0,9,1,18.52,51.72,133.65,12.152,0.43,0,12,64.34,26.772,60.875
2025-12-26 5:20,33.12,,33.12,28.28,91.27,28.28,0,8,0.73,83.06,33.26,0,9,1,18.52,51.72,133.649,0,0.43,0,12,64.334,6.284,60.66
2025-12-26 5:30,33.12,,33.12,28.28,94.01,28.28,0,8,0.73,79.55,33.26,0,9,0.98,18.52,51.7,133.648,0,0.43,0,12,64.33,23.392,60.975
2025-12-26 5:40,33.12,,33.12,28.28,94.01,28.28,0,8,0.72,80.55,33.25,0,9,0.99,18.52,51.71,133.648,0,0.43,0,12,64.33,26.82,60.826
2025-12-26 5:50,33.12,,33.12,28.28,94.01,28.28,0,8,0.72,79.38,33.25,0,9,0.99,18.52,51.71,133.649,0,0.43,0,12,64.326,33.427,60.148
2025-12-26 6:00,33.12,,33.12,28.28,96.07,28.28,0,8,0.72,85.22,33.25,0,9,0.99,18.52,51.71,133.65,55.319,0.43,0,12,64.32,26.547,60.502
2025-12-26 6:10,33.12,,33.12,28.28,94.01,28.28,0,8,0.72,85.22,33.25,0,9,0.99,18.52,51.71,133.651,118.041,0.43,0,12,64.32,26.435,60.49
2025-12-26 6:20,33.12,,33.12,28.28,91.27,28.28,0,8,0.72,84.05,33.25,0,9,1,18.52,51.72,133.651,74.93,0.43,0,12,64.31,6.331,60.667
2025-12-26 6:30,33.12,,33.12,28.28,90.58,28.28,0,8,0.72,89.88,33.25,0,9,1,18.52,51.72,133.652,74.93,0.43,0,12,64.307,16.521,60.405
2025-12-26 6:40,33.12,,33.12,28.28,91.27,28.28,0,8,0.73,92.42,33.26,0,9,1,18.52,51.72,133.652,8.319,0.43,0,12,64.3,0,60.339
2025-12-26 6:50,33.12,,33.12,28.28,90.58,28.28,0,8,0.72,91.05,33.25,0,9,0.99,18.52,51.71,133.653,74.93,0.43,0,12,64.3,26.675,60.447
2025-12-26 7:00,33.12,,33.12,28.28,91.95,28.28,0,8,0.72,89.88,33.25,0,9,1.01,18.52,51.73,133.653,35.708,0.43,0,12,64.296,23.293,60.427
2025-12-26 7:10,33.12,,33.12,28.28,88.52,28.28,0,8,0.72,85.22,33.25,0,9,1.01,18.52,51.73,133.652,35.708,0.43,0,12,64.29,26.833,60.624
2025-12-26 7:20,33.12,,33.12,28.28,87.15,28.28,0,8,0.72,84.05,33.25,0,9,1.01,18.52,51.73,133.652,0,0.43,0,12,64.289,23.389,60.281
2025-12-26 7:30,33.12,,33.12,28.28,89.21,28.28,0,8,0.72,85.22,33.25,0,9,1.01,18.52,51.73,133.652,0,0.43,0,12,64.28,6.619,60.285
2025-12-26 7:40,33.12,,33.12,28.28,90.58,28.28,0,8,0.72,82.88,33.25,0,9,1.01,18.52,51.73,133.651,0,0.43,0,12,64.28,26.67,60.276
2025-12-26 7:50,33.12,,33.12,28.28,91.95,28.28,0,8,0.72,85.22,33.25,0,9,1.01,18.52,51.73,133.652,4.374,0.43,0,12,64.27,0,60.01
2025-12-26 8:00,33.12,,33.12,28.28,96.07,28.28,0,8,0.72,84.05,33.25,0,9,1.01,18.52,51.73,133.654,77.64,8.561,0,12,64.27,26.814,60.489
2025-12-26 8:10,33.12,,33.12,28.28,96.07,28.28,0,8,0.73,87.74,33.26,0,9,1.01,18.52,51.73,133.65,0,158.732,0,12,64.269,23.491,60.306
2025-12-26 8:20,33.12,,33.12,28.28,91.95,28.28,0,8,0.72,89.88,33.25,0,9,1,18.52,51.72,133.651,76.86,157.454,0,12,64.26,26.947,60.214
2025-12-26 8:30,33.12,,33.12,28.28,94.01,28.28,0,8,0.72,88.72,33.25,0,9,0.99,18.52,51.71,133.651,63.489,156.615,0,12,64.26,26.806,60.065
2025-12-26 8:40,33.12,,33.12,28.28,88.52,28.28,0,8,0.72,91.05,33.25,0,9,1.01,18.52,51.73,133.65,142.433,160.229,0,12,64.255,13.431,60.182
2025-12-26 8:50,33.12,,33.12,28.28,91.95,28.28,0,8,0.73,88.91,33.26,0,9,1.01,18.52,51.73,133.648,44.925,158.93,0,12,64.25,26.824,60.057
2025-12-26 9:00,33.12,,33.12,28.28,89.21,28.28,0,8,0.72,93.39,33.25,0,9,1,18.52,51.72,133.649,83.264,154.133,0,12,64.248,19.89,59.264
2025-12-26 9:10,33.12,,33.12,28.28,87.15,28.28,0,8,0.72,89.88,33.25,0,9,0.97,18.52,51.69,133.649,134.02,147.832,0,12,64.24,9.716,59.327
2025-12-26 9:20,33.12,,33.12,28.28,86.46,28.28,0,8,0.72,93.39,33.25,0,9,0.98,18.52,51.7,133.648,155.459,152.747,0,12,64.24,26.225,59.752
2025-12-26 9:30,33.12,,33.12,28.28,88.52,28.28,0,8,0.72,91.05,33.25,0,9,0.98,18.52,51.7,133.648,93.561,144.605,0,12,64.237,22.978,59.189
2025-12-26 9:40,33.12,,33.12,28.28,89.9,28.28,0,8,0.72,86.38,33.25,0,9,0.99,18.52,51.71,133.647,46.643,136.577,0,12,64.23,26.266,59.024
2025-12-26 9:50,33.12,,33.12,28.28,89.9,28.28,0,8,0.72,91.05,33.25,0,9,0.98,18.52,51.7,133.645,4.392,143.494,0,12,64.23,26.1,59.253
2025-12-26 10:00,33.12,,33.12,28.28,89.9,28.28,0,8,0.72,91.05,33.25,0,9,0.98,18.52,51.7,133.643,0,130.895,0,12,64.222,9.532,59.154
2025-12-26 10:10,33.12,,33.12,28.28,91.27,28.28,0,8,0.73,91.25,33.26,0,9,0.97,18.52,51.69,133.641,0,125.274,0,12,64.224,39.251,58.847
2025-12-26 10:20,33.12,,33.12,28.28,94.01,28.28,0,8,0.73,92.42,33.26,0,9,0.98,18.52,51.7,133.64,0,117.733,0,12,64.236,78.725,58.674
2025-12-26 10:30,33.12,,33.12,28.28,91.95,28.28,0,8,0.73,88.91,33.26,0,9,0.98,18.52,51.7,133.639,0,126.146,0,12,64.25,151.84,59.833
2025-12-26 10:40,33.12,,33.12,28.28,91.27,28.28,0,8,0.72,89.88,33.25,0,9,0.98,18.52,51.7,133.639,31.451,120.974,0,12,64.26,178.905,60.043
2025-12-26 10:50,33.12,,33.12,28.28,88.52,28.28,0,8,0.72,89.88,33.25,0,9,0.97,18.52,51.69,133.638,42.898,128.407,0,12,64.26,139.758,60.232
2025-12-26 11:00,33.12,,33.12,28.28,90.58,28.28,0,8,0.72,84.05,33.25,0,9,1.01,18.52,51.73,133.637,52.32,119.245,0,12,64.264,106.711,60.026
2025-12-26 11:10,33.12,,33.12,28.28,90.58,28.28,0,8,0.72,88.72,33.25,0,9,0.99,18.52,51.71,133.637,71.231,118.874,0,12,64.278,117.746,52.481
2025-12-26 11:20,33.12,,33.12,28.28,89.21,28.28,0,8,0.73,93.59,33.26,0,9,0.99,18.52,51.71,133.635,25.121,119.41,0,12,64.279,124.701,71.097
2025-12-26 11:30,33.12,,33.12,28.28,89.21,28.28,0,8,0.72,88.72,33.25,0,9,1,18.52,51.72,133.634,0,113.564,0,12,64.288,145.198,70.85
2025-12-26 11:40,33.12,,33.12,28.27,85.09,28.27,0,8,0.72,84.05,33.25,0,9,0.98,18.52,51.7,133.631,0,127.769,0,12,64.3,143.704,67.333
2025-12-26 11:50,33.12,,33.12,28.27,83.72,28.27,0,8,0.72,85.22,33.25,0,9,0.98,18.52,51.7,133.629,0,133.991,0,12,64.303,145.719,56.808
2025-12-26 12:00,33.12,,33.12,28.28,85.09,28.28,0,8,0.72,84.05,33.25,0,9,0.98,18.52,51.7,133.63,0,113.838,0,12,64.304,116.269,63.167
2025-12-26 12:10,33.12,,33.12,28.28,84.41,28.28,0,8,0.72,77.04,33.25,0,9,0.98,18.52,51.7,133.632,125.864,0.43,0,12,64.307,84.669,63.198
2025-12-26 12:20,33.12,,33.12,28.28,93.33,28.28,0,8,0.72,80.55,33.25,0,9,0.99,18.52,51.71,133.633,183.233,0.43,0,12,64.308,80.078,63.202
2025-12-26 12:30,33.12,,33.12,28.28,95.39,28.28,0,8,0.72,78.21,33.25,0,9,0.98,18.52,51.7,133.632,86.652,0.43,0,12,64.312,90.275,63.259
2025-12-26 12:40,33.12,,33.12,28.28,96.76,28.28,0,8,0.72,80.55,33.25,0,9,0.98,18.52,51.7,133.634,106.263,0.43,0,12,64.32,107.372,63.653
2025-12-26 12:50,33.12,,33.12,28.28,94.01,28.28,0,8,0.72,79.38,33.25,0,9,0.98,18.52,51.7,133.634,20.041,0.43,0,12,64.327,127.811,63.52
2025-12-26 13:00,33.12,,33.12,28.28,93.33,28.28,0,8,0.72,80.55,33.25,0,9,0.98,18.52,51.7,133.632,8.263,0.43,0,12,64.335,141.632,63.557
2025-12-26 13:10,33.12,,33.12,28.28,91.95,28.28,0,8,0.72,81.71,33.25,0,9,0.98,18.52,51.7,133.631,0,0.43,0,12,64.34,131.532,63.686
2025-12-26 13:20,33.12,,33.12,28.28,91.95,28.28,0,8,0.72,79.38,33.25,0,9,0.98,18.52,51.7,133.63,0,0.43,0,12,64.34,107.855,63.655
2025-12-26 13:30,33.12,,33.12,28.28,91.95,28.28,0,8,0.72,78.21,33.25,0,9,0.97,18.52,51.69,133.631,0,0.43,0,12,64.34,80.749,63.905
2025-12-26 13:40,33.12,,33.12,28.27,87.07,28.27,0,8,0.72,79.38,33.25,0,9,0.97,18.52,51.69,133.632,35.708,0.43,0,12,64.337,53.614,63.95
2025-12-26 13:50,33.12,,33.12,28.27,87.84,28.27,0,8,0.72,78.21,33.25,0,9,0.98,18.52,51.7,133.633,117.986,0.43,0,12,64.334,43.566,64.009
2025-12-26 14:00,33.12,,33.12,28.27,89.21,28.27,0,8,0.72,79.38,33.25,0,9,0.98,18.52,51.7,133.633,78.485,11.095,0,12,64.33,29.97,63.95
2025-12-26 14:10,33.12,,33.12,28.28,88.52,28.28,0,8,0.73,74.87,33.26,0,9,0.98,18.52,51.7,133.629,0,132.66,0,12,64.33,40.17,63.884
2025-12-26 14:20,33.12,,33.12,28.27,89.21,28.27,0,8,0.71,73.38,33.24,0,9,0.97,18.52,51.69,133.627,0,137.347,0,12,64.33,50.314,63.94
2025-12-26 14:30,33.12,,33.12,28.27,88.52,28.27,0,8,0.73,73.7,33.26,0,9,0.98,18.52,51.7,133.626,0,127.206,0,12,64.33,63.822,63.642
2025-12-26 14:40,33.12,,33.12,28.27,85.78,28.27,0,8,0.72,79.38,33.25,0,9,0.98,18.52,51.7,133.626,14.799,132.51,0,12,64.326,50.22,63.91
2025-12-26 14:50,33.12,,33.12,28.27,85.78,28.27,0,8,0.71,86.2,33.24,0,9,0.97,18.52,51.69,133.625,45.794,147.998,0,12,64.32,29.978,64.215
2025-12-26 15:00,33.12,,33.12,28.27,84.41,28.27,0,8,0.72,85.22,33.25,0,9,0.99,18.52,51.71,133.628,193.431,147.117,0,12,64.32,30.077,63.938
2025-12-26 15:10,33.12,,33.12,28.27,85.09,28.27,0,8,0.72,78.21,33.25,0,9,0.99,18.52,51.71,133.627,193.934,157.355,0,12,64.313,19.982,63.961
2025-12-26 15:20,33.12,,33.12,28.27,86.46,28.27,0,8,0.72,79.38,33.25,0,9,0.99,18.52,51.71,133.627,245.742,150.754,0,12,64.31,30.152,64.225
2025-12-26 15:30,33.12,,33.12,28.27,83.72,28.27,0,8,0.72,78.21,33.25,0,9,0.99,18.52,51.71,133.628,169.467,153.292,0,12,64.31,30.302,64.385
2025-12-26 15:40,33.12,,33.12,28.27,87.84,28.27,0,8,0.72,75.88,33.25,0,9,0.99,18.52,51.71,133.628,180.593,155.566,0,12,64.31,54.107,64.209
2025-12-26 15:50,33.12,,33.12,28.27,85.09,28.27,0,8,0.72,79.38,33.25,0,9,0.99,18.52,51.71,133.627,124.516,158.689,0,12,64.315,81.114,63.915
2025-12-26 16:00,33.12,,33.12,28.27,85.78,28.27,0,8,0.71,76.88,33.24,0,9,0.99,18.52,51.71,133.624,17.802,162.15,0,12,64.32,97.946,64.047
2025-12-26 16:10,33.12,,33.12,28.27,88.52,28.27,0,8,0.72,77.04,33.25,0,9,0.99,18.52,51.71,133.622,0,152.913,0,12,64.328,124.797,63.428
2025-12-26 16:20,33.12,,33.12,28.27,91.95,28.27,0,8,0.72,87.55,33.25,0,9,0.99,18.52,51.71,133.62,0,157.179,0,12,64.331,117.84,63.213
2025-12-26 16:30,33.12,,33.12,28.27,89.21,28.27,0,8,0.71,76.88,33.24,0,9,0.99,18.52,51.71,133.618,0,160.326,0,12,64.338,124.546,63.497
2025-12-26 16:40,33.12,,33.12,28.27,96.07,28.27,0,8,0.71,74.55,33.24,0,9,0.99,18.52,51.71,133.618,0,159.655,0,12,64.341,107.712,63.593
2025-12-26 16:50,33.12,,33.12,28.27,99.5,28.27,0,8,0.71,74.55,33.24,0,9,0.99,18.52,51.71,133.618,81.322,158.984,0,12,64.35,128.34,63.595
2025-12-26 17:00,33.12,,33.12,28.27,94.7,28.27,0,8,0.71,81.54,33.24,0,9,0.99,18.52,51.71,133.616,74.517,151.744,0,12,64.358,131.775,63.138
2025-12-26 17:10,33.12,,33.12,28.27,94.01,28.27,0,8,0.72,82.88,33.25,0,9,0.99,18.52,51.71,133.616,76.289,153.138,0,12,64.367,152.298,63.327
2025-12-26 17:20,33.12,,33.12,28.27,93.33,28.27,0,8,0.72,84.05,33.25,0,9,0.99,18.52,51.71,133.614,11.687,153.18,0,12,64.376,152.448,63.378
2025-12-26 17:30,33.12,,33.12,28.27,91.95,28.27,0,8,0.72,84.05,33.25,0,9,0.99,18.52,51.71,133.614,71.254,154.279,0,12,64.381,142.369,63.401
2025-12-26 17:40,33.12,,33.12,28.27,90.58,28.27,0,8,0.72,84.05,33.25,0,9,0.99,18.52,51.71,133.613,11.845,151.076,0,12,64.39,142.721,63.55
2025-12-26 17:50,33.12,,33.12,28.27,91.95,28.27,0,8,0.71,74.55,33.24,0,9,0.99,18.52,51.71,133.611,31.819,154.437,0,12,64.399,142.937,63.526
2025-12-26 18:00,33.12,,33.12,28.27,90.58,28.27,0,8,0.72,73.54,33.25,0,9,0.99,18.52,51.71,133.61,0,156.199,0,12,64.408,157.049,63.737
2025-12-26 18:10,33.12,,33.12,28.27,90.58,28.27,0,8,0.72,74.71,33.25,0,9,0.99,18.52,51.71,133.61,33.846,143.402,0,12,64.415,150.245,63.472
2025-12-26 18:20,33.12,,33.12,28.27,85.09,28.27,0,8,0.71,75.71,33.24,0,9,0.99,18.52,51.71,133.609,83.022,149.132,0,12,64.423,147.093,63.902
2025-12-26 18:30,33.12,,33.12,28.27,86.46,28.27,0,8,0.71,73.38,33.24,0,9,0.99,18.52,51.71,133.61,144.572,141.183,0,12,64.43,140.383,63.942
2025-12-26 18:40,33.12,,33.12,28.27,88.52,28.27,0,8,0.72,75.88,33.25,0,9,0.99,18.52,51.71,133.609,140.451,142.871,0,12,64.44,151.22,63.982
2025-12-26 18:50,33.12,,33.12,28.27,87.84,28.27,0,8,0.72,75.88,33.25,0,9,0.99,18.52,51.71,133.609,128.486,160.238,0,12,64.446,144.539,64.36
2025-12-26 19:00,33.12,,33.12,28.27,87.9,28.27,0,8,0.72,73.54,33.25,0,9,0.99,18.52,51.71,133.608,73.94,141.877,0,12,64.454,148.289,64.192
2025-12-26 19:10,33.12,,33.12,28.27,87.9,28.27,0,8,0.71,73.54,33.24,0,9,0.99,18.52,51.71,133.608,52.941,79.875,0,12,64.462,141.425,64.055
2025-12-26 19:20,33.12,,33.12,28.27,87.9,28.27,0,8,0.71,75.71,33.24,0,9,0.99,18.52,51.71,133.607,11.45,0.43,0,12,64.47,148.623,64.288
2025-12-26 19:30,33.12,,33.12,28.27,85.86,28.27,0,8,0.72,74.71,33.25,0,9,0.99,18.52,51.71,133.606,0,0.43,0,12,64.479,152.327,64.306
2025-12-26 19:40,33.12,,33.12,28.27,87.9,28.27,0,8,0.72,78.21,33.25,0,9,0.99,18.52,51.71,133.603,0,0.43,0,12,64.486,149.021,63.97
2025-12-26 19:50,33.12,,33.12,28.27,87.9,28.27,0,8,0.72,74.71,33.25,0,9,0.99,18.52,51.71,133.602,0,0.43,0,12,64.493,145.59,64.161
2025-12-26 20:00,33.12,,33.12,28.27,87.9,28.27,0,8,0.72,74.71,33.25,0,9,0.99,18.52,51.71,133.603,0,0.43,0,12,64.5,138.576,64.098
2025-12-26 20:10,33.12,,33.12,28.27,89.27,28.27,0,8,0.72,73.54,33.25,0,9,0.99,18.52,51.71,133.602,0,0.43,0,12,64.508,142.274,64.064
2025-12-26 20:20,33.12,,33.12,28.27,88.59,28.27,0,8,0.72,72.37,33.25,0,9,0.99,18.52,51.71,133.603,39.597,0.43,0,12,64.51,124.561,64.187
2025-12-26 20:30,33.12,,33.12,28.27,87.22,28.27,0,8,0.72,72.37,33.25,0,9,0.99,18.52,51.71,133.603,0.43,0.43,0,12,64.512,106.932,64.211
2025-12-26 20:40,33.12,,33.12,28.27,85.86,28.27,0,8,0.72,73.54,33.25,0,9,0.99,18.52,51.71,133.602,4.319,0.43,0,12,64.51,71.328,64.253
2025-12-26 20:50,33.12,,33.12,28.27,89.27,28.27,0,8,0.72,73.54,33.25,0,9,0.99,18.52,51.71,133.602,0,0.43,0,12,64.51,64.212,64.171
2025-12-26 21:00,33.12,,33.12,28.27,87.9,28.27,0,8,0.72,72.37,33.25,0,9,0.99,18.52,51.71,133.602,0,0.43,0,12,64.51,57.047,64.218
2025-12-26 21:10,33.12,,33.12,28.26,90.63,28.26,0,8,0.72,73.54,33.25,0,9,0.99,18.52,51.71,133.602,0,0.43,0,12,64.507,53.389,63.778
2025-12-26 21:20,33.12,,33.12,28.27,85.86,28.27,0,8,0.72,71.21,33.25,0,9,0.99,18.52,51.71,133.604,59.208,0.43,0,12,64.505,46.158,63.812
2025-12-26 21:30,33.12,,33.12,28.26,88.59,28.26,0,8,0.72,74.71,33.25,0,9,0.99,18.52,51.71,133.606,168.819,0.43,0,12,64.504,42.563,64.098
2025-12-26 21:40,33.12,,33.12,28.26,87.9,28.26,0,8,0.72,73.54,33.25,0,9,0.99,18.52,51.71,133.607,211.874,0.43,0,12,64.503,49.692,63.998
2025-12-26 21:50,33.12,,33.12,28.26,85.86,28.26,0,8,0.72,72.37,33.25,0,9,0.99,18.52,51.71,133.607,153.152,0.43,0,12,64.5,46.188,63.967
2025-12-26 22:00,33.12,,33.12,28.26,87.22,28.26,0,8,0.72,72.37,33.25,0,9,0.99,18.52,51.71,133.607,35.652,0.43,0,12,64.494,28.477,64.133
2025-12-26 22:10,33.12,,33.12,28.27,85.18,28.27,0,8,0.72,73.54,33.25,0,9,0.99,18.52,51.71,133.605,0,0.43,0,12,64.49,18.131,64.793
2025-12-26 22:20,33.12,,33.12,28.26,86.54,28.26,0,8,0.72,75.88,33.25,0,9,0.99,18.52,51.71,133.606,0,0.43,0,12,64.49,28.886,64.233
2025-12-26 22:30,33.12,,33.12,28.27,85.86,28.27,0,8,0.71,72.22,33.24,0,9,1,18.52,51.72,133.606,0,0.43,0,12,64.487,39.485,64.096
2025-12-26 22:40,33.12,,33.12,28.26,83.82,28.26,0,8,0.72,73.54,33.25,0,9,1,18.52,51.72,133.606,43.486,0.43,0,12,64.481,32.319,64.294
2025-12-26 22:50,33.12,,33.12,28.27,83.82,28.27,0,8,0.71,73.38,33.24,0,9,1,18.52,51.72,133.608,94.43,0.43,0,12,64.48,28.737,64.154
2025-12-26 23:00,33.12,,33.12,28.27,82.45,28.27,0,8,0.71,73.38,33.24,0,9,1,18.52,51.72,133.608,70.93,0.43,0,12,64.476,25.295,64.103
2025-12-26 23:10,33.12,,33.12,28.26,83.82,28.26,0,8,0.71,72.22,33.24,0,9,1,18.52,51.72,133.608,70.93,0.43,0,12,64.47,25.269,64.216
2025-12-26 23:20,33.12,,33.12,28.26,83.13,28.26,0,8,0.72,73.54,33.25,0,9,1.01,18.52,51.73,133.608,4.374,0.43,0,12,64.463,4.127,64.062
2025-12-26 23:30,33.12,,33.12,28.27,82.45,28.27,0,8,0.72,73.54,33.25,0,9,1.01,18.52,51.73,133.607,0,0.43,0,12,64.46,7.662,64.04
2025-12-26 23:40,33.12,,33.12,28.26,83.82,28.26,0,8,0.72,70.04,33.25,0,9,1.01,18.52,51.73,133.607,0,0.43,0,12,64.46,28.816,64.011
2025-12-26 23:50,33.12,,33.12,28.26,84.5,28.26,0,8,0.72,72.37,33.25,0,9,1.01,18.52,51.73,133.608,0,0.43,0,12,64.455,35.868,64.051
2025-12-27 0:00,33.12,,33.12,28.26,81.09,28.26,0,8,0.72,73.54,33.25,0,9,1.01,18.52,51.73,133.608,31.763,0.43,0,12,64.45,28.848,63.981
2025-12-27 0:10,33.12,,33.12,28.26,85.86,28.26,0,8,0.72,73.54,33.25,0,9,1.01,18.52,51.73,133.609,74.819,0.43,0,12,64.448,21.784,63.986
2025-12-27 0:20,33.12,,33.12,28.26,83.9,28.26,0,8,0.72,74.71,33.25,0,9,1.01,18.52,51.73,133.61,66.986,0.43,0,12,64.44,11.371,63.98
2025-12-27 0:30,33.12,,33.12,28.27,84.58,28.27,0,8,0.72,74.71,33.25,0,9,1.01,18.52,51.73,133.61,70.874,0.43,0,12,64.44,28.893,63.879
2025-12-27 0:40,33.12,,33.12,28.27,87.96,28.27,0,8,0.72,73.54,33.25,0,9,1.01,18.52,51.73,133.612,129.652,0.43,0,12,64.431,4.383,63.79
2025-12-27 0:50,33.12,,33.12,28.26,87.22,28.26,0,8,0.72,70.04,33.25,0,9,1.02,18.52,51.74,133.611,63.097,0.43,0,12,64.43,28.818,63.785
2025-12-27 1:00,33.12,,33.12,28.27,86.54,28.27,0,8,0.72,74.71,33.25,0,9,1.02,18.52,51.74,133.611,51.374,0.43,0,12,64.427,18.266,63.723
2025-12-27 1:10,33.12,,33.12,28.26,88.59,28.26,0,8,0.72,70.04,33.25,0,9,1.02,18.52,51.74,133.611,0,0.43,0,12,64.421,28.845,63.694
2025-12-27 1:20,33.12,,33.12,28.27,87.9,28.27,0,8,0.72,72.37,33.25,0,9,1.02,18.52,51.74,133.611,0,0.43,0,12,64.42,28.839,63.767
2025-12-27 1:30,33.12,,33.12,28.27,82.45,28.27,0,8,0.72,73.54,33.25,0,9,1.01,18.52,51.73,133.61,0,0.43,0,12,64.411,8.037,63.649
2025-12-27 1:40,33.12,,33.12,28.26,85.86,28.26,0,8,0.72,77.04,33.25,0,9,1.02,18.52,51.74,133.61,0,0.43,0,12,64.41,25.45,63.767
2025-12-27 1:50,33.12,,33.12,28.27,85.18,28.27,0,8,0.72,77.04,33.25,0,9,1.02,18.52,51.74,133.61,0,0.43,0,12,64.407,18.493,63.728
2025-12-27 2:00,33.12,,33.12,28.27,85.86,28.27,0,8,0.72,70.04,33.25,0,9,1.01,18.52,51.73,133.61,35.652,0.43,0,12,64.4,25.513,63.711
2025-12-27 2:10,33.12,,33.12,28.27,85.86,28.27,0,8,0.72,72.37,33.25,0,9,1.02,18.52,51.74,133.611,27.874,0.43,0,12,64.399,25.558,63.734
2025-12-27 2:20,33.12,,33.12,28.27,84.5,28.27,0,8,0.72,71.21,33.25,0,9,1.01,18.52,51.73,133.612,51.319,0.43,0,12,64.39,4.982,64
2025-12-27 2:30,33.12,,33.12,28.27,83.82,28.27,0,8,0.72,71.21,33.25,0,9,1.02,18.52,51.74,133.612,43.541,0.43,0,12,64.39,29.211,63.567
2025-12-27 2:40,33.12,,33.12,28.27,87.9,28.27,0,8,0.72,73.54,33.25,0,9,1.02,18.52,51.74,133.611,27.819,0.43,0,12,64.382,5.001,63.603
2025-12-27 2:50,33.12,,33.12,28.27,81.09,28.27,0,8,0.72,72.37,33.25,0,9,1,18.52,51.72,133.611,0,0.43,0,12,64.38,29.021,63.558
2025-12-27 3:00,33.12,,33.12,28.27,83.82,28.27,0,8,0.72,71.21,33.25,0,9,1.01,18.52,51.73,133.612,0.43,0.43,0,12,64.374,8.371,63.453
2025-12-27 3:10,33.12,,33.12,28.27,85.86,28.27,0,8,0.72,72.37,33.25,0,9,1.03,18.52,51.75,133.612,8.263,0.43,0,12,64.37,22.29,63.86
2025-12-27 3:20,33.12,,33.12,28.27,82.45,28.27,0,8,0.72,72.37,33.25,0,9,1.02,18.52,51.74,133.614,114.041,0.43,0,12,64.367,18.901,63.558
2025-12-27 3:30,33.12,,33.12,28.27,85.18,28.27,0,8,0.72,73.54,33.25,0,9,1.02,18.52,51.74,133.615,145.319,0.43,0,12,64.361,18.867,63.184
2025-12-27 3:40,33.12,,33.12,28.27,82.45,28.27,0,8,0.72,73.54,33.25,0,9,1.01,18.52,51.73,133.616,164.93,0.43,0,12,64.359,25.605,63.408
2025-12-27 3:50,33.12,,33.12,28.27,82.45,28.27,0,8,0.72,73.54,33.25,0,9,1.01,18.52,51.73,133.616,66.986,0.43,0,12,64.351,8.541,63.531
2025-12-27 4:00,33.12,,33.12,28.27,82.45,28.27,0,8,0.72,70.04,33.25,0,9,1.01,18.52,51.73,133.615,8.263,0.43,0,12,64.35,25.812,63.499
2025-12-27 4:10,33.12,,33.12,28.27,83.82,28.27,0,8,0.73,70.19,33.26,0,9,1.01,18.52,51.73,133.615,0,0.43,0,12,64.345,15.689,63.539
2025-12-27 4:20,33.12,,33.12,28.27,84.5,28.27,0,8,0.73,63.17,33.26,0,9,1.01,18.52,51.73,133.615,0,0.43,0,12,64.34,25.976,63.558
2025-12-27 4:30,33.12,,33.12,28.27,83.82,28.27,0,8,0.73,67.85,33.26,0,9,1.01,18.52,51.73,133.615,0,0.43,0,12,64.337,19.203,63.68
2025-12-27 4:40,33.12,,33.12,28.27,81.77,28.27,0,8,0.73,70.19,33.26,0,9,1.01,18.52,51.73,133.615,0,0.43,0,12,64.33,12.598,63.891
2025-12-27 4:50,33.12,,33.12,28.27,85.86,28.27,0,8,0.72,66.54,33.25,0,9,1.01,18.52,51.73,133.614,0,0.43,0,12,64.328,23.058,64.103
2025-12-27 5:00,33.12,,33.12,28.27,83.82,28.27,0,8,0.72,65.37,33.25,0,9,1.01,18.52,51.73,133.615,8.263,0.43,0,12,64.32,6.188,63.737
2025-12-27 5:10,33.12,,33.12,28.27,84.5,28.27,0,8,0.72,63.04,33.25,0,9,1.05,18.52,51.77,133.616,43.486,0.43,0,12,64.32,29.923,63.761
2025-12-27 5:20,33.12,,33.12,28.27,78.36,28.27,0,8,0.72,66.54,33.25,0,9,1.04,18.52,51.76,133.616,70.93,0.43,0,12,64.313,12.757,63.274
2025-12-27 5:30,33.12,,33.12,28.27,80.41,28.27,0,8,0.72,65.37,33.25,0,9,1.04,18.52,51.76,133.616,31.763,0.43,0,12,64.31,29.66,63.613
2025-12-27 5:40,33.12,,33.12,28.27,80.41,28.27,0,8,0.72,65.37,33.25,0,9,1.04,18.52,51.76,133.616,0,0.43,0,12,64.307,19.63,64.002
2025-12-27 5:50,33.12,,33.12,28.27,81.77,28.27,0,8,0.73,66.68,33.26,0,9,1.04,18.52,51.76,133.616,0,0.43,0,12,64.3,19.925,63.825
2025-12-27 6:00,33.12,,33.12,28.27,83.13,28.27,0,8,0.72,65.37,33.25,0,9,1.04,18.52,51.76,133.615,0,0.43,0,12,64.299,26.665,63.502
2025-12-27 6:10,33.12,,33.12,28.27,82.45,28.27,0,8,0.72,67.71,33.25,0,9,1.05,18.52,51.77,133.617,39.597,0.43,0,12,64.29,6.392,63.683
2025-12-27 6:20,33.12,,33.12,28.27,85.18,28.27,0,8,0.72,67.71,33.25,0,9,1.04,18.52,51.76,133.617,55.263,0.43,0,12,64.288,23.118,63.336
2025-12-27 6:30,33.12,,33.12,28.27,83.82,28.27,0,8,0.72,63.04,33.25,0,9,1.05,18.52,51.77,133.619,133.652,0.43,0,12,64.28,0,63.704
2025-12-27 6:40,33.12,,33.12,28.27,79.73,28.27,0,8,0.72,60.7,33.25,0,9,1.05,18.52,51.77,133.621,168.874,0.43,0,12,64.28,29.825,63.269
2025-12-27 6:50,33.12,,33.12,28.27,79.73,28.27,0,8,0.73,53.81,33.26,0,9,1.04,18.52,51.76,133.623,227.652,0.43,0,12,64.274,16.625,63.734
2025-12-27 7:00,33.12,,33.12,28.27,80.41,28.27,0,8,0.73,53.81,33.26,0,9,1.05,18.52,51.77,133.623,180.597,0.43,0,12,64.27,30.064,63.521
2025-12-27 7:10,33.12,,33.12,28.27,81.77,28.27,0,8,0.73,57.32,33.26,0,9,1.06,18.52,51.78,133.623,67.041,0.43,0,12,64.265,13.442,63.57
2025-12-27 7:20,33.12,,33.12,28.27,80.41,28.27,0,8,0.73,53.81,33.26,0,9,1.06,18.52,51.78,133.621,0,0.43,0,12,64.26,16.66,63.221
2025-12-27 7:30,33.12,,33.12,28.27,81.77,28.27,0,8,0.73,56.15,33.26,0,9,1.06,18.52,51.78,133.62,0,0.43,0,12,64.257,19.96,63.257
2025-12-27 7:40,33.12,,33.12,28.27,83.82,28.27,0,8,0.73,54.98,33.26,0,9,1.05,18.52,51.77,133.62,0,0.43,0,12,64.25,13.297,63.247
2025-12-27 7:50,33.12,,33.12,28.27,81.77,28.27,0,8,0.73,64.34,33.26,0,9,1.06,18.52,51.78,133.62,0,0.43,0,12,64.25,29.948,63.173
2025-12-27 8:00,33.12,,33.12,28.27,81.09,28.27,0,8,0.72,58.37,33.25,0,9,1.05,18.52,51.77,133.619,0,5.308,0,12,64.243,16.599,63.044
2025-12-27 8:10,33.12,,33.12,28.27,83.82,28.27,0,8,0.72,63.04,33.25,0,9,1.06,18.52,51.78,133.614,0,156.298,0,12,64.24,29.799,62.849
2025-12-27 8:20,33.12,,33.12,28.27,88.52,28.27,0,8,0.73,60.83,33.26,0,9,1.05,18.52,51.77,133.608,0,151.734,0,12,64.236,16.425,62.715
2025-12-27 8:30,33.12,,33.12,28.27,93.33,28.27,0,8,0.73,66.68,33.26,0,9,1.06,18.52,51.78,133.608,0,158.386,0,12,64.23,19.767,62.739
2025-12-27 8:40,33.12,,33.12,28.27,89.21,28.27,0,8,0.73,67.85,33.26,0,9,1.06,18.52,51.78,133.608,0,154.461,0,12,64.229,26.348,62.758
2025-12-27 8:50,33.12,,33.12,28.27,84.41,28.27,0,8,0.73,67.85,33.26,0,9,1.04,18.52,51.76,133.606,78.284,157.006,0,12,64.22,9.922,62.77
2025-12-27 9:00,33.12,,33.12,28.27,85.78,28.27,0,8,0.73,65.51,33.26,0,9,1.04,18.52,51.76,133.607,128.49,156.336,0,12,64.218,23.201,62.907
2025-12-27 9:10,33.12,,33.12,28.27,80.97,28.27,0,8,0.73,65.51,33.26,0,9,1.04,18.52,51.76,133.607,128.562,142.843,0,12,64.21,0.017,62.039
2025-12-27 9:20,33.12,,33.12,28.27,82.35,28.27,0,8,0.73,59.66,33.26,0,9,1.05,18.52,51.77,133.607,169.728,139.504,0,12,64.21,29.474,62.143
2025-12-27 9:30,33.12,,33.12,28.27,77.54,28.27,0,8,0.73,62,33.26,0,9,1.05,18.52,51.77,133.606,107.544,157.785,0,12,64.205,19.533,62.583
2025-12-27 9:40,33.12,,33.12,28.27,80.97,28.27,0,8,0.73,62,33.26,0,9,1.05,18.52,51.77,133.606,93.819,148.669,0,12,64.2,29.567,62.476
2025-12-27 9:50,33.12,,33.12,28.27,77.54,28.27,0,8,0.72,63.04,33.25,0,9,1.05,18.52,51.77,133.605,93.83,151.371,0,12,64.195,13.242,62.333
2025-12-27 10:00,33.12,,33.12,28.27,80.29,28.27,0,8,0.72,61.87,33.25,0,9,1.07,18.52,51.79,133.605,107.404,151.34,0,12,64.19,13.252,62.28
2025-12-27 10:10,33.12,,33.12,28.27,76.86,28.27,0,8,0.72,71.21,33.25,0,9,1.06,18.52,51.78,133.604,75.204,134.234,0,12,64.191,32.63,61.609
2025-12-27 10:20,33.12,,33.12,28.27,79.6,28.27,0,8,0.72,68.87,33.25,0,9,1.06,18.52,51.78,133.604,87.849,130.64,0,12,64.204,91.446,61.949
2025-12-27 10:30,33.12,,33.12,28.27,78.92,28.27,0,8,0.72,71.21,33.25,0,9,1.05,18.52,51.77,133.604,102.814,125.735,0,12,64.215,143.931,62.401
2025-12-27 10:40,33.12,,33.12,28.27,80.97,28.27,0,8,0.72,68.87,33.25,0,9,1.06,18.52,51.78,133.602,45.903,128.167,0,12,64.229,187.084,62.402
2025-12-27 10:50,33.12,,33.12,28.27,82.35,28.27,0,8,0.72,73.54,33.25,0,9,1.06,18.52,51.78,133.601,7.099,131.561,0,12,64.23,148.034,62.465
2025-12-27 11:00,33.12,,33.12,28.27,79.6,28.27,0,8,0.72,77.04,33.25,0,9,1.06,18.52,51.78,133.598,0,154.907,0,12,64.23,112.151,63.086
2025-12-27 11:10,33.12,,33.12,28.27,81.66,28.27,0,8,0.72,73.54,33.25,0,9,1.06,18.52,51.78,133.602,100.636,15.441,0,12,64.233,76.039,62.9
2025-12-27 11:20,33.12,,33.12,28.27,82.35,28.27,0,8,0.72,68.87,33.25,0,9,1.07,18.52,51.79,133.605,217.481,0.43,0,12,64.24,95.976,62.775
2025-12-27 11:30,33.12,,33.12,28.27,76.86,28.27,0,8,0.72,70.04,33.25,0,9,1.07,18.52,51.79,133.605,279.545,0.43,0,12,64.25,129.182,63.038
2025-12-27 11:40,33.12,,33.12,28.27,78.92,28.27,0,8,0.72,70.04,33.25,0,9,1.07,18.52,51.79,133.604,82.708,0.43,0,12,64.26,152.6,62.988
2025-12-27 11:50,33.12,,33.12,28.27,84.41,28.27,0,8,0.72,72.37,33.25,0,9,1.06,18.52,51.78,133.605,19.986,0.43,0,12,64.265,146.179,63.01
2025-12-27 12:00,33.12,,33.12,28.27,82.35,28.27,0,8,0.72,73.54,33.25,0,9,1.06,18.52,51.78,133.605,0,0.43,0,12,64.27,129.658,62.976
2025-12-27 12:10,33.12,,33.12,28.27,78.92,28.27,0,8,0.73,69.02,33.26,0,9,1.05,18.52,51.77,133.605,27.819,0.43,0,12,64.27,96.374,62.969
2025-12-27 12:20,33.12,,33.12,28.27,80.29,28.27,0,8,0.73,70.19,33.26,0,9,1.06,18.52,51.78,133.606,39.597,0.43,0,12,64.278,106.491,63.029
2025-12-27 12:30,33.12,,33.12,28.27,81.66,28.27,0,8,0.72,73.54,33.25,0,9,1.05,18.52,51.77,133.607,78.763,0.43,0,12,64.28,96.47,63.08
2025-12-27 12:40,33.12,,33.12,28.27,83.03,28.27,0,8,0.72,71.21,33.25,0,9,1.05,18.52,51.77,133.602,0,0.43,0,12,64.28,96.478,62.992
2025-12-27 12:50,33.12,,33.12,28.27,85.78,28.27,0,8,0.72,72.37,33.25,0,9,1.06,18.52,51.78,133.605,0,0.43,0,12,64.28,69.483,62.378
2025-12-27 13:00,33.12,,33.12,28.27,83.72,28.27,0,8,0.73,70.19,33.26,0,9,1.08,18.52,51.8,133.607,0,0.43,0,12,64.277,52.575,62.523
2025-12-27 13:10,33.12,,33.12,28.27,84.41,28.27,0,8,0.73,65.51,33.26,0,9,1.08,18.52,51.8,133.608,227.597,0.43,0,12,64.27,29.081,62.675
2025-12-27 13:20,33.12,,33.12,28.27,84.41,28.27,0,8,0.73,65.51,33.26,0,9,1.07,18.52,51.79,133.608,114.041,0.43,0,12,64.271,32.282,61.982
2025-12-27 13:30,33.12,,33.12,28.27,83.72,28.27,0,8,0.73,64.34,33.26,0,9,1.07,18.52,51.79,133.607,8.263,0.43,0,12,64.27,39.087,62.772
2025-12-27 13:40,33.12,,33.12,28.27,85.78,28.27,0,8,0.73,63.17,33.26,0,9,1.06,18.52,51.78,133.606,0,0.43,0,12,64.27,62.522,62.812
2025-12-27 13:50,33.12,,33.12,28.27,85.78,28.27,0,8,0.73,60.83,33.26,0,9,1.06,18.52,51.78,133.605,0,0.43,0,12,64.266,46.136,62.989
2025-12-27 14:00,33.12,,33.12,28.27,82.35,28.27,0,8,0.73,64.34,33.26,0,9,1.06,18.52,51.78,133.606,0,0.43,0,12,64.26,29.571,63.077
2025-12-27 14:10,33.12,,33.12,28.27,79.6,28.27,0,8,0.73,63.17,33.26,0,9,1.06,18.52,51.78,133.602,0,141.594,0,12,64.259,26.202,62.682
2025-12-27 14:20,33.12,,33.12,28.27,82.35,28.27,0,8,0.73,63.17,33.26,0,9,1.07,18.52,51.79,133.602,0,152.698,0,12,64.254,22.991,63.183
2025-12-27 14:30,33.12,,33.12,28.27,84.41,28.27,0,8,0.73,72.53,33.26,0,9,1.07,18.52,51.79,133.602,0,158.063,0,12,64.25,29.747,63.174
2025-12-27 14:40,33.12,,33.12,28.27,83.72,28.27,0,8,0.73,65.51,33.26,0,9,1.07,18.52,51.79,133.601,111.979,154.344,0,12,64.25,33.185,63.031
2025-12-27 14:50,33.12,,33.12,28.27,85.09,28.27,0,8,0.73,67.85,33.26,0,9,1.07,18.52,51.79,133.598,9.163,149.582,0,12,64.25,49.558,62.302
2025-12-27 15:00,33.12,,33.12,28.27,85.09,28.27,0,8,0.73,65.51,33.26,0,9,1.06,18.52,51.78,133.6,68.832,137.404,0,12,64.241,32.579,62.07
2025-12-27 15:10,33.12,,33.12,28.27,87.84,28.27,0,8,0.73,65.51,33.26,0,9,1.06,18.52,51.78,133.599,55.665,150.177,0,12,64.24,29.042,62.42
2025-12-27 15:20,33.12,,33.12,28.27,88.52,28.27,0,8,0.73,64.34,33.26,0,9,1.05,18.52,51.77,133.599,155.319,154.877,0,12,64.238,22.739,63.227
2025-12-27 15:30,33.12,,33.12,28.27,89.21,28.27,0,8,0.73,60.83,33.26,0,9,1.06,18.52,51.78,133.599,96.35,160.162,0,12,64.23,26.462,62.905
2025-12-27 15:40,33.12,,33.12,28.27,86.46,28.27,0,8,0.73,60.83,33.26,0,9,1.06,18.52,51.78,133.597,95.606,159.614,0,12,64.23,29.988,62.999
2025-12-27 15:50,33.12,,33.12,28.27,85.78,28.27,0,8,0.73,56.15,33.26,0,9,1.06,18.52,51.78,133.595,22.999,160.387,0,12,64.23,36.467,62.831
2025-12-27 16:00,33.12,,33.12,28.27,87.84,28.27,0,8,0.73,56.15,33.26,0,9,1.06,18.52,51.78,133.594,0,164.221,0,12,64.237,86.06,62.849
2025-12-27 16:10,33.12,,33.12,28.27,88.52,28.27,0,8,0.73,57.32,33.26,0,9,1.04,18.52,51.76,133.593,0,155.804,0,12,64.249,125.731,62.681
2025-12-27 16:20,33.12,,33.12,28.27,87.15,28.27,0,8,0.73,59.66,33.26,0,9,1.06,18.52,51.78,133.592,43.229,161.996,0,12,64.258,155.776,63.131
2025-12-27 16:30,33.12,,33.12,28.27,88.52,28.27,0,8,0.73,58.49,33.26,0,9,1.04,18.52,51.76,133.593,114.575,155.091,0,12,64.26,139.277,62.85
2025-12-27 16:40,33.12,,33.12,28.27,91.95,28.27,0,8,0.73,69.02,33.26,0,9,1.05,18.52,51.77,133.592,129.591,153.854,0,12,64.262,106.198,62.779
2025-12-27 16:50,33.12,,33.12,28.27,90.58,28.27,0,8,0.73,66.68,33.26,0,9,1.06,18.52,51.78,133.591,119.261,142.671,0,12,64.269,99.389,62.372
2025-12-27 17:00,33.12,,33.12,28.27,93.33,28.27,0,8,0.73,63.17,33.26,0,9,1.06,18.52,51.78,133.589,0,151.403,0,12,64.279,126.156,62.816
2025-12-27 17:10,33.12,,33.12,28.27,90.58,28.27,0,8,0.73,64.34,33.26,0,9,1.05,18.52,51.77,133.587,0,159.5,0,12,64.288,149.845,63.18
2025-12-27 17:20,33.12,,33.12,28.27,88.52,28.27,0,8,0.73,60.83,33.26,0,9,1.05,18.52,51.77,133.585,0,157.665,0,12,64.297,157.052,63.327
2025-12-27 17:30,33.12,,33.12,28.27,87.15,28.27,0,8,0.73,64.34,33.26,0,9,1.05,18.52,51.77,133.584,0,147.203,0,12,64.307,157.35,62.877
2025-12-27 17:40,33.12,,33.12,28.27,85.78,28.27,0,8,0.73,58.49,33.26,0,9,1.04,18.52,51.76,133.582,0,158.947,0,12,64.313,147.436,63.271
2025-12-27 17:50,33.12,,33.12,28.27,84.41,28.27,0,8,0.73,60.83,33.26,0,9,1.04,18.52,51.76,133.581,2.223,158.352,0,12,64.32,140.891,63.359
2025-12-27 18:00,33.12,,33.12,28.27,83.03,28.27,0,8,0.73,58.49,33.26,0,9,1.04,18.52,51.76,133.58,16.946,156.206,0,12,64.325,124.215,63.182
2025-12-27 18:10,33.12,,33.12,28.27,87.15,28.27,0,8,0.73,59.66,33.26,0,9,1.04,18.52,51.76,133.581,94.728,157.458,0,12,64.334,134.589,63.394
2025-12-27 18:20,33.12,,33.12,28.27,85.78,28.27,0,8,0.73,60.83,33.26,0,9,1.03,18.52,51.75,133.581,125.37,156.446,0,12,64.344,144.92,63.353
2025-12-27 18:30,33.12,,33.12,28.27,90.58,28.27,0,8,0.73,64.34,33.26,0,9,1.03,18.52,51.75,133.58,153.466,158.162,0,12,64.353,158.803,63.329
2025-12-27 18:40,33.12,,33.12,28.27,90.58,28.27,0,8,0.73,59.66,33.26,0,9,1.01,18.52,51.73,133.579,76.534,149.826,0,12,64.361,155.513,63.192
2025-12-27 18:50,33.12,,33.12,28.27,85.78,28.27,0,8,0.73,58.49,33.26,0,9,1.01,18.52,51.73,133.578,56.524,155.085,0,12,64.369,149.002,63.652
2025-12-27 19:00,33.12,,33.12,28.27,84.41,28.27,0,8,0.73,58.49,33.26,0,9,1.03,18.52,51.75,133.577,44.091,144.364,0,12,64.377,145.701,63.258
2025-12-27 19:10,33.12,,33.12,28.27,83.03,28.27,0,8,0.73,60.83,33.26,0,9,1.02,18.52,51.74,133.577,67.006,148.07,0,12,64.383,139.056,63.259
2025-12-27 19:20,33.12,,33.12,28.27,85.78,28.27,0,8,0.73,62,33.26,0,9,1.02,18.52,51.74,133.576,60.119,157.756,0,12,64.39,135.757,63.587
2025-12-27 19:30,33.12,,33.12,28.27,87.84,28.27,0,8,0.73,65.51,33.26,0,9,1.02,18.52,51.74,133.574,23.595,152.293,0,12,64.399,139.477,63.586
2025-12-27 19:40,33.12,,33.12,28.27,83.72,28.27,0,8,0.73,64.34,33.26,0,9,1.01,18.52,51.73,133.574,44.102,127.422,0,12,64.408,150.08,63.568
2025-12-27 19:50,33.12,,33.12,28.27,86.46,28.27,0,8,0.73,65.51,33.26,0,9,1.01,18.52,51.73,133.575,81.432,11.581,0,12,64.416,153.784,63.864
2025-12-27 20:00,33.12,,33.12,28.27,83.72,28.27,0,8,0.73,63.17,33.26,0,9,1.01,18.52,51.73,133.576,120.811,0.43,0,12,64.425,154.115,63.746
2025-12-27 20:10,33.12,,33.12,28.27,87.15,28.27,0,8,0.73,63.17,33.26,0,9,1.01,18.52,51.73,133.574,19.758,0.43,0,12,64.43,140.403,63.767
2025-12-27 20:20,33.12,,33.12,28.27,84.41,28.27,0,8,0.73,63.17,33.26,0,9,1.01,18.52,51.73,133.574,0,0.43,0,12,64.44,147.654,63.949
2025-12-27 20:30,33.12,,33.12,28.27,83.72,28.27,0,8,0.73,67.85,33.26,0,9,1.01,18.52,51.73,133.573,0,0.43,0,12,64.447,140.783,63.799
2025-12-27 20:40,33.12,,33.12,28.27,81.09,28.27,0,8,0.73,67.85,33.26,0,9,1.01,18.52,51.73,133.572,0,0.43,0,12,64.454,147.992,63.893
2025-12-27 20:50,33.12,,33.12,28.27,79.73,28.27,0,8,0.73,62,33.26,0,9,1.01,18.52,51.73,133.57,0,0.43,0,12,64.46,134.182,64.186
2025-12-27 21:00,33.12,,33.12,28.27,83.13,28.27,0,8,0.73,64.34,33.26,0,9,1.01,18.52,51.73,133.57,0,0.43,0,12,64.46,109.863,64.344
2025-12-27 21:10,33.12,,33.12,28.27,82.45,28.27,0,8,0.73,66.68,33.26,0,9,1.01,18.52,51.73,133.569,0,0.43,0,12,64.461,88.734,63.84
2025-12-27 21:20,33.12,,33.12,28.27,82.45,28.27,0,8,0.73,62,33.26,0,9,1.01,18.52,51.73,133.572,86.541,0.43,0,12,64.46,64.085,64.072
2025-12-27 21:30,33.12,,33.12,28.27,79.73,28.27,0,8,0.73,67.85,33.26,0,9,1.01,18.52,51.73,133.574,176.486,0.43,0,12,64.46,63.902,63.793
2025-12-27 21:40,33.12,,33.12,28.27,81.09,28.27,0,8,0.73,65.51,33.26,0,9,1,18.52,51.72,133.574,215.597,0.43,0,12,64.459,56.893,63.981
2025-12-27 21:50,33.12,,33.12,28.27,79.73,28.27,0,8,0.73,63.17,33.26,0,9,1,18.52,51.72,133.575,102.152,0.43,0,12,64.457,53.395,64.078
2025-12-27 22:00,33.12,,33.12,28.27,80.41,28.27,0,8,0.73,67.85,33.26,0,9,1,18.52,51.72,133.574,8.208,0.43,0,12,64.459,60.451,63.959
2025-12-27 22:10,33.12,,33.12,28.27,81.09,28.27,0,8,0.73,60.83,33.26,0,9,1,18.52,51.72,133.572,0,0.43,0,12,64.453,43.094,64.578
2025-12-27 22:20,33.12,,33.12,28.27,78.36,28.27,0,8,0.73,57.32,33.26,0,9,1,18.52,51.72,133.571,0,0.43,0,12,64.45,39.597,64.086
2025-12-27 22:30,33.12,,33.12,28.27,80.41,28.27,0,8,0.73,59.66,33.26,0,9,1,18.52,51.72,133.571,0,0.43,0,12,64.45,32.601,63.972
2025-12-27 22:40,33.12,,33.12,28.27,76.32,28.27,0,8,0.73,65.51,33.26,0,9,0.99,18.52,51.71,133.572,4.374,0.43,0,12,64.44,18.329,63.597
2025-12-27 22:50,33.12,,33.12,28.27,79.05,28.27,0,8,0.73,60.83,33.26,0,9,0.99,18.52,51.71,133.573,70.874,0.43,0,12,64.44,28.693,63.677
2025-12-27 23:00,33.12,,33.12,28.27,79.73,28.27,0,8,0.73,58.49,33.26,0,9,0.99,18.52,51.71,133.576,168.708,0.43,0,12,64.439,24.856,62.961
2025-12-27 23:10,33.12,,33.12,28.27,82.45,28.27,0,8,0.73,63.17,33.26,0,9,0.98,18.52,51.7,133.576,156.93,0.43,0,12,64.43,28.565,64.058
2025-12-27 23:20,33.12,,33.12,28.27,83.13,28.27,0,8,0.73,67.85,33.26,0,9,0.98,18.52,51.7,133.575,86.486,0.43,0,12,64.43,28.597,63.771
2025-12-27 23:30,33.12,,33.12,28.27,83.13,28.27,0,8,0.73,60.83,33.26,0,9,1,18.52,51.72,133.575,0,0.43,0,12,64.429,28.828,63.655
2025-12-27 23:40,33.12,,33.12,28.27,82.45,28.27,0,8,0.73,63.17,33.26,0,9,0.99,18.52,51.71,133.574,0,0.43,0,12,64.421,32.218,63.395
2025-12-27 23:50,33.12,,33.12,28.27,80.41,28.27,0,8,0.73,62,33.26,0,9,0.99,18.52,51.71,133.574,0,0.43,0,12,64.42,28.587,63.378
2025-12-28 0:00,33.12,,33.12,28.27,80.41,28.27,0,8,0.73,63.17,33.26,0,9,0.99,18.52,51.71,133.573,0,0.43,0,12,64.413,7.602,63.199
2025-12-28 0:10,33.12,,33.12,28.27,81.77,28.27,0,8,0.73,63.17,33.26,0,9,0.99,18.52,51.71,133.573,0,0.43,0,12,64.41,25.129,63.643
2025-12-28 0:20,33.12,,33.12,28.27,81.77,28.27,0,8,0.73,64.34,33.26,0,9,1,18.52,51.72,133.572,0,0.43,0,12,64.409,25.128,63.375
2025-12-28 0:30,33.12,,33.12,28.27,83.13,28.27,0,8,0.73,64.34,33.26,0,9,1,18.52,51.72,133.574,31.708,0.43,0,12,64.407,42.458,63.025
2025-12-28 0:40,33.12,,33.12,28.27,81.77,28.27,0,8,0.73,62,33.26,0,9,1,18.52,51.72,133.578,168.708,0.43,0,12,64.4,28.618,63.622
2025-12-28 0:50,33.12,,33.12,28.27,79.73,28.27,0,8,0.73,67.85,33.26,0,9,1,18.52,51.72,133.578,207.763,0.43,0,12,64.399,28.585,63.108
2025-12-28 1:00,33.12,,33.12,28.27,76.32,28.27,0,8,0.73,67.85,33.26,0,9,1,18.52,51.72,133.578,164.763,0.43,0,12,64.391,7.68,62.476
2025-12-28 1:10,33.12,,33.12,28.27,79.05,28.27,0,8,0.73,64.34,33.26,0,9,0.99,18.52,51.71,133.578,0,0.43,0,12,64.388,21.454,63.28
2025-12-28 1:20,33.12,,33.12,28.27,79.05,28.27,0,8,0.73,73.7,33.26,0,9,0.99,18.52,51.71,133.577,0,0.43,0,12,64.38,0,63.387
2025-12-28 1:30,33.12,,33.12,28.27,79.73,28.27,0,8,0.73,71.36,33.26,0,9,0.99,18.52,51.71,133.576,0,0.43,0,12,64.38,25.287,63.195
2025-12-28 1:40,33.12,,33.12,28.27,78.36,28.27,0,8,0.73,65.51,33.26,0,9,0.99,18.52,51.71,133.575,0,0.43,0,12,64.378,28.836,63.425
2025-12-28 1:50,33.12,,33.12,28.27,77.68,28.27,0,8,0.73,65.51,33.26,0,9,0.99,18.52,51.71,133.576,0,0.43,0,12,64.37,29.006,63.564
2025-12-28 2:00,33.12,,33.12,28.27,82.45,28.27,0,8,0.73,60.83,33.26,0,9,0.99,18.52,51.71,133.576,16.097,0.43,0,12,64.367,18.663,63.168
2025-12-28 2:10,33.12,,33.12,28.27,76.32,28.27,0,8,0.73,62,33.26,0,9,0.98,18.52,51.7,133.577,66.93,0.43,0,12,64.36,1.627,63.65
2025-12-28 2:20,33.12,,33.12,28.27,80.41,28.27,0,8,0.73,62,33.26,0,9,0.98,18.52,51.7,133.578,82.597,0.43,0,12,64.358,22.257,63.453
2025-12-28 2:30,33.12,,33.12,28.27,78.36,28.27,0,8,0.73,59.66,33.26,0,9,0.98,18.52,51.7,133.578,82.597,0.43,0,12,64.351,8.756,63.664
2025-12-28 2:40,33.12,,33.12,28.27,79.73,28.27,0,8,0.73,57.32,33.26,0,9,0.98,18.52,51.7,133.579,102.208,0.43,0,12,64.35,29.338,63.562
2025-12-28 2:50,33.12,,33.12,28.27,77,28.27,0,8,0.73,56.15,33.26,0,9,0.98,18.52,51.7,133.579,35.652,0.43,0,12,64.346,22.373,63.06
2025-12-28 3:00,33.12,,33.12,28.27,80.41,28.27,0,8,0.73,52.64,33.26,0,9,0.97,18.52,51.69,133.579,23.874,0.43,0,12,64.34,25.752,63.301
2025-12-28 3:10,33.12,,33.12,28.27,78.36,28.27,0,8,0.73,58.49,33.26,0,9,0.97,18.52,51.69,133.578,0,0.43,0,12,64.337,18.779,63.142
2025-12-28 3:20,33.12,,33.12,28.27,80.41,28.27,0,8,0.73,57.32,33.26,0,9,0.98,18.52,51.7,133.578,0,0.43,0,12,64.33,8.724,63.228
2025-12-28 3:30,33.12,,33.12,28.27,81.09,28.27,0,8,0.73,62,33.26,0,9,0.98,18.52,51.7,133.578,0,0.43,0,12,64.33,29.178,63.164
2025-12-28 3:40,33.12,,33.12,28.27,82.45,28.27,0,8,0.73,64.34,33.26,0,9,0.98,18.52,51.7,133.579,39.597,0.43,0,12,64.32,5.439,63.091
2025-12-28 3:50,33.12,,33.12,28.27,80.41,28.27,0,8,0.73,64.34,33.26,0,9,0.98,18.52,51.7,133.58,90.43,0.43,0,12,64.32,29.212,63.215
2025-12-28 4:00,33.12,,33.12,28.27,80.41,28.27,0,8,0.73,62,33.26,0,9,0.98,18.52,51.7,133.58,86.541,0.43,0,12,64.312,2.103,63.17
2025-12-28 4:10,33.12,,33.12,28.27,79.73,28.27,0,8,0.73,64.34,33.26,0,9,0.98,18.52,51.7,133.58,43.486,0.43,0,12,64.31,29.309,63.209
2025-12-28 4:20,33.12,,33.12,28.27,79.73,28.27,0,8,0.73,62,33.26,0,9,0.98,18.52,51.7,133.581,31.763,0.43,0,12,64.309,25.926,63.234
2025-12-28 4:30,33.12,,33.12,28.27,81.09,28.27,0,8,0.73,60.83,33.26,0,9,0.98,18.52,51.7,133.579,0,0.43,0,12,64.3,22.641,62.98
2025-12-28 4:40,33.12,,33.12,28.27,82.45,28.27,0,8,0.73,64.34,33.26,0,9,0.98,18.52,51.7,133.578,0,0.43,0,12,64.298,22.712,63.423
2025-12-28 4:50,33.12,,33.12,28.27,83.13,28.27,0,8,0.73,65.51,33.26,0,9,0.98,18.52,51.7,133.578,0,0.43,0,12,64.29,0,62.955
2025-12-28 5:00,33.12,,33.12,28.27,82.45,28.27,0,8,0.73,62,33.26,0,9,0.99,18.52,51.71,133.579,0,0.43,0,12,64.29,29.471,63.034
2025-12-28 5:10,33.12,,33.12,28.27,82.45,28.27,0,8,0.73,63.17,33.26,0,9,0.99,18.52,51.71,133.581,94.319,0.43,0,12,64.281,5.892,63.02
2025-12-28 5:20,33.12,,33.12,28.27,80.41,28.27,0,8,0.73,56.15,33.26,0,9,0.99,18.52,51.71,133.581,113.93,0.43,0,12,64.28,29.335,62.784
2025-12-28 5:30,33.12,,33.12,28.27,79.73,28.27,0,8,0.73,59.66,33.26,0,9,0.99,18.52,51.71,133.582,94.374,0.43,0,12,64.274,9.253,62.957
2025-12-28 5:40,33.12,,33.12,28.27,76.32,28.27,0,8,0.73,56.15,33.26,0,9,0.99,18.52,51.71,133.582,51.319,0.43,0,12,64.27,26.028,62.842
2025-12-28 5:50,33.12,,33.12,28.27,79.05,28.27,0,8,0.73,57.32,33.26,0,9,0.99,18.52,51.71,133.582,27.819,0.43,0,12,64.265,12.723,62.871
2025-12-28 6:00,33.12,,33.12,28.27,79.73,28.27,0,8,0.73,54.98,33.26,0,9,0.99,18.52,51.71,133.581,0,0.43,0,12,64.26,16.181,63.164
2025-12-28 6:10,33.12,,33.12,28.27,81.09,28.27,0,8,0.73,63.17,33.26,0,9,0.99,18.52,51.71,133.581,0,0.43,0,12,64.259,26.34,63.153
2025-12-28 6:20,33.12,,33.12,28.27,80.41,28.27,0,8,0.73,60.83,33.26,0,9,0.99,18.52,51.71,133.581,0,0.43,0,12,64.251,16.382,62.664
2025-12-28 6:30,33.12,,33.12,28.27,80.41,28.27,0,8,0.73,57.32,33.26,0,9,0.99,18.52,51.71,133.582,23.874,0.43,0,12,64.248,22.885,62.673
2025-12-28 6:40,33.12,,33.12,28.27,76.32,28.27,0,8,0.73,60.83,33.26,0,9,0.99,18.52,51.71,133.582,8.263,0.43,0,12,64.241,2.787,62.526
2025-12-28 6:50,33.12,,33.12,28.27,77,28.27,0,8,0.73,56.15,33.26,0,9,0.99,18.52,51.71,133.583,63.097,0.43,0,12,64.24,26.108,62.791
2025-12-28 7:00,33.12,,33.12,28.27,79.05,28.27,0,8,0.73,59.66,33.26,0,9,0.99,18.52,51.71,133.584,86.541,0.43,0,12,64.237,26.227,62.698
2025-12-28 7:10,33.12,,33.12,28.27,78.36,28.27,0,8,0.73,65.51,33.26,0,9,0.99,18.52,51.71,133.585,121.763,0.43,0,12,64.23,26.483,63.127
2025-12-28 7:20,33.12,,33.12,28.27,82.45,28.27,0,8,0.73,62,33.26,0,9,0.99,18.52,51.71,133.585,86.486,0.43,0,12,64.229,26.469,62.749
2025-12-28 7:30,33.12,,33.12,28.27,77.68,28.27,0,8,0.73,57.32,33.26,0,9,0.99,18.52,51.71,133.585,31.763,0.43,0,12,64.22,6.662,62.61
2025-12-28 7:40,33.12,,33.12,28.27,80.29,28.27,0,8,0.73,66.68,33.26,0,9,1,18.52,51.72,133.584,0,0.43,0,12,64.218,22.982,62.419
2025-12-28 7:50,33.12,,33.12,28.27,79.6,28.27,0,8,0.73,63.17,33.26,0,9,1,18.52,51.72,133.584,0,0.43,0,12,64.211,3.305,62.721
2025-12-28 8:00,33.12,,33.12,28.27,78.92,28.27,0,8,0.73,60.83,33.26,0,9,1,18.52,51.72,133.584,0,8.724,0,12,64.209,26.351,62.581
2025-12-28 8:10,33.12,,33.12,28.27,82.35,28.27,0,8,0.73,65.51,33.26,0,9,1,18.52,51.72,133.58,0,154.425,0,12,64.204,16.622,62.565
2025-12-28 8:20,33.12,,33.12,28.27,83.72,28.27,0,8,0.73,69.02,33.26,0,9,1,18.52,51.72,133.58,0,151.349,0,12,64.2,26.462,62.575
2025-12-28 8:30,33.12,,33.12,28.27,80.29,28.27,0,8,0.73,66.68,33.26,0,9,1,18.52,51.72,133.581,43.208,152.516,0,12,64.196,19.925,62.469
2025-12-28 8:40,33.12,,33.12,28.27,78.92,28.27,0,8,0.73,64.34,33.26,0,9,1,18.52,51.72,133.581,187.768,153.773,0,12,64.19,16.694,62.536
2025-12-28 8:50,33.12,,33.12,28.27,78.92,28.27,0,8,0.72,64.2,33.25,0,9,1,18.52,51.72,133.581,184.924,142.817,0,12,64.187,19.936,62.302
2025-12-28 9:00,33.12,,33.12,28.27,83.72,28.27,0,8,0.73,62,33.26,0,9,0.99,18.52,51.71,133.582,183.147,158.851,0,12,64.18,10.179,62.367
2025-12-28 9:10,33.12,,33.12,28.27,84.41,28.27,0,8,0.73,60.83,33.26,0,9,0.99,18.52,51.71,133.582,182.564,152.19,0,12,64.178,23.22,62.325
2025-12-28 9:20,33.12,,33.12,28.27,79.6,28.27,0,8,0.73,60.83,33.26,0,9,0.99,18.52,51.71,133.58,120.319,155.582,0,12,64.172,13.553,62.466
2025-12-28 9:30,33.12,,33.12,28.27,77.54,28.27,0,8,0.73,65.51,33.26,0,9,0.99,18.52,51.71,133.58,64.535,155.999,0,12,64.17,29.869,62.315
2025-12-28 9:40,33.12,,33.12,28.27,82.35,28.27,0,8,0.73,56.15,33.26,0,9,0.99,18.52,51.71,133.579,44.555,150.75,0,12,64.16,3.899,62.248
2025-12-28 9:50,33.12,,33.12,28.27,76.86,28.27,0,8,0.73,59.66,33.26,0,9,0.99,18.52,51.71,133.577,23.254,150.515,0,12,64.16,23.269,62.079
2025-12-28 10:00,33.12,,33.12,28.27,79.6,28.27,0,8,0.73,54.98,33.26,0,9,0.99,18.52,51.71,133.576,4.715,158.88,0,12,64.155,13.677,62.538
2025-12-28 10:10,33.12,,33.12,28.27,80.97,28.27,0,8,0.73,64.34,33.26,0,9,0.99,18.52,51.71,133.575,19.358,147.847,0,12,64.152,36.449,62.229
2025-12-28 10:20,33.12,,33.12,28.27,78.92,28.27,0,8,0.73,57.32,33.26,0,9,0.99,18.52,51.71,133.576,94.878,130.406,0,12,64.17,94.594,61.682
2025-12-28 10:30,33.12,,33.12,28.27,83.03,28.27,0,8,0.73,65.51,33.26,0,9,0.99,18.52,51.71,133.575,94.848,123.624,0,12,64.18,142.906,61.474
2025-12-28 10:40,33.12,,33.12,28.27,88.52,28.27,0,8,0.73,65.51,33.26,0,9,0.99,18.52,51.71,133.573,40.708,114.593,0,12,64.193,194.693,61.255
2025-12-28 10:50,33.12,,33.12,28.27,89.9,28.27,0,8,0.73,66.68,33.26,0,9,0.99,18.52,51.71,133.572,0,121.699,0,12,64.191,129.995,62.088
2025-12-28 11:00,33.12,,33.12,28.27,83.72,28.27,0,8,0.73,76.04,33.26,0,9,0.99,18.52,51.71,133.569,0,112.091,0,12,64.197,117.127,61.537
2025-12-28 11:10,33.12,,33.12,28.27,80.97,28.27,0,8,0.73,70.19,33.26,0,9,0.99,18.52,51.71,133.568,0,134.977,0,12,64.2,84.949,62.555
2025-12-28 11:20,33.12,,33.12,28.27,83.03,28.27,0,8,0.73,69.02,33.26,0,9,0.99,18.52,51.71,133.565,0,129.103,0,12,64.209,121.057,62.246
2025-12-28 11:30,33.12,,33.12,28.27,83.03,28.27,0,8,0.73,65.51,33.26,0,9,0.99,18.52,51.71,133.566,0,120.397,0,12,64.219,134.68,62.573
2025-12-28 11:40,33.12,,33.12,28.27,83.03,28.27,0,8,0.73,69.02,33.26,0,9,0.99,18.52,51.71,133.565,25.519,132.224,0,12,64.23,161.199,62.61
2025-12-28 11:50,33.12,,33.12,28.27,87.84,28.27,0,8,0.73,65.51,33.26,0,9,0.99,18.52,51.71,133.564,85.858,145.788,0,12,64.238,158.298,62.711
2025-12-28 12:00,33.12,,33.12,28.27,86.46,28.27,0,8,0.73,62,33.26,0,9,0.99,18.52,51.71,133.563,42.663,143.312,0,12,64.24,132.118,62.865
2025-12-28 12:10,33.12,,33.12,28.27,85.09,28.27,0,8,0.73,58.49,33.26,0,9,0.99,18.52,51.71,133.565,81.452,25.755,0,12,64.24,95.886,62.915
2025-12-28 12:20,33.12,,33.12,28.27,85.09,28.27,0,8,0.73,78.38,33.26,0,9,0.99,18.52,51.71,133.568,236.444,0.43,0,12,64.245,85.856,62.121
2025-12-28 12:30,33.12,,33.12,28.27,83.72,28.27,0,8,0.73,56.15,33.26,0,9,0.99,18.52,51.71,133.571,321.816,0.43,0,12,64.251,99.041,62.42
2025-12-28 12:40,33.12,,33.12,28.27,84.5,28.27,0,8,0.73,56.15,33.26,0,9,0.99,18.52,51.71,133.569,172.597,0.43,0,12,64.259,125.571,62.673
2025-12-28 12:50,33.12,,33.12,28.27,85.86,28.27,0,8,0.73,58.49,33.26,0,9,0.99,18.52,51.71,133.566,0,0.43,0,12,64.267,135.971,63.153
2025-12-28 13:00,33.12,,33.12,28.27,86.54,28.27,0,8,0.73,59.66,33.26,0,9,0.99,18.52,51.71,133.566,0,0.43,0,12,64.272,132.88,62.815
2025-12-28 13:10,33.12,,33.12,28.27,87.84,28.27,0,8,0.73,62,33.26,0,9,0.99,18.52,51.71,133.564,0,0.43,0,12,64.28,133.185,63.089
2025-12-28 13:20,33.12,,33.12,28.27,89.95,28.27,0,8,0.73,60.83,33.26,0,9,0.99,18.52,51.71,133.564,0,0.43,0,12,64.28,106.602,63.404
2025-12-28 13:30,33.12,,33.12,28.27,86.54,28.27,0,8,0.73,58.49,33.26,0,9,0.99,18.52,51.71,133.563,0,0.43,0,12,64.28,90.119,63.531
2025-12-28 13:40,33.12,,33.12,28.27,85.18,28.27,0,8,0.73,58.49,33.26,0,9,0.99,18.52,51.71,133.562,0,0.43,0,12,64.28,63.328,63.05
2025-12-28 13:50,33.12,,33.12,28.27,84.41,28.27,0,8,0.73,60.83,33.26,0,9,0.99,18.52,51.71,133.563,0,0.43,0,12,64.28,63.174,62.943
2025-12-28 14:00,33.12,,33.12,28.27,85.86,28.27,0,8,0.73,71.36,33.26,0,9,0.99,18.52,51.71,133.564,43.43,0.43,0,12,64.28,62.943,62.837
2025-12-28 14:10,33.12,,33.12,28.27,84.5,28.27,0,8,0.73,64.34,33.26,0,9,0.99,18.52,51.71,133.565,94.319,0.43,0,12,64.28,62.957,63.093
2025-12-28 14:20,33.12,,33.12,28.27,91.27,28.27,0,8,0.73,63.17,33.26,0,9,0.99,18.52,51.71,133.563,0,0.43,0,12,64.277,52.971,63.149
2025-12-28 14:30,33.12,,33.12,28.27,88.52,28.27,0,8,0.73,67.85,33.26,0,9,0.99,18.52,51.71,133.562,0,0.43,0,12,64.273,39.619,62.949
2025-12-28 14:40,33.12,,33.12,28.27,91.95,28.27,0,8,0.73,76.04,33.26,0,9,0.99,18.52,51.71,133.561,0,0.43,0,12,64.27,29.533,62.836
2025-12-28 14:50,33.12,,33.12,28.27,91.31,28.27,0,8,0.73,73.7,33.26,0,9,0.99,18.52,51.71,133.562,0,0.43,0,12,64.269,36.273,63.202
2025-12-28 15:00,33.12,,33.12,28.27,91.27,28.27,0,8,0.73,66.68,33.26,0,9,0.99,18.52,51.71,133.563,29.692,6.049,0,12,64.263,29.562,62.813
2025-12-28 15:10,33.12,,33.12,28.27,91.99,28.27,0,8,0.73,65.51,33.26,0,9,0.99,18.52,51.71,133.56,11.405,156.736,0,12,64.26,29.591,62.923
2025-12-28 15:20,33.12,,33.12,28.27,91.99,28.27,0,8,0.73,66.68,33.26,0,9,0.99,18.52,51.71,133.561,54.326,152.693,0,12,64.26,32.751,62.683
2025-12-28 15:30,33.12,,33.12,28.27,91.31,28.27,0,8,0.73,67.85,33.26,0,9,0.99,18.52,51.71,133.562,128.071,156.951,0,12,64.254,32.777,62.725
2025-12-28 15:40,33.12,,33.12,28.27,89.95,28.27,0,8,0.73,73.7,33.26,0,9,0.99,18.52,51.71,133.561,202.612,157.359,0,12,64.25,29.446,62.764
2025-12-28 15:50,33.12,,33.12,28.27,90.63,28.27,0,8,0.73,65.51,33.26,0,9,0.99,18.52,51.71,133.561,162.82,150.651,0,12,64.25,29.566,63.042
2025-12-28 16:00,33.12,,33.12,28.27,89.27,28.27,0,8,0.73,69.02,33.26,0,9,0.99,18.52,51.71,133.561,111.037,154.269,0,12,64.243,26.189,62.429
2025-12-28 16:10,33.12,,33.12,28.27,85.86,28.27,0,8,0.73,80.72,33.26,0,9,0.99,18.52,51.71,133.56,81.765,151.707,0,12,64.24,29.138,61.609
2025-12-28 16:20,33.12,,33.12,28.27,86.54,28.27,0,8,0.73,69.02,33.26,0,9,0.99,18.52,51.71,133.558,51.642,153.951,0,12,64.239,25.351,61.517
2025-12-28 16:30,33.12,,33.12,28.27,85.86,28.27,0,8,0.73,69.02,33.26,0,9,0.99,18.52,51.71,133.558,35.939,154.158,0,12,64.24,50.056,56.876
2025-12-28 16:40,33.12,,33.12,28.27,84.5,28.27,0,8,0.73,70.19,33.26,0,9,0.99,18.52,51.71,133.557,36.828,142.542,0,12,64.235,41.669,56.28
2025-12-28 16:50,33.12,,33.12,28.27,87.9,28.27,0,8,0.73,69.02,33.26,0,9,0.99,18.52,51.71,133.555,10.63,145.858,0,12,64.239,56.612,56.68
2025-12-28 17:00,33.12,,33.12,28.27,88.59,28.27,0,8,0.73,66.68,33.26,0,9,0.99,18.52,51.71,133.554,0,154.598,0,12,64.243,66.596,56.994
2025-12-28 17:10,33.12,,33.12,28.27,87.22,28.27,0,8,0.73,63.17,33.26,0,9,0.99,18.52,51.71,133.553,0,149.341,0,12,64.256,126.566,56.856
2025-12-28 17:20,33.12,,33.12,28.27,88.59,28.27,0,8,0.73,64.34,33.26,0,9,0.99,18.52,51.71,133.551,5.639,158.811,0,12,64.263,136.864,57.408
2025-12-28 17:30,33.12,,33.12,28.27,83.82,28.27,0,8,0.73,65.51,33.26,0,9,0.99,18.52,51.71,133.551,38.251,158.601,0,12,64.27,147.193,57.482
2025-12-28 17:40,33.12,,33.12,28.27,87.9,28.27,0,8,0.73,67.85,33.26,0,9,0.99,18.52,51.71,133.55,27.953,153.448,0,12,64.272,110.807,57.365
2025-12-28 17:50,33.12,,33.12,28.27,87.9,28.27,0,8,0.73,64.34,33.26,0,9,0.99,18.52,51.71,133.549,60.93,152.243,0,12,64.28,114.167,57.153
2025-12-28 18:00,33.12,,33.12,28.27,89.95,28.27,0,8,0.73,65.51,33.26,0,9,1,18.52,51.72,133.547,8.24,153.03,0,12,64.29,124.307,57.237
2025-12-28 18:10,33.12,,33.12,28.27,87.22,28.27,0,8,0.73,64.34,33.26,0,9,1,18.52,51.72,133.548,71.655,144.359,0,12,64.297,141.113,57.116
2025-12-28 18:20,33.12,,33.12,28.27,87.9,28.27,0,8,0.73,66.68,33.26,0,9,1,18.52,51.72,133.546,55.204,149.723,0,12,64.308,151.479,57.25
2025-12-28 18:30,33.12,,33.12,28.27,85.86,28.27,0,8,0.73,69.02,33.26,0,9,1,18.52,51.72,133.546,98.26,141.366,0,12,64.316,144.881,57.11
2025-12-28 18:40,33.12,,33.12,28.27,89.27,28.27,0,8,0.73,65.51,33.26,0,9,1,18.52,51.72,133.544,25.807,150,0,12,64.325,151.898,57.335
2025-12-28 18:50,33.12,,33.12,28.27,87.9,28.27,0,8,0.73,71.36,33.26,0,9,1,18.52,51.72,133.543,34.889,153.469,0,12,64.332,138.611,57.386
2025-12-28 19:00,33.12,,33.12,28.27,87.9,28.27,0,8,0.73,71.36,33.26,0,9,1,18.52,51.72,133.542,0,159.051,0,12,64.34,138.967,57.679
2025-12-28 19:10,33.12,,33.12,28.27,88.59,28.27,0,8,0.73,74.87,33.26,0,9,1,18.52,51.72,133.541,23.634,145.381,0,12,64.348,135.885,57.588
2025-12-28 19:20,33.12,,33.12,28.27,89.27,28.27,0,8,0.73,71.36,33.26,0,9,1,18.52,51.72,133.541,55.746,144.307,0,12,64.357,142.966,57.631
2025-12-28 19:30,33.12,,33.12,28.27,86.54,28.27,0,8,0.73,72.53,33.26,0,9,1,18.52,51.72,133.539,54.124,154.018,0,12,64.368,153.521,57.844
2025-12-28 19:40,33.12,,33.12,28.27,86.54,28.27,0,8,0.73,73.7,33.26,0,9,1,18.52,51.72,133.538,12.519,161.4,0,12,64.375,150.349,57.904
2025-12-28 19:50,33.12,,33.12,28.27,85.18,28.27,0,8,0.73,72.53,33.26,0,9,1,18.52,51.72,133.538,18.901,151.785,0,12,64.38,136.892,57.928
2025-12-28 20:00,33.12,,33.12,28.27,87.22,28.27,0,8,0.73,73.7,33.26,0,9,1,18.52,51.72,133.539,117.301,27.053,0,12,64.39,133.745,57.902
2025-12-28 20:10,33.12,,33.12,28.27,87.9,28.27,0,8,0.73,67.85,33.26,0,9,1,18.52,51.72,133.54,173.145,0.43,0,12,64.397,133.89,58.006
2025-12-28 20:20,33.12,,33.12,28.27,85.18,28.27,0,8,0.73,67.85,33.26,0,9,1,18.52,51.72,133.539,60.138,0.43,0,12,64.406,147.911,57.991
2025-12-28 20:30,33.12,,33.12,28.27,86.54,28.27,0,8,0.73,62,33.26,0,9,1,18.52,51.72,133.538,0,0.43,0,12,64.415,144.67,58.013
2025-12-28 20:40,33.12,,33.12,28.27,87.9,28.27,0,8,0.73,73.7,33.26,0,9,1,18.52,51.72,133.538,0,0.43,0,12,64.422,145.014,58.371
2025-12-28 20:50,33.12,,33.12,28.27,83.82,28.27,0,8,0.73,71.36,33.26,0,9,1,18.52,51.72,133.537,0,0.43,0,12,64.431,145.369,58.558
2025-12-28 21:00,33.12,,33.12,28.27,87.22,28.27,0,8,0.73,69.02,33.26,0,9,1,18.52,51.72,133.536,0,0.43,0,12,64.439,142.303,58.648
2025-12-28 21:10,33.12,,33.12,28.27,85.86,28.27,0,8,0.73,66.68,33.26,0,9,1,18.52,51.72,133.537,0,0.43,0,12,64.44,121.525,58.704
2025-12-28 21:20,33.12,,33.12,28.27,85.86,28.27,0,8,0.73,62,33.26,0,9,1,18.52,51.72,133.538,55.208,0.43,0,12,64.44,90.261,58.932
2025-12-28 21:30,33.12,,33.12,28.27,89.95,28.27,0,8,0.73,64.34,33.26,0,9,1,18.52,51.72,133.538,70.819,0.43,0,12,64.44,62.292,58.74
2025-12-28 21:40,33.12,,33.12,28.26,89.27,28.26,0,8,0.73,66.68,33.26,0,9,1,18.52,51.72,133.54,94.208,0.43,0,12,64.44,58.934,59.129
2025-12-28 21:50,33.12,,33.12,28.27,85.86,28.27,0,8,0.72,66.54,33.25,1,10,1.01,18.52,51.73,133.54,55.152,0.43,0,12,64.44,58.814,58.572
2025-12-28 22:00,33.12,,33.12,28.27,85.86,28.27,0,8,0.73,65.51,33.26,0,10,1.01,18.52,51.73,133.539,27.763,0.43,0,12,64.44,58.874,58.922
2025-12-28 22:10,33.12,,33.12,28.27,85.18,28.27,0,8,0.73,66.68,33.26,0,10,1.01,18.52,51.73,133.538,0,0.43,0,12,64.44,58.772,58.822
2025-12-28 22:20,33.12,,33.12,28.27,85.86,28.27,0,8,0.72,63.04,33.25,0,10,1.01,18.52,51.73,133.537,0,0.43,0,12,64.44,58.904,58.967
2025-12-28 22:30,33.12,,33.12,28.27,83.82,28.27,0,8,0.73,63.17,33.26,0,10,1.01,18.52,51.73,133.537,0,0.43,0,12,64.438,51.812,58.814
2025-12-28 22:40,33.12,,33.12,28.27,83.82,28.27,0,8,0.73,62,33.26,0,10,1.01,18.52,51.73,133.538,0.43,0.43,0,12,64.43,23.751,58.472
2025-12-28 22:50,33.12,,33.12,28.27,83.82,28.27,0,8,0.72,59.53,33.25,0,10,1.01,18.52,51.73,133.54,125.541,0.43,0,12,64.43,23.59,58.484
2025-12-28 23:00,33.12,,33.12,28.27,83.82,28.27,0,8,0.73,60.83,33.26,0,10,1.01,18.52,51.73,133.54,105.986,0.43,0,12,64.424,9.566,58.409
2025-12-28 23:10,33.12,,33.12,28.27,83.13,28.27,0,8,0.73,64.34,33.26,0,10,1.01,18.52,51.73,133.541,121.597,0.43,0,12,64.42,23.623,58.644
2025-12-28 23:20,33.12,,33.12,28.27,84.5,28.27,0,8,0.73,62,33.26,0,10,1.01,18.52,51.73,133.54,0.43,0.43,0,12,64.42,23.573,58.332
2025-12-28 23:30,33.12,,33.12,28.27,85.18,28.27,0,8,0.73,66.68,33.26,0,10,1.01,18.52,51.73,133.541,51.208,0.43,0,12,64.42,44.545,58.494
2025-12-28 23:40,33.12,,33.12,28.27,83.82,28.27,0,8,0.73,67.85,33.26,0,10,1.01,18.52,51.73,133.542,47.319,0.43,0,12,64.418,51.427,58.289
2025-12-28 23:50,33.12,,33.12,28.26,84.5,28.26,0,8,0.73,60.83,33.26,0,10,1.01,18.52,51.73,133.542,90.319,0.43,0,12,64.413,34.086,58.475
2025-12-29 0:00,33.12,,33.12,28.27,85.18,28.27,0,8,0.73,65.51,33.26,0,10,1.01,18.52,51.73,133.542,39.541,0.43,0,12,64.41,23.585,58.326
2025-12-29 0:10,33.12,,33.12,28.27,89.27,28.27,0,8,0.72,64.2,33.25,0,10,1.01,18.52,51.73,133.543,23.93,0.43,0,12,64.403,6.268,58.337
2025-12-29 0:20,33.12,,33.12,28.27,87.22,28.27,0,8,0.72,74.71,33.25,0,10,1.01,18.52,51.73,133.542,4.374,0.43,0,12,64.4,13.229,58.524
2025-12-29 0:30,33.12,,33.12,28.27,85.86,28.27,0,8,0.72,84.05,33.25,0,10,1.01,18.52,51.73,133.542,0,0.43,0,12,64.4,23.545,57.939
2025-12-29 0:40,33.12,,33.12,28.27,83.82,28.27,0,8,0.73,92.42,33.26,0,10,1.01,18.52,51.73,133.542,0,0.43,0,12,64.397,37.341,58.061
2025-12-29 0:50,33.12,,33.12,28.27,82.45,28.27,0,8,0.72,88.72,33.25,0,10,1.01,18.52,51.73,133.543,12.152,0.43,0,12,64.39,23.506,58.186
2025-12-29 1:00,33.12,,33.12,28.27,83.82,28.27,0,8,0.72,88.72,33.25,0,10,1.01,18.52,51.73,133.543,35.652,0.43,0,12,64.39,23.596,58.207
2025-12-29 1:10,33.12,,33.12,28.27,80.41,28.27,0,8,0.72,86.38,33.25,0,10,1.01,18.52,51.73,133.544,70.819,0.43,0,12,64.383,9.79,57.978
2025-12-29 1:20,33.12,,33.12,28.26,81.09,28.26,0,8,0.72,86.38,33.25,0,10,1.01,18.52,51.73,133.543,16.041,0.43,0,12,64.38,23.571,58.194
2025-12-29 1:30,33.12,,33.12,28.26,84.5,28.26,0,8,0.72,88.72,33.25,0,10,1.01,18.52,51.73,133.541,0,0.43,0,12,64.374,2.914,58.07
2025-12-29 1:40,33.12,,33.12,28.27,84.5,28.27,0,8,0.72,88.72,33.25,0,10,1.01,18.52,51.73,133.542,0,0.43,0,12,64.37,13.331,58.063
2025-12-29 1:50,33.12,,33.12,28.27,83.82,28.27,0,8,0.72,84.05,33.25,0,10,1.01,18.52,51.73,133.542,0,0.43,0,12,64.37,23.821,58.497
2025-12-29 2:00,33.12,,33.12,28.26,80.41,28.26,0,8,0.72,73.54,33.25,0,10,1.01,18.52,51.73,133.542,23.874,0.43,0,12,64.367,34.147,58.214
2025-12-29 2:10,33.12,,33.12,28.27,77,28.27,0,8,0.72,73.54,33.25,0,10,1.01,18.52,51.73,133.543,23.874,0.43,0,12,64.36,23.937,58.1
2025-12-29 2:20,33.12,,33.12,28.26,79.05,28.26,0,8,0.72,68.87,33.25,0,10,1.01,18.52,51.73,133.543,59.097,0.43,0,12,64.359,20.374,58.141
2025-12-29 2:30,33.12,,33.12,28.26,81.09,28.26,0,8,0.72,73.54,33.25,0,10,1.01,18.52,51.73,133.543,43.486,0.43,0,12,64.351,3.318,58.213
2025-12-29 2:40,33.12,,33.12,28.26,80.41,28.26,0,8,0.72,78.21,33.25,0,10,1.01,18.52,51.73,133.544,43.43,0.43,0,12,64.35,23.892,57.987
2025-12-29 2:50,33.12,,33.12,28.26,81.09,28.26,0,8,0.72,80.55,33.25,0,10,1.01,18.52,51.73,133.543,4.319,0.43,0,12,64.349,23.78,57.806
2025-12-29 3:00,33.12,,33.12,28.26,81.09,28.26,0,8,0.72,79.38,33.25,0,10,1.01,18.52,51.73,133.542,0,0.43,0,12,64.34,20.337,57.885
2025-12-29 3:10,33.12,,33.12,28.26,80.41,28.26,0,8,0.72,78.21,33.25,0,10,1.01,18.52,51.73,133.543,0,0.43,0,12,64.34,23.673,57.829
2025-12-29 3:20,33.12,,33.12,28.26,81.77,28.26,0,8,0.72,79.38,33.25,0,10,1.01,18.52,51.73,133.542,0,0.43,0,12,64.338,20.478,58.22
2025-12-29 3:30,33.12,,33.12,28.26,87.9,28.26,0,8,0.72,84.05,33.25,0,10,1.01,18.52,51.73,133.541,0,0.43,0,12,64.331,27.277,57.615
2025-12-29 3:40,33.12,,33.12,28.26,78.36,28.26,0,8,0.72,82.88,33.25,0,10,1.01,18.52,51.73,133.542,0,0.43,0,12,64.329,20.307,57.253
2025-12-29 3:50,33.12,,33.12,28.26,78.36,28.26,0,8,0.72,85.22,33.25,0,10,1.01,18.52,51.73,133.542,0,0.43,0,12,64.32,0,57.858
2025-12-29 4:00,33.12,,33.12,28.26,82.45,28.26,0,8,0.71,79.21,33.24,0,10,1.01,18.52,51.73,133.543,70.763,0.43,0,12,64.32,20.308,57.815
2025-12-29 4:10,33.12,,33.12,28.26,77.68,28.26,0,8,0.72,79.38,33.25,0,10,1.01,18.52,51.73,133.544,105.986,0.43,0,12,64.316,13.488,57.125
2025-12-29 4:20,33.12,,33.12,28.26,82.45,28.26,0,8,0.72,75.88,33.25,0,10,1.01,18.52,51.73,133.544,78.597,0.43,0,12,64.311,27.05,57.71
2025-12-29 4:30,33.12,,33.12,28.26,80.41,28.26,0,8,0.72,75.88,33.25,0,10,1.01,18.52,51.73,133.544,35.652,0.43,0,12,64.31,23.357,56.903
2025-12-29 4:40,33.12,,33.12,28.26,77.68,28.26,0,8,0.72,73.54,33.25,0,10,1.01,18.52,51.73,133.544,0,0.43,0,12,64.304,16.74,57.441
2025-12-29 4:50,33.12,,33.12,28.26,83.82,28.26,0,8,0.72,68.87,33.25,0,10,1.01,18.52,51.73,133.544,0,0.43,0,12,64.3,19.966,56.886
2025-12-29 5:00,33.12,,33.12,28.26,83.13,28.26,0,8,0.72,65.37,33.25,0,10,1.01,18.52,51.73,133.544,12.152,0.43,0,12,64.296,10.022,57.406
2025-12-29 5:10,33.12,,33.12,28.26,81.09,28.26,0,8,0.72,65.37,33.25,0,10,1.01,18.52,51.73,133.545,47.374,0.43,0,12,64.29,10.066,57.239
2025-12-29 5:20,33.12,,33.12,28.26,83.13,28.26,0,8,0.72,70.04,33.25,0,10,1.01,18.52,51.73,133.546,82.541,0.43,0,12,64.288,16.968,57.424
2025-12-29 5:30,33.12,,33.12,28.26,82.45,28.26,0,8,0.72,63.04,33.25,0,10,1.01,18.52,51.73,133.547,129.43,0.43,0,12,64.283,13.551,57.155
2025-12-29 5:40,33.12,,33.12,28.26,81.77,28.26,0,8,0.72,63.04,33.25,0,10,1.01,18.52,51.73,133.547,94.263,0.43,0,12,64.28,23.722,57.421
2025-12-29 5:50,33.12,,33.12,28.26,80.41,28.26,0,8,0.72,61.87,33.25,0,10,1.01,18.52,51.73,133.547,35.652,0.43,0,12,64.279,26.936,56.898
2025-12-29 6:00,33.12,,33.12,28.26,81.77,28.26,0,8,0.71,57.08,33.24,0,10,1.01,18.52,51.73,133.547,0,0.43,0,12,64.271,16.885,56.836
2025-12-29 6:10,33.12,,33.12,28.26,78.36,28.26,0,8,0.72,58.37,33.25,0,10,1.01,18.52,51.73,133.547,0,0.43,0,12,64.27,23.695,57.686
2025-12-29 6:20,33.12,,33.12,28.26,78.36,28.26,0,8,0.72,60.7,33.25,0,10,1.01,18.52,51.73,133.547,0,0.43,0,12,64.263,3.753,57.238
2025-12-29 6:30,33.12,,33.12,28.26,79.73,28.26,0,8,0.72,63.04,33.25,0,10,1.01,18.52,51.73,133.546,0,0.43,0,12,64.26,20.511,56.777
2025-12-29 6:40,33.12,,33.12,28.26,84.5,28.26,0,8,0.72,64.2,33.25,0,10,1.01,18.52,51.73,133.547,0,0.43,0,12,64.26,23.679,57.189
2025-12-29 6:50,33.12,,33.12,28.26,83.82,28.26,0,8,0.72,68.87,33.25,0,10,1,18.52,51.72,133.547,19.986,0.43,0,12,64.25,13.581,56.61
2025-12-29 7:00,33.12,,33.12,28.26,83.82,28.26,0,8,0.72,64.2,33.25,0,10,1,18.52,51.72,133.549,98.152,0.43,0,12,64.25,23.793,57.413
2025-12-29 7:10,33.12,,33.12,28.26,81.77,28.26,0,8,0.71,65.23,33.24,0,10,1,18.52,51.72,133.549,90.374,0.43,0,12,64.245,7.211,57.278
2025-12-29 7:20,33.12,,33.12,28.26,83.82,28.26,0,8,0.71,65.23,33.24,0,10,1,18.52,51.72,133.55,109.874,0.43,0,12,64.24,24.137,57.387
2025-12-29 7:30,33.12,,33.12,28.26,84.5,28.26,0,8,0.71,68.72,33.24,0,10,1,18.52,51.72,133.55,51.263,0.43,0,12,64.236,11.017,57.719
2025-12-29 7:40,33.12,,33.12,28.26,82.45,28.26,0,8,0.71,66.39,33.24,0,10,0.99,18.52,51.71,133.551,62.986,0.43,0,12,64.231,11.241,57.783
2025-12-29 7:50,33.11,,33.11,28.26,87.22,28.26,0,8,0.72,66.54,33.25,0,10,0.99,18.52,51.71,133.551,27.819,0.43,0,12,64.23,24.797,58.057
2025-12-29 8:00,33.11,,33.11,28.26,87.9,28.26,0,8,0.72,68.87,33.25,1,11,0.99,18.52,51.71,133.55,6.199,6.071,0,12,64.23,37.951,57.513
2025-12-29 8:10,33.11,,33.11,28.26,95.4,28.26,0,8,0.72,82.88,33.25,1,12,1.01,18.52,51.73,133.545,0,154.6,0,12,64.222,27.993,57.577
2025-12-29 8:20,33.11,,33.11,28.26,102.89,28.26,1,9,0.7,94.15,33.23,1,13,1.01,18.52,51.73,133.54,0,159.529,0,12,64.219,21.11,57.239
2025-12-29 8:30,33.11,,33.11,28.26,94.04,28.26,0,9,0.71,102.5,33.24,0,13,1.01,18.52,51.73,133.537,0,159.863,0,12,64.211,0,57.027
2025-12-29 8:40,33.11,,33.11,28.26,85.86,28.26,0,9,0.71,101.34,33.24,0,13,1.01,18.52,51.73,133.536,0,159.028,0,12,64.21,17.621,56.929
2025-12-29 8:50,33.11,,33.11,28.26,89.95,28.26,1,10,0.71,95.52,33.24,0,13,1.01,18.52,51.73,133.535,0,160.647,0,12,64.21,27.261,56.495
2025-12-29 9:00,33.11,,33.11,28.26,94.72,28.26,0,10,0.71,90.86,33.24,0,13,1.01,18.52,51.73,133.536,113.226,160.671,0,12,64.204,33.654,56.539
2025-12-29 9:10,33.11,,33.11,28.26,87.9,28.26,0,10,0.71,85.03,33.24,0,13,1.01,18.52,51.73,133.534,92.647,155.956,0,12,64.2,23.452,55.821
2025-12-29 9:20,33.11,,33.11,28.26,87.9,28.26,0,10,0.71,82.7,33.24,0,13,1.01,18.52,51.73,133.532,32.864,157.299,0,12,64.197,13.526,56.217
2025-12-29 9:30,33.11,,33.11,28.26,85.86,28.26,0,10,0.72,82.88,33.25,0,13,1.01,18.52,51.73,133.531,0,159.121,0,12,64.191,13.672,56.644
2025-12-29 9:40,33.11,,33.11,28.26,69.31,28.26,0,10,0.71,81.54,33.24,0,13,1.01,18.52,51.73,133.528,0,161.547,0,12,64.19,23.802,56.711
2025-12-29 9:50,33.11,,33.11,28.26,69.1,28.26,0,10,0.71,79.21,33.24,0,13,1.01,18.52,51.73,133.527,0,158.7,0,12,64.185,17.39,56.315
2025-12-29 10:00,33.11,,33.11,28.27,71.87,28.27,0,10,0.72,74.71,33.25,0,13,1.01,18.52,51.73,133.527,24.355,151.319,0,12,64.18,20.439,55.958
2025-12-29 10:10,33.11,,33.11,28.27,75.15,28.27,0,10,0.71,72.22,33.24,0,13,1.01,18.52,51.73,133.527,121.339,147.832,0,12,64.183,33.149,55.673
2025-12-29 10:20,33.11,,33.11,28.28,72.37,28.28,0,10,0.71,72.22,33.24,0,13,1.01,18.52,51.73,133.527,131.974,143.773,0,12,64.195,88.433,55.835
2025-12-29 10:30,33.11,,33.11,28.28,77.77,28.28,0,10,0.72,73.54,33.25,0,13,1.01,18.52,51.73,133.527,126.119,145.418,0,12,64.212,160.691,56.4
2025-12-29 10:40,33.11,,33.11,28.28,78.47,28.28,0,10,0.71,76.88,33.24,0,13,1.01,18.52,51.73,133.525,88.681,152.687,0,12,64.223,187.52,56.824
2025-12-29 10:50,33.11,,33.11,28.28,79.17,28.28,0,10,0.71,75.71,33.24,0,13,1.01,18.52,51.73,133.524,58.248,157.973,0,12,64.227,161.9,56.976
2025-12-29 11:00,33.11,,33.11,28.29,79.72,28.29,0,10,0.71,73.38,33.24,0,13,1.02,18.52,51.74,133.521,0,150.081,1,13,64.23,116.173,56.719
2025-12-29 11:10,33.11,,33.11,28.29,83.24,28.29,0,10,0.71,74.55,33.24,0,13,1.02,18.52,51.74,133.521,0,146.067,1,14,64.236,99.79,56.843
2025-12-29 11:20,33.11,,33.11,28.27,81.13,28.27,0,10,0.71,73.38,33.24,0,13,1.02,18.52,51.74,133.519,0,140.318,0,14,64.241,103.099,56.736
2025-12-29 11:30,33.11,,33.11,28.26,79.55,28.26,0,10,0.71,76.88,33.24,0,13,1.02,18.52,51.74,133.519,37.358,142.187,0,14,64.255,139.776,57.083
2025-12-29 11:40,33.11,,33.11,28.26,69.84,28.26,0,10,0.72,72.37,33.25,0,13,1.02,18.52,51.74,133.518,28.841,132.186,0,14,64.264,150.118,57.368
2025-12-29 11:50,33.11,,33.11,28.26,69.13,28.26,0,10,0.72,71.21,33.25,0,13,1.02,18.52,51.74,133.518,126.902,129.833,0,14,64.273,163.754,57.143
2025-12-29 12:00,33.11,,33.11,28.26,67.02,28.26,0,10,0.73,71.36,33.26,0,13,1.02,18.52,51.74,133.519,153.37,115.926,0,14,64.28,140.563,56.677
2025-12-29 12:10,33.11,,33.11,28.26,67.72,28.26,0,10,0.73,72.53,33.26,0,13,1.02,18.52,51.74,133.524,289.119,0.43,0,14,64.288,137.327,56.994
2025-12-29 12:20,33.12,,33.12,28.26,64.9,28.26,0,10,0.73,72.53,33.26,0,13,1.02,18.52,51.74,133.528,425.762,0.43,0,14,64.294,127.587,57.591
2025-12-29 12:30,33.12,,33.12,28.27,67.02,28.27,0,10,0.73,71.36,33.26,0,13,1.02,18.52,51.74,133.529,375.541,0.43,0,14,64.301,128.025,57.657
2025-12-29 12:40,33.12,,33.12,28.27,69.13,28.27,0,10,0.74,72.69,33.27,0,13,1.02,18.52,51.74,133.528,187.986,0.43,0,14,64.312,138.451,57.44
2025-12-29 12:50,33.12,,33.12,28.27,70.31,28.27,0,10,0.74,72.69,33.27,0,13,1.02,18.52,51.74,133.527,0,0.43,0,14,64.32,145.419,57.659
2025-12-29 13:00,33.12,,33.12,28.27,73.87,28.27,0,10,0.74,71.51,33.27,0,13,1.02,18.52,51.74,133.526,0,0.43,0,14,64.327,145.733,58.099
2025-12-29 13:10,33.13,,33.13,28.27,73.87,28.27,0,10,0.74,71.51,33.27,0,13,1.02,18.52,51.74,133.526,0,0.43,0,14,64.33,119.155,58.54
2025-12-29 13:20,33.13,,33.13,28.27,73.87,28.27,0,10,0.74,70.34,33.27,0,13,1.02,18.52,51.74,133.528,23.874,0.43,0,14,64.334,105.803,58.103
2025-12-29 13:30,33.13,,33.13,28.28,76.71,28.28,0,10,0.75,70.49,33.28,0,13,1.02,18.52,51.74,133.527,47.319,0.43,0,14,64.331,71.911,58.258
2025-12-29 13:40,33.13,,33.13,28.28,73.87,28.28,0,10,0.75,66.97,33.28,0,13,1.02,18.52,51.74,133.528,51.208,0.43,0,14,64.33,58.2,58.24
2025-12-29 13:50,33.13,,33.13,28.28,75.29,28.28,0,10,0.75,66.97,33.28,0,13,1.02,18.52,51.74,133.527,0,0.43,0,14,64.33,44.635,58.241
2025-12-29 14:00,33.13,,33.13,28.28,73.87,28.28,0,10,0.75,68.14,33.28,0,13,1.02,18.52,51.74,133.527,12.152,0.43,0,14,64.331,58.247,58.259
2025-12-29 14:10,33.13,,33.13,28.28,73.16,28.28,0,10,0.75,68.14,33.28,0,13,1.02,18.52,51.74,133.526,0,0.43,0,14,64.33,58.271,58.314
2025-12-29 14:20,33.13,,33.13,28.28,76,28.28,0,10,0.75,70.49,33.28,0,13,1.03,18.52,51.75,133.525,0,0.43,0,14,64.33,58.231,58.121
2025-12-29 14:30,33.14,,33.14,28.29,76.51,28.29,0,10,0.75,70.49,33.28,0,13,1.03,18.52,51.75,133.525,0,0.43,0,14,64.33,54.708,57.855
2025-12-29 14:40,33.14,,33.14,28.29,87.36,28.29,0,10,0.76,71.82,33.29,0,13,1.03,18.52,51.75,133.525,0,0.43,0,14,64.324,37.618,58.045
2025-12-29 14:50,33.14,,33.14,28.29,92.41,28.29,0,10,0.76,68.29,33.29,0,13,1.03,18.52,51.75,133.526,43.43,0.43,0,14,64.32,23.993,57.914
2025-12-29 15:00,33.14,,33.14,28.28,92.41,28.28,0,10,0.76,71.82,33.29,0,13,1.03,18.52,51.75,133.526,36.723,3.81,0,14,64.32,24.121,58.239
2025-12-29 15:10,33.14,,33.14,28.28,90.3,28.28,0,10,0.76,70.64,33.29,0,13,1.03,18.52,51.75,133.523,0,140.926,0,14,64.32,44.402,57.721
2025-12-29 15:20,33.14,,33.14,28.27,92.48,28.27,0,10,0.76,69.46,33.29,0,13,1.03,18.52,51.75,133.522,0,159.284,0,14,64.317,47.972,58.455
2025-12-29 15:30,33.14,,33.14,28.27,90.38,28.27,0,10,0.76,67.11,33.29,0,13,1.03,18.52,51.75,133.523,41.505,164.304,0,14,64.312,31.045,58.292
2025-12-29 15:40,33.15,,33.15,28.27,88.98,28.27,0,10,0.76,68.29,33.29,0,13,1.03,18.52,51.75,133.523,154.16,162.391,0,14,64.31,24.396,58.109
2025-12-29 15:50,33.15,,33.15,28.27,89.76,28.27,0,10,0.76,64.76,33.29,0,13,1.03,18.52,51.75,133.524,213.649,161.918,0,14,64.309,31.039,58.051
2025-12-29 16:00,33.15,,33.15,28.27,86.98,28.27,0,10,0.76,65.93,33.29,0,13,1.03,18.52,51.75,133.523,156.974,158.28,0,14,64.303,27.573,57.725
2025-12-29 16:10,33.15,,33.15,28.27,87.68,28.27,0,10,0.76,70.64,33.29,0,13,1.03,18.52,51.75,133.522,110.897,153.159,0,14,64.3,23.84,56.912
2025-12-29 16:20,33.15,,33.15,28.26,86.98,28.26,0,10,0.76,69.46,33.29,0,13,1.02,18.52,51.74,133.52,8.536,159.502,0,14,64.299,23.857,58.102
2025-12-29 16:30,33.15,,33.15,28.26,88.45,28.26,0,10,0.76,70.64,33.29,0,13,1.03,18.52,51.75,133.519,8.29,157.543,0,14,64.291,17.143,57.748
2025-12-29 16:40,33.15,,33.15,28.27,89.14,28.27,0,10,0.76,73,33.29,0,13,1.03,18.52,51.75,133.518,0,158.95,0,14,64.29,24.285,58.006
2025-12-29 16:50,33.15,,33.15,28.27,91.91,28.27,0,10,0.75,72.84,33.28,0,13,1.03,18.52,51.75,133.517,44.713,157.647,0,14,64.294,41.023,57.815
2025-12-29 17:00,33.15,,33.15,28.27,93.98,28.27,0,10,0.76,75.35,33.29,0,13,1.02,18.52,51.74,133.515,13.73,158.259,0,14,64.303,98.433,58.145
2025-12-29 17:10,33.15,,33.15,28.27,95.36,28.27,0,10,0.75,74.02,33.28,0,13,1.02,18.52,51.74,133.514,1.742,158.154,0,14,64.317,148.964,57.597
2025-12-29 17:20,33.15,,33.15,28.27,96.05,28.27,0,10,0.75,77.54,33.28,0,13,1.02,18.52,51.74,133.513,1.113,155.593,0,14,64.327,169.453,57.95
2025-12-29 17:30,33.15,,33.15,28.27,93.29,28.27,0,10,0.75,78.72,33.28,0,13,1.03,18.52,51.75,133.511,0,149.07,0,14,64.33,149.152,57.575
2025-12-29 17:40,33.15,,33.15,28.27,92.64,28.27,0,10,0.75,83.42,33.28,0,13,1.06,18.52,51.78,133.51,21.554,158.334,0,14,64.332,108.768,58.112
2025-12-29 17:50,33.15,,33.15,28.27,91.95,28.27,0,10,0.76,87.13,33.29,0,13,1.06,18.52,51.78,133.509,17.415,155.007,0,14,64.34,102.111,57.978
2025-12-29 18:00,33.15,,33.15,28.26,91.95,28.26,0,10,0.76,84.77,33.29,0,13,1.06,18.52,51.78,133.508,15.749,144.074,0,14,64.349,122.656,57.712
2025-12-29 18:10,33.15,,33.15,28.26,91.95,28.26,0,10,0.76,78.88,33.29,0,13,1.06,18.52,51.78,133.507,3.586,133.512,0,14,64.359,149.921,57.572
2025-12-29 18:20,33.15,,33.15,28.26,93.33,28.26,0,10,0.76,78.88,33.29,0,13,1.06,18.52,51.78,133.505,0,142.643,0,14,64.37,160.488,58.014
2025-12-29 18:30,33.15,,33.15,28.26,91.95,28.26,0,10,0.75,78.72,33.28,0,13,1.06,18.52,51.78,133.503,0,157.678,0,14,64.379,160.978,58.514
2025-12-29 18:40,33.15,,33.15,28.26,91.95,28.26,0,10,0.76,83.59,33.29,0,13,1.06,18.52,51.78,133.502,0,146.354,0,14,64.384,144.216,58.12
2025-12-29 18:50,33.15,,33.15,28.26,90.58,28.26,0,10,0.76,84.77,33.29,0,13,1.05,18.52,51.77,133.501,0,153.704,0,14,64.391,130.758,58.475
2025-12-29 19:00,33.15,,33.15,28.26,89.95,28.26,0,10,0.75,84.59,33.28,0,13,1.06,18.52,51.78,133.5,49.447,152.948,0,14,64.4,130.875,58.364
2025-12-29 19:10,33.15,,33.15,28.26,89.95,28.26,0,10,0.75,89.29,33.28,0,13,1.05,18.52,51.77,133.499,42.428,148.631,0,14,64.407,137.84,58.014
2025-12-29 19:20,33.15,,33.15,28.25,89.95,28.25,0,10,0.75,89.29,33.28,0,13,1.06,18.52,51.78,133.499,88.691,140.161,0,14,64.416,144.745,57.858
2025-12-29 19:30,33.15,,33.15,28.25,92.67,28.25,0,10,0.75,88.11,33.28,0,13,1.06,18.52,51.78,133.497,35.352,156.932,0,14,64.426,148.478,58.229
2025-12-29 19:40,33.15,,33.15,28.25,89.95,28.25,0,10,0.75,90.46,33.28,0,13,1.06,18.52,51.78,133.497,47.299,114.14,0,14,64.432,145.134,57.981
2025-12-29 19:50,33.15,,33.15,28.25,87.22,28.25,0,10,0.75,86.94,33.28,0,13,1.05,18.52,51.77,133.499,102.223,0.43,0,14,64.44,142.003,58.299
2025-12-29 20:00,33.15,,33.15,28.25,89.27,28.25,0,10,0.75,82.24,33.28,0,13,1.08,18.52,51.8,133.5,143.778,0.43,0,14,64.448,135.153,58.346
2025-12-29 20:10,33.15,,33.15,28.25,89.95,28.25,0,10,0.75,81.07,33.28,0,13,1.08,18.52,51.8,133.499,86.319,0.43,0,14,64.455,139.032,58.617
2025-12-29 20:20,33.15,,33.15,28.25,89.31,28.25,0,10,0.75,78.72,33.28,0,13,1.08,18.52,51.8,133.499,0,0.43,0,14,64.464,142.79,58.572
2025-12-29 20:30,33.15,,33.15,28.25,87.96,28.25,0,10,0.75,78.72,33.28,0,13,1.08,18.52,51.8,133.497,0,0.43,0,14,64.472,143.076,58.539
2025-12-29 20:40,33.15,,33.15,28.25,87.96,28.25,0,10,0.75,85.76,33.28,0,13,1.08,18.52,51.8,133.496,0,0.43,0,14,64.48,146.708,58.514
2025-12-29 20:50,33.15,,33.15,28.25,87.96,28.25,0,10,0.75,83.42,33.28,0,13,1.08,18.52,51.8,133.496,0,0.43,0,14,64.489,146.931,58.572
2025-12-29 21:00,33.15,,33.15,28.25,83.9,28.25,0,10,0.74,83.24,33.27,0,13,1.08,18.52,51.8,133.496,0,0.43,0,14,64.49,122.238,58.46
2025-12-29 21:10,33.15,,33.15,28.25,86.61,28.25,0,10,0.74,83.24,33.27,0,13,1.08,18.52,51.8,133.496,0,0.43,0,14,64.49,93.928,58.419
2025-12-29 21:20,33.15,,33.15,28.25,89.31,28.25,0,10,0.75,82.24,33.28,0,13,1.08,18.52,51.8,133.498,90.263,0.43,0,14,64.489,58.348,58.165
2025-12-29 21:30,33.15,,33.15,28.25,88.64,28.25,0,10,0.75,84.59,33.28,0,13,1.08,18.52,51.8,133.499,90.208,0.43,0,14,64.486,44.185,58.472
2025-12-29 21:40,33.15,,33.15,28.25,87.96,28.25,0,10,0.75,78.72,33.28,0,13,1.08,18.52,51.8,133.498,90.208,0.43,0,14,64.481,26.43,58.318
2025-12-29 21:50,33.15,,33.15,28.25,87.28,28.25,0,10,0.75,77.54,33.28,0,13,1.08,18.52,51.8,133.498,0,0.43,0,14,64.481,30.132,58.606
2025-12-29 22:00,33.15,,33.15,28.25,85.25,28.25,0,10,0.75,81.07,33.28,0,13,1.08,18.52,51.8,133.497,0,0.43,0,14,64.48,37.234,58.611
2025-12-29 22:10,33.15,,33.15,28.24,83.22,28.24,0,10,0.75,78.72,33.28,0,13,1.08,18.52,51.8,133.498,0,0.43,0,14,64.48,55.1,58.751
2025-12-29 22:20,33.15,,33.15,28.24,83.22,28.24,0,10,0.75,83.42,33.28,0,13,1.09,18.52,51.81,133.498,4.319,0.43,0,14,64.48,55.04,58.426
2025-12-29 22:30,33.15,,33.15,28.24,79.27,28.24,0,10,0.75,82.24,33.28,0,13,1.09,18.52,51.81,133.499,78.541,0.43,0,14,64.476,44.409,58.383
2025-12-29 22:40,33.15,,33.15,28.24,81.29,28.24,0,10,0.74,78.55,33.27,0,13,1.09,18.52,51.81,133.5,113.652,0.43,0,14,64.47,23.036,58.297
2025-12-29 22:50,33.15,,33.15,28.24,83.31,28.24,0,10,0.75,76.37,33.28,0,13,1.09,18.52,51.81,133.501,137.152,0.43,0,14,64.47,23.149,58.767
2025-12-29 23:00,33.15,,33.15,28.25,82.63,28.25,0,10,0.75,77.54,33.28,0,13,1.09,18.52,51.81,133.502,105.874,0.43,0,14,64.47,37.351,58.655
2025-12-29 23:10,33.15,,33.15,28.24,81.96,28.24,0,10,0.75,76.37,33.28,0,13,1.09,18.52,51.81,133.502,47.319,0.43,0,14,64.461,27.075,58.968
2025-12-29 23:20,33.15,,33.15,28.24,83.31,28.24,0,10,0.75,75.19,33.28,0,13,1.09,18.52,51.81,133.502,39.43,0.43,0,14,64.46,23.522,58.61
2025-12-29 23:30,33.15,,33.15,28.24,82.63,28.24,0,10,0.74,77.38,33.27,0,13,1.09,18.52,51.81,133.502,4.319,0.43,0,14,64.46,23.594,58.87
2025-12-29 23:40,33.15,,33.15,28.24,80.62,28.24,0,10,0.74,79.72,33.27,0,13,1.09,18.52,51.81,133.502,0.43,0.43,0,14,64.457,44.705,58.802
2025-12-29 23:50,33.15,,33.15,28.24,79.95,28.24,0,10,0.75,76.37,33.28,0,13,1.09,18.52,51.81,133.503,27.819,0.43,0,14,64.45,23.605,58.644
2025-12-30 0:00,33.15,,33.15,28.24,81.29,28.24,0,10,0.75,75.19,33.28,0,13,1.09,18.52,51.81,133.502,12.152,0.43,0,14,64.45,23.415,58.298
2025-12-30 0:10,33.15,,33.15,28.24,80.62,28.24,0,10,0.75,72.84,33.28,0,13,1.09,18.52,51.81,133.503,35.597,0.43,0,14,64.445,16.315,58.502
2025-12-30 0:20,33.15,,33.15,28.24,80.62,28.24,0,10,0.75,71.67,33.28,0,13,1.09,18.52,51.81,133.502,0,0.43,0,14,64.44,23.477,58.799
2025-12-30 0:30,33.15,,33.15,28.24,81.96,28.24,0,10,0.75,71.67,33.28,0,13,1.09,18.52,51.81,133.505,101.986,0.43,0,14,64.44,23.599,58.665
2025-12-30 0:40,33.15,,33.15,28.24,83.31,28.24,0,10,0.75,69.32,33.28,0,13,1.09,18.52,51.81,133.502,0,0.43,0,14,64.434,20.163,58.525
2025-12-30 0:50,33.15,,33.15,28.24,81.96,28.24,0,10,0.75,70.49,33.28,0,13,1.09,18.52,51.81,133.502,8.263,0.43,0,14,64.43,23.602,58.616
2025-12-30 1:00,33.15,,33.15,28.24,79.95,28.24,0,10,0.75,70.49,33.28,0,13,1.09,18.52,51.81,133.502,0,0.43,0,14,64.43,23.665,58.854
2025-12-30 1:10,33.15,,33.15,28.24,79.27,28.24,0,10,0.75,77.54,33.28,0,13,1.09,18.52,51.81,133.502,4.319,0.43,0,14,64.425,27.246,58.6
2025-12-30 1:20,33.15,,33.15,28.24,78.71,28.24,0,10,0.75,76.37,33.28,0,13,1.09,18.52,51.81,133.503,47.263,0.43,0,14,64.42,23.81,58.644
2025-12-30 1:30,33.15,,33.15,28.24,81.29,28.24,0,10,0.75,74.02,33.28,0,13,1.09,18.52,51.81,133.503,35.541,0.43,0,14,64.417,13.213,58.396
2025-12-30 1:40,33.15,,33.15,28.24,80.71,28.24,0,10,0.75,70.49,33.28,0,13,1.09,18.52,51.81,133.503,43.43,0.43,0,14,64.41,6.331,58.62
2025-12-30 1:50,33.15,,33.15,28.24,80.04,28.24,0,10,0.75,70.49,33.28,0,13,1.09,18.52,51.81,133.504,27.763,0.43,0,14,64.41,23.747,58.558
2025-12-30 2:00,33.15,,33.15,28.24,80.71,28.24,0,10,0.75,72.84,33.28,0,13,1.09,18.52,51.81,133.504,16.097,0.43,0,14,64.404,13.419,58.581
2025-12-30 2:10,33.15,,33.15,28.24,80.04,28.24,0,10,0.75,75.19,33.28,0,13,1.08,18.52,51.8,133.504,16.041,0.43,0,14,64.4,23.794,58.409
2025-12-30 2:20,33.15,,33.15,28.24,78.71,28.24,0,10,0.75,71.67,33.28,0,13,1.08,18.52,51.8,133.504,0,0.43,0,14,64.399,20.371,58.623
2025-12-30 2:30,33.15,,33.15,28.24,80.04,28.24,0,10,0.75,71.67,33.28,0,13,1.08,18.52,51.8,133.504,12.152,0.43,0,14,64.394,23.784,58.152
2025-12-30 2:40,33.15,,33.15,28.24,77.37,28.24,0,10,0.75,68.14,33.28,0,13,1.08,18.52,51.8,133.504,0,0.43,0,14,64.39,23.71,58.022
2025-12-30 2:50,33.15,,33.15,28.24,78.04,28.24,0,10,0.75,65.79,33.28,0,13,1.08,18.52,51.8,133.503,0,0.43,0,14,64.386,12.973,57.58
2025-12-30 3:00,33.15,,33.15,28.24,80.04,28.24,0,10,0.75,68.14,33.28,0,13,1.08,18.52,51.8,133.503,0,0.43,0,14,64.38,9.4,57.765
2025-12-30 3:10,33.15,,33.15,28.24,82.71,28.24,0,10,0.75,65.79,33.28,0,13,1.08,18.52,51.8,133.503,0,0.43,0,14,64.38,23.176,57.849
2025-12-30 3:20,33.15,,33.15,28.24,78.71,28.24,0,10,0.75,74.02,33.28,0,13,1.08,18.52,51.8,133.502,0,0.43,0,14,64.374,16.447,57.728
2025-12-30 3:30,33.15,,33.15,28.24,78.04,28.24,0,10,0.75,70.49,33.28,0,13,1.08,18.52,51.8,133.502,0,0.43,0,14,64.37,23.513,58.129
2025-12-30 3:40,33.15,,33.15,28.24,82.04,28.24,0,10,0.75,65.79,33.28,0,13,1.08,18.52,51.8,133.503,12.152,0.43,0,14,64.37,23.492,57.787
2025-12-30 3:50,33.15,,33.15,28.24,80.04,28.24,0,10,0.75,66.97,33.28,0,13,1.08,18.52,51.8,133.504,66.819,0.43,0,14,64.361,13.359,58.161
2025-12-30 4:00,33.15,,33.15,28.24,76.71,28.24,0,10,0.75,64.62,33.28,0,13,1.08,18.52,51.8,133.504,51.208,0.43,0,14,64.36,23.612,57.889
2025-12-30 4:10,33.15,,33.15,28.24,80.71,28.24,0,10,0.76,62.4,33.29,0,13,1.08,18.52,51.8,133.504,39.486,0.43,0,14,64.353,0,58.269
2025-12-30 4:20,33.15,,33.15,28.24,82.04,28.24,0,10,0.75,64.62,33.28,0,13,1.08,18.52,51.8,133.504,0,0.43,0,14,64.35,20.426,58.119
2025-12-30 4:30,33.15,,33.15,28.24,80.71,28.24,0,10,0.75,62.27,33.28,0,13,1.08,18.52,51.8,133.504,0,0.43,0,14,64.349,20.263,57.401
2025-12-30 4:40,33.15,,33.15,28.24,80.71,28.24,0,10,0.75,65.79,33.28,0,13,1.08,18.52,51.8,133.504,0.43,0.43,0,14,64.342,20.142,57.739
2025-12-30 4:50,33.15,,33.15,28.24,81.38,28.24,0,10,0.76,60.05,33.29,0,13,1.08,18.52,51.8,133.505,43.43,0.43,0,14,64.34,23.476,57.789
2025-12-30 5:00,33.15,,33.15,28.24,81.38,28.24,0,10,0.75,64.62,33.28,0,13,1.08,18.52,51.8,133.506,82.43,0.43,0,14,64.335,10.207,58.261
2025-12-30 5:10,33.15,,33.15,28.24,80.04,28.24,0,10,0.76,68.29,33.29,0,13,1.07,18.52,51.79,133.506,78.541,0.43,0,14,64.33,17.157,57.92
2025-12-30 5:20,33.15,,33.15,28.24,79.38,28.24,0,10,0.76,68.29,33.29,0,13,1.07,18.52,51.79,133.506,47.263,0.43,0,14,64.327,13.893,58.164
2025-12-30 5:30,33.15,,33.15,28.24,78.71,28.24,0,10,0.76,60.05,33.29,0,13,1.07,18.52,51.79,133.506,12.152,0.43,0,14,64.32,7.463,59.138
2025-12-30 5:40,33.15,,33.15,28.24,80.71,28.24,0,10,0.76,61.22,33.29,0,13,1.07,18.52,51.79,133.505,0,0.43,0,14,64.319,21.88,60.337
2025-12-30 5:50,33.15,,33.15,28.24,78.71,28.24,0,10,0.76,64.76,33.29,0,13,1.07,18.52,51.79,133.505,0,0.43,0,14,64.312,9.075,60.251
2025-12-30 6:00,33.15,,33.15,28.24,78.71,28.24,0,10,0.75,66.97,33.28,0,13,1.07,18.52,51.79,133.505,0,0.43,0,14,64.31,26.381,60.222
2025-12-30 6:10,33.15,,33.15,28.24,76.04,28.24,0,10,0.75,69.32,33.28,0,13,1.07,18.52,51.79,133.506,51.208,0.43,0,14,64.307,19.643,60.29
2025-12-30 6:20,33.15,,33.15,28.24,79.38,28.24,0,10,0.75,68.14,33.28,0,13,1.07,18.52,51.79,133.507,78.541,0.43,0,14,64.301,23.147,60.429
2025-12-30 6:30,33.15,,33.15,28.24,77.26,28.24,0,10,0.75,66.97,33.28,0,13,1.07,18.52,51.79,133.507,62.93,0.43,0,14,64.299,23.27,60.424
2025-12-30 6:40,33.15,,33.15,28.24,79.27,28.24,0,10,0.76,73,33.29,0,13,1.07,18.52,51.79,133.508,59.041,0.43,0,14,64.294,16.466,60.046
2025-12-30 6:50,33.15,,33.15,28.24,78.6,28.24,0,10,0.76,68.29,33.29,0,13,1.07,18.52,51.79,133.508,43.43,0.43,0,14,64.29,23.22,60.19
2025-12-30 7:00,33.15,,33.15,28.24,80.62,28.24,0,10,0.76,70.64,33.29,0,13,1.07,18.52,51.79,133.508,51.208,0.43,0,14,64.281,0,60.041
2025-12-30 7:10,33.15,,33.15,28.24,77.93,28.24,0,10,0.76,70.64,33.29,0,13,1.07,18.52,51.79,133.508,19.93,0.43,0,14,64.28,13.128,60.319
2025-12-30 7:20,33.15,,33.15,28.24,76.59,28.24,0,10,0.76,70.64,33.29,0,13,1.07,18.52,51.79,133.508,4.319,0.43,0,14,64.276,13.096,59.929
2025-12-30 7:30,33.15,,33.15,28.24,79.27,28.24,0,10,0.76,69.46,33.29,0,13,1.07,18.52,51.79,133.509,23.874,0.43,0,14,64.27,23.33,60.242
2025-12-30 7:40,33.15,,33.15,28.24,77.93,28.24,0,10,0.76,69.46,33.29,0,13,1.07,18.52,51.79,133.51,55.152,0.43,0,14,64.27,26.727,60.343
2025-12-30 7:50,33.15,,33.15,28.24,79.95,28.24,0,10,0.76,67.11,33.29,0,13,1.07,18.52,51.79,133.511,98.097,0.43,0,14,64.265,23.399,59.947
2025-12-30 8:00,33.15,,33.15,28.24,81.29,28.24,0,10,0.76,65.93,33.29,0,13,1.07,18.52,51.79,133.511,78.541,0.43,0,14,64.26,26.559,59.554
2025-12-30 8:10,33.15,,33.15,28.24,79.27,28.24,0,10,0.76,68.29,33.29,0,13,1.06,18.52,51.78,133.509,5.867,134.075,0,14,64.256,12.916,59.413
2025-12-30 8:20,33.15,,33.15,28.24,83.31,28.24,0,10,0.76,65.93,33.29,0,13,1.06,18.52,51.78,133.506,0,158.727,0,14,64.252,16.26,59.647
2025-12-30 8:30,33.15,,33.15,28.24,79.95,28.24,0,10,0.75,66.97,33.28,0,13,1.06,18.52,51.78,133.507,0,156.804,0,14,64.25,26.27,59.585
2025-12-30 8:40,33.15,,33.15,28.24,78.6,28.24,0,10,0.75,69.32,33.28,0,13,1.06,18.52,51.78,133.505,20.418,155.722,0,14,64.241,9.759,59.546
2025-12-30 8:50,33.15,,33.15,28.25,78.6,28.25,0,10,0.75,70.49,33.28,0,13,1.06,18.52,51.78,133.504,94.646,158.913,0,14,64.24,19.526,59.113
2025-12-30 9:00,33.15,,33.15,28.24,80.62,28.24,0,10,0.75,70.49,33.28,0,13,1.06,18.52,51.78,133.505,71.472,157.614,0,14,64.239,22.655,58.807
2025-12-30 9:10,33.15,,33.15,28.25,78.6,28.25,0,10,0.75,71.67,33.28,0,13,1.06,18.52,51.78,133.505,142.696,158.393,0,14,64.231,25.982,59.361
2025-12-30 9:20,33.15,,33.15,28.24,82.63,28.24,0,10,0.75,68.14,33.28,0,13,1.06,18.52,51.78,133.504,130.314,156.936,0,14,64.23,26.075,59.224
2025-12-30 9:30,33.15,,33.15,28.24,81.29,28.24,0,10,0.75,68.14,33.28,0,13,1.06,18.52,51.78,133.503,90.885,156.493,0,14,64.224,9.535,58.853
2025-12-30 9:40,33.15,,33.15,28.25,81.29,28.25,0,10,0.75,65.79,33.28,0,13,1.06,18.52,51.78,133.502,62.894,156.586,0,14,64.22,22.71,58.885
2025-12-30 9:50,33.15,,33.15,28.25,80.62,28.25,0,10,0.76,65.93,33.29,0,13,1.06,18.52,51.78,133.501,41.068,149.957,0,14,64.218,19.296,58.985
2025-12-30 10:00,33.15,,33.15,28.24,82.55,28.24,0,10,0.76,67.11,33.29,0,13,1.06,18.52,51.78,133.5,39.275,151.116,0,14,64.211,16.119,58.819
2025-12-30 10:10,33.15,,33.15,28.25,77.13,28.25,0,10,0.76,70.64,33.29,0,13,1.06,18.52,51.78,133.499,34.059,152.438,0,14,64.21,26.041,58.986
2025-12-30 10:20,33.15,,33.15,28.25,73.75,28.25,0,10,0.76,73,33.29,0,13,1.06,18.52,51.78,133.498,60.266,158.412,0,14,64.22,66.142,60.789
2025-12-30 10:30,33.15,,33.15,28.25,79.16,28.25,0,10,0.76,73,33.29,0,13,1.06,18.52,51.78,133.498,58.672,158,0,14,64.24,157.678,66.261
2025-12-30 10:40,33.15,,33.15,28.25,75.78,28.25,0,10,0.76,68.29,33.29,0,13,1.05,18.52,51.77,133.497,54.942,153.082,0,14,64.251,198.808,62.876
2025-12-30 10:50,33.15,,33.15,28.25,83.22,28.25,0,10,0.76,70.64,33.29,0,13,1.06,18.52,51.78,133.495,20.958,150.125,0,14,64.26,196.506,62.715
2025-12-30 11:00,33.15,,33.15,28.25,83.22,28.25,0,10,0.76,71.82,33.29,0,13,1.05,18.52,51.77,133.494,0,151.577,0,14,64.258,119.016,56.958
2025-12-30 11:10,33.15,,33.15,28.25,83.22,28.25,0,10,0.76,71.82,33.29,0,13,1.05,18.52,51.77,133.496,71.569,6.67,0,14,64.26,89.611,59.328
2025-12-30 11:20,33.15,,33.15,28.25,83.22,28.25,0,10,0.75,74.02,33.28,0,13,1.04,18.52,51.76,133.495,76.337,0.43,0,14,64.264,71.971,59.628
2025-12-30 11:30,33.15,,33.15,28.25,85.25,28.25,0,10,0.75,72.84,33.28,0,13,1.04,18.52,51.76,133.493,0,0.43,0,14,64.276,121.244,59.441
2025-12-30 11:40,33.15,,33.15,28.25,85.25,28.25,0,10,0.75,76.37,33.28,0,13,1.04,18.52,51.76,133.492,0,0.43,0,14,64.286,146.539,59.547
2025-12-30 11:50,33.15,,33.15,28.25,81.87,28.25,0,10,0.75,77.54,33.28,0,13,1.04,18.52,51.76,133.49,0,0.43,0,14,64.297,170.269,59.818
2025-12-30 12:00,33.15,,33.15,28.25,81.87,28.25,0,10,0.75,75.19,33.28,0,13,1.04,18.52,51.76,133.489,0,0.43,0,14,64.306,160.466,59.368
2025-12-30 12:10,33.15,,33.15,28.25,81.19,28.25,0,10,0.76,74.17,33.29,0,13,1.03,18.52,51.75,133.49,0,0.43,0,14,64.31,140.404,59.526
2025-12-30 12:20,33.15,,33.15,28.25,78.49,28.25,0,10,0.75,75.19,33.28,0,13,1.04,18.52,51.76,133.49,8.263,0.43,0,14,64.31,103.501,60.109
2025-12-30 12:30,33.15,,33.15,28.25,79.84,28.25,0,10,0.75,76.37,33.28,0,13,1.03,18.52,51.75,133.49,23.874,0.43,0,14,64.31,73.043,58.995
2025-12-30 12:40,33.15,,33.15,28.25,81.87,28.25,0,10,0.75,81.07,33.28,0,13,1.03,18.52,51.75,133.49,8.208,0.43,0,14,64.31,59.373,59.014
2025-12-30 12:50,33.15,,33.15,28.25,83.9,28.25,0,10,0.76,94.19,33.29,0,13,1.04,18.52,51.76,133.493,86.319,0.43,0,14,64.31,59.311,59.925
2025-12-30 13:00,33.15,,33.15,28.25,95.4,28.25,0,10,0.76,95.37,33.29,0,13,1.03,18.52,51.75,133.494,144.874,0.43,0,14,64.312,66.593,60.508
2025-12-30 13:10,33.15,,33.15,28.25,95.4,28.25,0,10,0.75,90.46,33.28,0,13,1.04,18.52,51.76,133.494,133.208,0.43,0,14,64.31,60.066,59.766
2025-12-30 13:20,33.15,,33.15,28.25,92.02,28.25,0,10,0.76,89.48,33.29,0,13,1.04,18.52,51.76,133.493,12.152,0.43,0,14,64.31,60.044,59.858
2025-12-30 13:30,33.15,,33.15,28.25,89.31,28.25,0,10,0.75,91.64,33.28,0,13,1.02,18.52,51.74,133.493,0,0.43,0,14,64.309,49.771,60.19
2025-12-30 13:40,33.15,,33.15,28.25,92.7,28.25,0,10,0.75,85.76,33.28,0,13,1.02,18.52,51.74,133.493,0,0.43,0,14,64.304,39.83,60.277
2025-12-30 13:50,33.15,,33.15,28.25,89.31,28.25,0,10,0.76,87.13,33.29,0,13,1.02,18.52,51.74,133.492,0,0.43,0,14,64.301,29.667,59.702
2025-12-30 14:00,33.15,,33.15,28.25,86.61,28.25,0,10,0.75,91.64,33.28,0,13,1.01,18.52,51.73,133.493,31.652,0.43,0,14,64.3,29.722,60.189
2025-12-30 14:10,33.15,,33.15,28.25,89.31,28.25,0,10,0.75,93.99,33.28,0,13,1.02,18.52,51.74,133.494,43.374,0.43,0,14,64.3,46.232,59.14
2025-12-30 14:20,33.15,,33.15,28.25,88.64,28.25,0,10,0.75,89.29,33.28,0,13,1.02,18.52,51.74,133.495,125.374,0.43,0,14,64.293,32.645,59.439
2025-12-30 14:30,33.15,,33.15,28.25,85.93,28.25,0,10,0.75,92.81,33.28,0,13,1.02,18.52,51.74,133.495,62.93,0.43,0,14,64.29,25.905,60.137
2025-12-30 14:40,33.15,,33.15,28.25,84.58,28.25,0,10,0.75,86.94,33.28,0,13,1.01,18.52,51.73,133.495,55.097,0.43,0,14,64.289,22.994,60.572
2025-12-30 14:50,33.15,,33.15,28.25,83.22,28.25,0,10,0.75,75.19,33.28,0,13,1.02,18.52,51.74,133.495,0,0.43,0,14,64.284,30.026,60.038
2025-12-30 15:00,33.15,,33.15,28.25,87.96,28.25,0,10,0.75,77.54,33.28,0,13,1.02,18.52,51.74,133.494,0,4.169,0,14,64.28,26.412,59.46
2025-12-30 15:10,33.15,,33.15,28.26,90.63,28.26,0,10,0.75,72.84,33.28,0,13,1.02,18.52,51.74,133.491,0,144.56,0,14,64.279,26.028,59.254
2025-12-30 15:20,33.15,,33.15,28.26,98.81,28.26,0,10,0.75,79.89,33.28,0,13,1.02,18.52,51.74,133.49,0,158.894,0,14,64.273,22.748,60.196
2025-12-30 15:30,33.15,,33.15,28.26,95.4,28.26,0,10,0.76,77.71,33.29,0,13,1.02,18.52,51.74,133.491,63.131,155.272,0,14,64.27,26.375,60.01
2025-12-30 15:40,33.15,,33.15,28.26,102.89,28.26,0,10,0.75,83.42,33.28,0,13,1.02,18.52,51.74,133.491,164.718,156.49,0,14,64.268,23.252,59.882
2025-12-30 15:50,33.15,,33.15,28.26,102.89,28.26,0,10,0.76,83.59,33.29,0,13,1.02,18.52,51.74,133.49,183.818,157.692,0,14,64.266,36.609,60.102
2025-12-30 16:00,33.15,,33.15,28.26,100.85,28.26,0,10,0.76,87.13,33.29,0,13,1.02,18.52,51.74,133.49,118.505,158.501,0,14,64.26,26.705,60.296
2025-12-30 16:10,33.15,,33.15,28.26,98.81,28.26,0,10,0.75,77.54,33.28,0,13,1.02,18.52,51.74,133.49,104.931,139.267,0,14,64.26,33.27,59.579
2025-12-30 16:20,33.15,,33.15,28.25,95.4,28.25,0,10,0.76,77.71,33.29,0,13,1.02,18.52,51.74,133.488,77.819,158.19,0,14,64.254,20.029,60.211
2025-12-30 16:30,33.15,,33.15,28.25,96.76,28.25,0,10,0.75,81.07,33.28,0,13,1.03,18.52,51.75,133.486,0,152.105,0,14,64.25,26.593,59.821
2025-12-30 16:40,33.15,,33.15,28.26,96.08,28.26,0,10,0.75,77.54,33.28,0,13,1.02,18.52,51.74,133.484,0,153.057,0,14,64.241,0,59.834
2025-12-30 16:50,33.15,,33.15,28.25,96.76,28.25,0,10,0.74,71.51,33.27,0,13,1.04,18.52,51.76,133.483,0,153.257,0,14,64.241,16.683,59.895
2025-12-30 17:00,33.15,,33.15,28.25,90.67,28.25,0,10,0.76,83.59,33.29,0,13,1.03,18.52,51.75,133.481,0,154.647,0,14,64.25,59.889,59.939
2025-12-30 17:10,33.15,,33.15,28.25,88.64,28.25,0,10,0.75,70.49,33.28,0,13,1.04,18.52,51.76,133.481,57.276,145.091,0,14,64.265,139.712,59.802
2025-12-30 17:20,33.15,,33.15,28.25,83.9,28.25,0,10,0.75,74.02,33.28,0,13,1.04,18.52,51.76,133.481,88.702,153.702,0,14,64.277,179.896,60.114
2025-12-30 17:30,33.15,,33.15,28.25,85.25,28.25,0,10,0.76,76.53,33.29,0,13,1.03,18.52,51.75,133.481,144.182,157.254,0,14,64.28,160.157,60.22
2025-12-30 17:40,33.15,,33.15,28.25,84.58,28.25,0,10,0.76,73,33.29,0,13,1.03,18.52,51.75,133.48,97.169,156.05,0,14,64.281,113.77,60.31
2025-12-30 17:50,33.15,,33.15,28.27,83.9,28.27,0,10,0.76,70.64,33.29,0,13,1.03,18.52,51.75,133.479,57.234,151.064,0,14,64.289,100.58,60.376
2025-12-30 18:00,33.15,,33.15,28.28,83.22,28.28,0,10,0.76,68.29,33.29,0,13,1.03,18.52,51.75,133.477,0,142.851,0,14,64.295,110.764,60.44
2025-12-30 18:10,33.15,,33.15,28.28,91.31,28.28,0,10,0.75,71.67,33.28,0,13,1.03,18.52,51.75,133.476,2.29,146.289,0,14,64.306,144.511,60.384
2025-12-30 18:20,33.15,,33.15,28.28,89.95,28.28,0,10,0.75,72.84,33.28,0,13,1.03,18.52,51.75,133.474,0,135.049,0,14,64.317,154.936,60.485
2025-12-30 18:30,33.15,,33.15,28.28,89.95,28.28,0,10,0.75,71.67,33.28,0,13,1.03,18.52,51.75,133.473,5.654,145.457,0,14,64.324,158.567,60.665
2025-12-30 18:40,33.15,,33.15,28.28,90.63,28.28,0,10,0.75,69.32,33.28,0,13,1.03,18.52,51.75,133.472,0,134.078,0,14,64.331,145.297,60.575
2025-12-30 18:50,33.15,,33.15,28.28,91.31,28.28,0,10,0.75,68.14,33.28,0,13,1.03,18.52,51.75,133.471,29.613,148.803,0,14,64.339,135.386,60.752
2025-12-30 19:00,33.14,,33.14,28.28,93.33,28.28,0,10,0.74,73.86,33.27,0,13,1.03,18.52,51.75,133.471,75.231,153.478,0,14,64.346,135.6,60.806
2025-12-30 19:10,33.14,,33.14,28.28,90.58,28.28,0,10,0.74,75.03,33.27,0,13,1.03,18.52,51.75,133.47,85.969,154.625,0,14,64.352,132.416,60.856
2025-12-30 19:20,33.14,,33.14,28.28,91.95,28.28,0,10,0.74,77.38,33.27,0,13,1.03,18.52,51.75,133.471,129.643,139.327,0,14,64.362,139.476,60.766
2025-12-30 19:30,33.14,,33.14,28.28,87.84,28.28,0,10,0.74,78.55,33.27,0,13,1.03,18.52,51.75,133.469,53.375,147.174,0,14,64.371,146.49,60.85
2025-12-30 19:40,33.14,,33.14,28.28,88.52,28.28,0,10,0.73,74.87,33.26,0,13,1.03,18.52,51.75,133.466,0,137.292,0,14,64.38,156.923,60.82
2025-12-30 19:50,33.14,,33.14,28.28,90.58,28.28,0,10,0.73,72.53,33.26,0,13,1.03,18.52,51.75,133.468,0,0.43,0,14,64.384,136.514,60.873
2025-12-30 20:00,33.14,,33.14,28.27,89.21,28.27,0,10,0.74,73.86,33.27,0,13,1.03,18.52,51.75,133.468,26.551,0.43,0,14,64.39,126.396,60.995
2025-12-30 20:10,33.14,,33.14,28.27,88.52,28.27,0,10,0.73,74.87,33.26,0,13,1.03,18.52,51.75,133.468,43.374,0.43,0,14,64.399,126.637,61.043
2025-12-30 20:20,33.14,,33.14,28.27,88.52,28.27,0,10,0.73,74.87,33.26,0,13,1.04,18.52,51.76,133.469,35.541,0.43,0,14,64.407,140.596,61.083
2025-12-30 20:30,33.14,,33.14,28.27,86.46,28.27,0,10,0.73,73.7,33.26,0,13,1.04,18.52,51.76,133.47,58.93,0.43,0,14,64.414,144.231,61.068
2025-12-30 20:40,33.14,,33.14,28.27,86.46,28.27,0,10,0.73,73.7,33.26,0,13,1.04,18.52,51.76,133.469,55.041,0.43,0,14,64.423,144.492,61.16
2025-12-30 20:50,33.14,,33.14,28.27,86.54,28.27,0,10,0.73,72.53,33.26,0,13,1.04,18.52,51.76,133.467,0,0.43,0,14,64.43,141.246,61.178
2025-12-30 21:00,33.13,,33.13,28.27,87.22,28.27,0,10,0.73,72.53,33.26,0,13,1.04,18.52,51.76,133.467,0,0.43,0,14,64.43,116.95,61.18
2025-12-30 21:10,33.13,,33.13,28.27,83.82,28.27,0,10,0.73,74.87,33.26,0,13,1.04,18.52,51.76,133.466,0,0.43,0,14,64.43,85.63,61.198
2025-12-30 21:20,33.13,,33.13,28.27,85.18,28.27,0,10,0.73,79.55,33.26,0,13,1.04,18.52,51.76,133.468,51.152,0.43,0,14,64.43,61.16,61.101
2025-12-30 21:30,33.13,,33.13,28.27,85.86,28.27,0,10,0.73,73.7,33.26,0,13,1.04,18.52,51.76,133.469,74.541,0.43,0,14,64.43,61.145,61.134
2025-12-30 21:40,33.13,,33.13,28.27,82.45,28.27,0,10,0.73,72.53,33.26,0,13,1.04,18.52,51.76,133.468,86.263,0.43,0,14,64.43,61.05,60.914
2025-12-30 21:50,33.13,,33.13,28.26,85.86,28.26,0,10,0.73,71.36,33.26,0,13,1.04,18.52,51.76,133.469,12.097,0.43,0,14,64.43,61.022,61.019
2025-12-30 22:00,33.13,,33.13,28.26,85.86,28.26,0,10,0.72,74.71,33.25,0,13,1.04,18.52,51.76,133.468,0,0.43,0,14,64.43,60.992,61.044
2025-12-30 22:10,33.13,,33.13,28.26,83.13,28.26,0,10,0.73,74.87,33.26,0,13,1.04,18.52,51.76,133.469,39.43,0.43,0,14,64.427,50.648,61.382
2025-12-30 22:20,33.13,,33.13,28.26,83.13,28.26,0,10,0.73,73.7,33.26,0,13,1.04,18.52,51.76,133.47,51.152,0.43,0,14,64.423,36.69,60.976
2025-12-30 22:30,33.13,,33.13,28.26,83.82,28.26,0,10,0.73,73.7,33.26,0,13,1.04,18.52,51.76,133.47,86.319,0.43,0,14,64.42,26.263,61.096
2025-12-30 22:40,33.13,,33.13,28.26,82.45,28.26,0,10,0.73,77.21,33.26,0,13,1.04,18.52,51.76,133.471,47.263,0.43,0,14,64.417,26.207,61.049
2025-12-30 22:50,33.13,,33.13,28.26,80.41,28.26,0,10,0.73,76.04,33.26,0,13,1.04,18.52,51.76,133.471,35.597,0.43,0,14,64.41,15.85,61.071
2025-12-30 23:00,33.13,,33.13,28.26,79.05,28.26,0,10,0.73,73.7,33.26,0,13,1.04,18.52,51.76,133.471,19.93,0.43,0,14,64.41,26.257,60.985
2025-12-30 23:10,33.13,,33.13,28.26,78.36,28.26,0,10,0.72,75.88,33.25,0,13,1.04,18.52,51.76,133.47,0,0.43,0,14,64.41,36.691,61.016
2025-12-30 23:20,33.13,,33.13,28.26,79.05,28.26,0,10,0.72,73.54,33.25,0,13,1.04,18.52,51.76,133.472,27.708,0.43,0,14,64.407,50.558,61.006
2025-12-30 23:30,33.13,,33.13,28.26,78.36,28.26,0,10,0.72,74.71,33.25,0,13,1.04,18.52,51.76,133.472,58.93,0.43,0,14,64.401,29.778,60.978
2025-12-30 23:40,33.13,,33.13,28.26,78.36,28.26,0,10,0.73,77.21,33.26,0,13,1.04,18.52,51.76,133.472,58.93,0.43,0,14,64.4,26.225,60.859
2025-12-30 23:50,33.13,,33.13,28.26,81.09,28.26,0,10,0.73,78.38,33.26,0,13,1.04,18.52,51.76,133.473,66.763,0.43,0,14,64.393,12.393,60.841
2025-12-31 0:00,33.13,,33.13,28.26,76.32,28.26,0,10,0.73,77.21,33.26,0,13,1.04,18.52,51.76,133.472,0,0.43,0,14,64.39,22.814,60.91
2025-12-31 0:10,33.13,,33.13,28.26,76.32,28.26,0,10,0.73,72.53,33.26,0,13,1.04,18.52,51.76,133.471,0,0.43,0,14,64.39,25.996,59.905
2025-12-31 0:20,33.13,,33.13,28.26,79.73,28.26,0,10,0.73,72.53,33.26,0,13,1.04,18.52,51.76,133.469,0,0.43,0,14,64.387,37.608,54.174
2025-12-31 0:30,33.13,,33.13,28.26,76.32,28.26,0,10,0.72,74.71,33.25,0,13,1.04,18.52,51.76,133.472,0,0.43,0,14,64.382,28.395,53.94
2025-12-31 0:40,33.13,,33.13,28.26,74.96,28.26,0,10,0.72,73.54,33.25,0,13,1.04,18.52,51.76,133.472,31.652,0.43,0,14,64.38,19.25,53.301
2025-12-31 0:50,33.13,,33.13,28.26,77,28.26,0,10,0.72,72.37,33.25,0,13,1.04,18.52,51.76,133.473,133.097,0.43,0,14,64.38,29.735,54.464
2025-12-31 1:00,33.13,,33.13,28.26,77,28.26,0,10,0.72,70.04,33.25,0,13,1.04,18.52,51.76,133.473,51.208,0.43,0,14,64.373,22.774,53.558
2025-12-31 1:10,33.13,,33.13,28.26,75.64,28.26,0,10,0.72,71.21,33.25,0,13,1.04,18.52,51.76,133.473,35.541,0.43,0,14,64.37,19.464,53.536
2025-12-31 1:20,33.13,,33.13,28.26,77.68,28.26,0,10,0.72,68.87,33.25,0,13,1.04,18.52,51.76,133.473,27.763,0.43,0,14,64.368,12.392,53.915
2025-12-31 1:30,33.13,,33.13,28.26,77,28.26,0,10,0.72,73.54,33.25,0,13,1.04,18.52,51.76,133.473,4.319,0.43,0,14,64.36,9.204,54.16
2025-12-31 1:40,33.13,,33.13,28.26,77,28.26,0,10,0.72,73.54,33.25,0,13,1.04,18.52,51.76,133.473,0,0.43,0,14,64.36,19.686,53.985
2025-12-31 1:50,33.13,,33.13,28.26,80.41,28.26,0,10,0.72,72.37,33.25,0,13,1.04,18.52,51.76,133.473,0,0.43,0,14,64.36,26.654,54.149
2025-12-31 2:00,33.13,,33.13,28.26,79.05,28.26,0,10,0.72,68.87,33.25,0,13,1.05,18.52,51.77,133.474,23.819,0.43,0,14,64.357,43.867,54.3
2025-12-31 2:10,33.13,,33.13,28.26,78.36,28.26,0,10,0.72,70.04,33.25,0,13,1.05,18.52,51.77,133.474,62.874,0.43,0,14,64.35,19.753,53.477
2025-12-31 2:20,33.13,,33.13,28.26,79.05,28.26,0,10,0.72,67.71,33.25,0,13,1.05,18.52,51.77,133.476,86.263,0.43,0,14,64.348,12.903,54.1
2025-12-31 2:30,33.13,,33.13,28.26,78.36,28.26,0,10,0.72,67.71,33.25,0,13,1.05,18.52,51.77,133.476,62.874,0.43,0,14,64.341,0,53.971
2025-12-31 2:40,33.13,,33.13,28.26,79.73,28.26,0,10,0.72,65.37,33.25,0,13,1.05,18.52,51.77,133.476,55.097,0.43,0,14,64.34,19.58,53.17
2025-12-31 2:50,33.13,,33.13,28.26,76.32,28.26,0,10,0.72,65.37,33.25,0,13,1.05,18.52,51.77,133.476,0.43,0.43,0,14,64.34,26.432,54.154
2025-12-31 3:00,33.13,,33.13,28.26,77,28.26,0,10,0.72,66.54,33.25,0,13,1.05,18.52,51.77,133.475,0,0.43,0,14,64.331,19.657,53.814
2025-12-31 3:10,33.13,,33.13,28.26,79.73,28.26,0,10,0.72,70.04,33.25,0,13,1.05,18.52,51.77,133.474,0,0.43,0,14,64.33,19.987,53.992
2025-12-31 3:20,33.13,,33.13,28.26,78.36,28.26,0,10,0.72,65.37,33.25,0,13,1.05,18.52,51.77,133.475,0,0.43,0,14,64.33,19.822,53.662
2025-12-31 3:30,33.13,,33.13,28.26,76.32,28.26,0,10,0.72,67.71,33.25,0,13,1.05,18.52,51.77,133.475,0,0.43,0,14,64.322,23.13,53.403
2025-12-31 3:40,33.13,,33.13,28.26,78.36,28.26,0,10,0.72,70.04,33.25,0,13,1.05,18.52,51.77,133.476,66.763,0.43,0,14,64.32,19.72,53.93
2025-12-31 3:50,33.13,,33.13,28.26,77.81,28.26,0,10,0.72,70.04,33.25,0,13,1.05,18.52,51.77,133.476,55.041,0.43,0,14,64.318,12.913,53.573
2025-12-31 4:00,33.13,,33.13,28.26,82.55,28.26,0,10,0.71,73.38,33.24,0,13,1.05,18.52,51.77,133.476,27.763,0.43,0,14,64.31,13.059,53.675
2025-12-31 4:10,33.13,,33.13,28.26,85.86,28.26,0,10,0.72,72.37,33.25,0,13,1.05,18.52,51.77,133.475,0,0.43,0,14,64.31,19.802,53.804
2025-12-31 4:20,33.12,,33.12,28.26,89.27,28.26,0,10,0.72,70.04,33.25,0,13,1.05,18.52,51.77,133.476,19.93,0.43,0,14,64.308,19.952,53.856
2025-12-31 4:30,33.12,,33.12,28.26,84.5,28.26,0,10,0.72,67.71,33.25,0,13,1.05,18.52,51.77,133.477,51.152,0.43,0,14,64.3,19.957,53.357
2025-12-31 4:40,33.12,,33.12,28.26,86.54,28.26,0,10,0.72,77.04,33.25,0,13,1.05,18.52,51.77,133.477,70.652,0.43,0,14,64.298,13,53.287
2025-12-31 4:50,33.12,,33.12,28.26,89.27,28.26,0,10,0.72,84.05,33.25,0,13,1.05,18.52,51.77,133.477,23.874,0.43,0,14,64.291,0,53.466
2025-12-31 5:00,33.12,,33.12,28.26,88.59,28.26,0,10,0.71,87.36,33.24,0,13,1.04,18.52,51.76,133.478,27.763,0.43,0,14,64.29,19.724,53.42
2025-12-31 5:10,33.12,,33.12,28.26,85.18,28.26,0,10,0.71,87.36,33.24,0,13,1.04,18.52,51.76,133.478,31.652,0.43,0,14,64.29,26.577,53.512
2025-12-31 5:20,33.12,,33.12,28.26,85.86,28.26,0,10,0.71,89.69,33.24,0,13,1.03,18.52,51.75,133.478,39.43,0.43,0,14,64.283,26.361,52.819
2025-12-31 5:30,33.12,,33.12,28.26,87.96,28.26,0,10,0.72,92.22,33.25,0,13,1.03,18.52,51.75,133.479,47.263,0.43,0,14,64.28,19.433,52.801
2025-12-31 5:40,33.12,,33.12,28.26,87.9,28.26,0,10,0.71,94.35,33.24,0,13,1.04,18.52,51.76,133.478,8.263,0.43,0,14,64.279,16.114,53.557
2025-12-31 5:50,33.12,,33.12,28.26,83.13,28.26,0,10,0.71,88.53,33.24,0,13,1.03,18.52,51.75,133.478,0.43,0.43,0,14,64.27,9.665,53.136
2025-12-31 6:00,33.12,,33.12,28.26,83.9,28.26,0,10,0.71,85.03,33.24,0,13,1.03,18.52,51.75,133.478,0,0.43,0,14,64.266,6.327,52.789
2025-12-31 6:10,33.12,,33.12,28.26,83.22,28.26,0,10,0.72,84.05,33.25,0,13,1.02,18.52,51.74,133.477,0,0.43,0,14,64.26,0,53.916
2025-12-31 6:20,33.12,,33.12,28.26,82.45,28.26,0,10,0.72,81.71,33.25,0,13,1.02,18.52,51.74,133.477,0,0.43,0,14,64.26,20.032,53.556
2025-12-31 6:30,33.12,,33.12,28.26,81.87,28.26,0,10,0.72,81.71,33.25,0,13,1.04,18.52,51.76,133.478,0,0.43,0,14,64.26,33.622,53.395
2025-12-31 6:40,33.12,,33.12,28.26,80.52,28.26,0,10,0.72,79.38,33.25,0,13,1.04,18.52,51.76,133.476,0,0.43,0,14,64.258,46.769,53.356
2025-12-31 6:50,33.12,,33.12,28.26,82.55,28.26,0,10,0.73,76.04,33.26,0,13,1.04,18.52,51.76,133.476,0,0.43,0,14,64.251,23.306,53.002
2025-12-31 7:00,33.12,,33.12,28.26,81.19,28.26,0,10,0.72,77.04,33.25,0,13,1.05,18.52,51.77,133.476,0,0.43,0,14,64.249,16.66,53.456
2025-12-31 7:10,33.12,,33.12,28.26,79.84,28.26,0,10,0.72,77.04,33.25,0,13,1.05,18.52,51.77,133.476,0.43,0.43,0,14,64.24,0,53.28
2025-12-31 7:20,33.12,,33.12,28.26,81.09,28.26,0,10,0.72,73.54,33.25,0,13,1.05,18.52,51.77,133.477,43.319,0.43,0,14,64.24,16.533,52.531
2025-12-31 7:30,33.12,,33.12,28.26,81.77,28.26,0,10,0.72,74.71,33.25,0,13,1.05,18.52,51.77,133.478,70.708,0.43,0,14,64.24,23.172,53.371
2025-12-31 7:40,33.12,,33.12,28.26,82.45,28.26,0,10,0.71,75.71,33.24,0,13,1.06,18.52,51.78,133.479,109.708,0.43,0,14,64.237,43.299,53.661
2025-12-31 7:50,33.12,,33.12,28.26,85.86,28.26,0,10,0.71,76.88,33.24,0,13,1.06,18.52,51.78,133.48,94.097,0.43,0,14,64.23,20.453,53.517
2025-12-31 8:00,33.12,,33.12,28.26,82.55,28.26,0,10,0.72,78.21,33.25,0,13,1.06,18.52,51.78,133.479,53.889,8.641,0,14,64.23,20.381,53.154
2025-12-31 8:10,33.12,,33.12,28.26,83.9,28.26,0,10,0.72,75.88,33.25,0,13,1.06,18.52,51.78,133.473,0,159.698,0,14,64.224,10.306,53.269
2025-12-31 8:20,33.12,,33.12,28.26,83.22,28.26,0,10,0.72,80.55,33.25,0,13,1.05,18.52,51.77,133.467,0,158.018,0,14,64.22,20.255,53.343
2025-12-31 8:30,33.12,,33.12,28.26,83.82,28.26,0,10,0.72,79.38,33.25,0,13,1.04,18.52,51.76,133.466,0,158.509,0,14,64.215,3.787,53.249
2025-12-31 8:40,33.12,,33.12,28.26,87.9,28.26,0,10,0.71,75.71,33.24,0,13,1.04,18.52,51.76,133.465,0,161.664,0,14,64.21,7.251,53.327
2025-12-31 8:50,33.12,,33.12,28.26,88.59,28.26,0,10,0.72,81.71,33.25,0,13,1.02,18.52,51.74,133.465,85.294,158.044,0,14,64.21,20.363,53.179
2025-12-31 9:00,33.12,,33.12,28.26,87.9,28.26,0,10,0.71,79.21,33.24,0,13,1.02,18.52,51.74,133.466,179.816,161.073,0,14,64.21,36.799,53.056
2025-12-31 9:10,33.12,,33.12,28.26,87.9,28.26,0,10,0.72,85.22,33.25,0,13,1.02,18.52,51.74,133.467,216.371,154.329,0,14,64.204,33.129,52.319
2025-12-31 9:20,33.12,,33.12,28.26,91.99,28.26,0,10,0.72,86.38,33.25,0,13,1.02,18.52,51.74,133.463,158.074,158.821,0,14,64.2,20.001,53.13
2025-12-31 9:30,33.12,,33.12,28.26,89.95,28.26,0,10,0.72,92.22,33.25,0,13,1.02,18.52,51.74,133.462,156.681,156.893,0,14,64.197,9.943,52.38
2025-12-31 9:40,33.12,,33.12,28.26,89.27,28.26,0,10,0.71,90.86,33.24,0,13,1.02,18.52,51.74,133.462,157.523,156.854,0,14,64.19,6.941,52.813
2025-12-31 9:50,33.12,,33.12,28.26,88.59,28.26,0,10,0.72,87.55,33.25,0,13,1.03,18.52,51.75,133.462,157.018,157.306,0,14,64.189,16.694,52.888
2025-12-31 10:00,33.12,,33.12,28.26,91.31,28.26,0,10,0.72,84.05,33.25,0,13,1.02,18.52,51.74,133.46,158.313,160.778,0,14,64.183,6.876,52.092
2025-12-31 10:10,33.12,,33.12,28.26,94.04,28.26,0,10,0.72,87.55,33.25,0,13,1.02,18.52,51.74,133.459,159.627,160.797,0,14,64.186,39.571,52.899
2025-12-31 10:20,33.12,,33.12,28.26,98.12,28.26,0,10,0.73,91.25,33.26,0,13,1.02,18.52,51.74,133.458,160.633,160.325,0,14,64.2,88.364,52.101
2025-12-31 10:30,33.12,,33.12,28.26,93.35,28.26,0,10,0.72,91.05,33.25,0,13,1.02,18.52,51.74,133.458,160.404,160.09,0,14,64.215,157.319,52.625
2025-12-31 10:40,33.11,,33.11,28.26,99.49,28.26,0,10,0.72,92.22,33.25,0,13,1.02,18.52,51.74,133.457,158.596,155.373,0,14,64.225,180.552,52.929
2025-12-31 10:50,33.11,,33.11,28.27,103.58,28.27,0,10,0.72,94.55,33.25,0,13,1.02,18.52,51.74,133.455,159.22,162.196,0,14,64.23,151.648,53.225
2025-12-31 11:00,33.11,,33.11,28.26,110.39,28.26,0,10,0.71,93.19,33.24,0,13,1.03,18.52,51.75,133.455,20.536,153.705,0,14,64.231,105.838,53.026
2025-12-31 11:10,33.11,,33.11,28.27,112.43,28.27,0,10,0.71,93.19,33.24,0,13,1.02,18.52,51.74,133.454,157.314,156.042,0,14,64.239,99.378,53.05
2025-12-31 11:20,33.11,,33.11,28.27,111.85,28.27,0,10,0.72,89.88,33.25,0,13,1.02,18.52,51.74,133.453,150.099,140.551,0,14,64.246,105.931,52.716
2025-12-31 11:30,33.11,,33.11,28.27,115.16,28.27,0,10,0.71,89.69,33.24,0,13,1.02,18.52,51.74,133.452,147.372,145.524,0,14,64.258,142.56,53.08
2025-12-31 11:40,33.11,,33.11,28.27,106.98,28.27,0,10,0.71,88.53,33.24,0,13,1.02,18.52,51.74,133.45,139.687,132.986,0,14,64.267,145.953,52.731
2025-12-31 11:50,33.11,,33.11,28.26,105.62,28.26,0,10,0.72,86.38,33.25,0,13,1.02,18.52,51.74,133.448,136.208,130.114,0,14,64.278,159.592,52.799
2025-12-31 12:00,33.11,,33.11,28.26,104.94,28.26,0,10,0.72,91.05,33.25,0,13,1.02,18.52,51.74,133.448,130.631,128.792,0,14,64.29,160.023,53.204
2025-12-31 12:10,33.11,,33.11,28.26,104.26,28.26,0,10,0.72,89.88,33.25,0,13,1.02,18.52,51.74,133.45,86.445,0.43,0,14,64.295,147.005,53.346
2025-12-31 12:20,33.11,,33.11,28.26,104.94,28.26,0,10,0.71,89.69,33.24,0,13,1.02,18.52,51.74,133.455,43.217,0.43,0,14,64.301,130.618,53.47
2025-12-31 12:30,33.11,,33.11,28.27,103.58,28.27,0,10,0.71,92.02,33.24,0,13,1.02,18.52,51.74,133.464,644.041,0.43,0,14,64.31,120.753,53.275
2025-12-31 12:40,33.11,,33.11,28.26,100.17,28.26,0,10,0.72,94.55,33.25,0,13,1.03,18.52,51.75,133.461,398.319,0.43,0,14,64.319,134.591,53.696
2025-12-31 12:50,33.11,,33.11,28.26,106.98,28.26,0,10,0.71,93.19,33.24,0,13,1.02,18.52,51.74,133.458,129.152,0.43,0,14,64.33,151.797,53.755
2025-12-31 13:00,33.11,,33.11,28.27,106.98,28.27,0,10,0.72,92.22,33.25,0,13,1.02,18.52,51.74,133.456,0,0.43,0,14,64.335,138.661,54.031
2025-12-31 13:10,33.11,,33.11,28.26,102.89,28.26,0,10,0.72,92.22,33.25,0,13,1.02,18.52,51.74,133.455,0,0.43,0,14,64.343,135.609,54.219
2025-12-31 13:20,33.11,,33.11,28.26,102.89,28.26,0,10,0.71,90.86,33.24,0,13,1.02,18.52,51.74,133.454,0,0.43,0,14,64.35,122.288,54.124
2025-12-31 13:30,33.11,,33.11,28.27,104.94,28.27,0,10,0.72,93.39,33.25,0,13,1.01,18.52,51.73,133.453,0,0.43,0,14,64.349,101.968,54.406
2025-12-31 13:40,33.11,,33.11,28.26,101.53,28.26,0,10,0.71,93.19,33.24,0,13,1.01,18.52,51.73,133.454,0,0.43,0,14,64.347,67.855,54.201
2025-12-31 13:50,33.11,,33.11,28.26,106.98,28.26,0,10,0.71,93.19,33.24,0,13,1.01,18.52,51.73,133.456,58.93,0.43,0,14,64.344,33.715,54.038
2025-12-31 14:00,33.11,,33.11,28.26,100.85,28.26,0,10,0.72,87.55,33.25,0,13,1.01,18.52,51.73,133.457,164.263,0.43,0,14,64.345,40.553,54.255
2025-12-31 14:10,33.11,,33.11,28.26,94.04,28.26,0,10,0.71,88.53,33.24,0,13,1.01,18.52,51.73,133.458,136.986,0.43,0,14,64.345,47.392,54.216
2025-12-31 14:20,33.1,,33.1,28.26,100.85,28.26,0,10,0.71,85.03,33.24,0,13,1.01,18.52,51.73,133.458,94.097,0.43,0,14,64.346,61.068,54.234
2025-12-31 14:30,33.1,,33.1,28.26,106.98,28.26,0,10,0.71,92.02,33.24,0,13,1.02,18.52,51.74,133.458,8.208,0.43,0,14,64.346,57.542,54.008
2025-12-31 14:40,33.1,,33.1,28.26,102.89,28.26,0,10,0.7,90.66,33.23,0,13,1.02,18.52,51.74,133.456,0,0.43,0,14,64.34,37.076,54.319
2025-12-31 14:50,33.1,,33.1,28.26,102.89,28.26,0,10,0.71,90.86,33.24,0,13,1.02,18.52,51.74,133.455,0,0.43,0,14,64.34,33.676,54.201
2025-12-31 15:00,33.1,,33.1,28.26,100.17,28.26,0,10,0.71,79.21,33.24,0,13,1.01,18.52,51.73,133.456,0,0.43,0,14,64.339,30.363,54.238
2025-12-31 15:10,33.1,,33.1,28.25,94.04,28.25,0,10,0.7,83.69,33.23,0,13,1.02,18.52,51.74,133.454,44.749,133.388,0,14,64.332,26.937,54.039
2025-12-31 15:20,33.1,,33.1,28.25,92.67,28.25,0,10,0.71,85.03,33.24,0,13,1.01,18.52,51.73,133.453,97.236,157.891,0,14,64.33,20.232,54.418
2025-12-31 15:30,33.1,,33.1,28.25,93.35,28.25,0,10,0.71,82.7,33.24,0,13,1.01,18.52,51.73,133.456,150.031,158.814,0,14,64.33,23.686,54.433
2025-12-31 15:40,33.1,,33.1,28.25,92.7,28.25,0,10,0.7,90.66,33.23,0,13,1.01,18.52,51.73,133.457,158.654,159.257,0,14,64.33,47.646,54.42
2025-12-31 15:50,33.1,,33.1,28.25,95.4,28.25,0,10,0.71,87.36,33.24,0,13,1.01,18.52,51.73,133.455,159.839,161.447,0,14,64.323,30.641,54.402
2025-12-31 16:00,33.1,,33.1,28.25,93.35,28.25,0,10,0.71,89.69,33.24,0,13,1.01,18.52,51.73,133.454,161.045,162.431,0,14,64.32,20.419,54.268
2025-12-31 16:10,33.1,,33.1,28.25,94.73,28.25,0,10,0.7,82.52,33.23,0,13,1.01,18.52,51.73,133.452,160.812,158.559,0,14,64.32,20.202,53.769
2025-12-31 16:20,33.1,,33.1,28.25,94.73,28.25,0,10,0.72,85.22,33.25,0,13,1.01,18.52,51.73,133.451,160.293,159.889,0,14,64.319,40.402,53.835
2025-12-31 16:30,33.1,,33.1,28.24,95.4,28.24,0,10,0.71,86.2,33.24,0,13,1,18.52,51.72,133.45,158.901,158.254,0,14,64.313,30.197,54.154
2025-12-31 16:40,33.1,,33.1,28.23,99.46,28.23,0,10,0.71,85.03,33.24,0,13,1,18.52,51.72,133.449,156.951,152.711,0,14,64.31,20.087,53.939
2025-12-31 16:50,33.1,,33.1,28.23,92.7,28.23,0,10,0.72,86.38,33.25,0,13,1,18.52,51.72,133.449,154.317,151.985,0,14,64.314,37.012,53.776
2025-12-31 17:00,33.1,,33.1,28.23,89.99,28.23,0,10,0.71,85.03,33.24,0,13,1,18.52,51.72,133.447,155.145,160.739,0,14,64.324,91.273,54.271
2025-12-31 17:10,33.1,,33.1,28.23,88.68,28.23,0,10,0.71,86.2,33.24,0,13,0.99,18.52,51.71,133.444,157.799,160.672,0,14,64.334,135.528,54.205
2025-12-31 17:20,33.1,,33.1,28.22,88.68,28.22,0,10,0.72,86.38,33.25,0,13,0.98,18.52,51.7,133.443,160.084,158.842,0,14,64.346,162.958,54.065
2025-12-31 17:30,33.1,,33.1,28.22,86.66,28.22,0,10,0.71,86.2,33.24,0,13,0.98,18.52,51.7,133.443,7.705,159.933,0,14,64.35,142.723,54.233
2025-12-31 17:40,33.1,,33.1,28.22,88.68,28.22,0,10,0.72,87.55,33.25,0,13,0.96,18.52,51.68,133.442,65.765,159.354,0,14,64.355,125.888,54.366
2025-12-31 17:50,33.1,,33.1,28.22,88.01,28.22,0,10,0.72,87.55,33.25,0,13,0.97,18.52,51.69,133.442,106.378,128.514,0,14,64.362,109.07,54.279
2025-12-31 18:00,33.1,,33.1,28.22,88.68,28.22,0,10,0.72,86.38,33.25,0,13,0.96,18.52,51.68,133.444,135.099,0.43,0,14,64.372,129.703,54.132
2025-12-31 18:10,33.1,,33.1,28.22,88.68,28.22,0,10,0.73,87.74,33.26,0,13,0.96,18.52,51.68,133.443,97.736,0.43,0,14,64.38,139.988,54.052
2025-12-31 18:20,33.1,,33.1,28.22,88.05,28.22,0,10,0.72,86.38,33.25,0,13,0.96,18.52,51.68,133.442,0,0.43,0,14,64.39,150.593,54.428
2025-12-31 18:30,33.11,,33.11,28.22,82.71,28.22,0,10,0.72,85.22,33.25,0,13,0.96,18.52,51.68,133.44,0,0.43,0,14,64.401,154.375,54.312
2025-12-31 18:40,33.11,,33.11,28.22,83.38,28.22,0,10,0.72,86.38,33.25,0,13,0.96,18.52,51.68,133.439,0,0.43,0,14,64.41,158.224,54.431
2025-12-31 18:50,33.11,,33.11,28.22,82.04,28.22,0,10,0.72,80.55,33.25,0,13,0.93,18.52,51.65,133.438,0,0.43,0,14,64.418,151.675,54.948
2025-12-31 19:00,33.11,,33.11,28.22,80.71,28.22,0,10,0.72,86.38,33.25,0,13,0.92,18.52,51.64,133.439,0,0.43,0,14,64.424,134.504,54.301
2025-12-31 19:10,33.11,,33.11,28.22,82.04,28.22,0,10,0.72,85.22,33.25,0,13,0.92,18.52,51.64,133.439,0,0.43,0,14,64.43,124.326,54.729
2025-12-31 19:20,33.11,,33.11,28.22,82.04,28.22,0,10,0.72,86.38,33.25,0,13,0.92,18.52,51.64,133.439,47.208,0.43,0,14,64.43,96.399,54.667
2025-12-31 19:30,33.11,,33.11,28.22,80.71,28.22,0,10,0.72,86.38,33.25,0,13,0.91,18.52,51.63,133.439,16.041,0.43,0,14,64.43,75.634,54.674
2025-12-31 19:40,33.11,,33.11,28.22,80.13,28.22,0,10,0.72,84.05,33.25,0,13,0.91,18.52,51.63,133.439,23.874,0.43,0,14,64.43,54.656,54.629
2025-12-31 19:50,33.11,,33.11,28.22,82.12,28.22,0,10,0.72,86.38,33.25,0,13,0.91,18.52,51.63,133.44,23.819,0.43,0,14,64.429,51.147,54.637
2025-12-31 20:00,33.11,,33.11,28.22,85.43,28.22,0,10,0.73,87.74,33.26,0,13,0.91,18.52,51.63,133.441,66.708,0.43,0,14,64.43,54.645,54.669
2025-12-31 20:10,33.11,,33.11,28.22,86.75,28.22,0,10,0.73,88.91,33.26,0,13,0.92,18.52,51.64,133.441,74.486,0.43,0,14,64.429,51.156,54.661
2025-12-31 20:20,33.11,,33.11,28.22,83.44,28.22,0,10,0.72,88.72,33.25,0,13,0.91,18.52,51.63,133.441,51.152,0.43,0,14,64.427,47.664,54.662
2025-12-31 20:30,33.11,,33.11,28.22,87.41,28.22,0,10,0.73,88.91,33.26,0,13,0.9,18.52,51.62,133.442,27.763,0.43,0,14,64.42,19.738,54.558
2025-12-31 20:40,33.11,,33.11,28.22,88.74,28.22,0,10,0.73,85.4,33.26,0,13,0.89,18.52,51.61,133.442,12.152,0.43,0,14,64.42,23.195,54.533
2025-12-31 20:50,33.11,,33.11,28.22,88.08,28.22,0,10,0.73,80.72,33.26,0,13,0.89,18.52,51.61,133.442,43.319,0.43,0,14,64.42,30.143,54.505
2025-12-31 21:00,33.11,,33.11,28.22,85.43,28.22,0,10,0.73,77.21,33.26,0,13,0.88,18.52,51.6,133.443,54.986,0.43,0,14,64.414,33.499,54.126
2025-12-31 21:10,33.11,,33.11,28.22,85.43,28.22,0,10,0.73,76.04,33.26,0,13,0.88,18.52,51.6,133.443,62.819,0.43,0,14,64.41,19.472,54.12
2025-12-31 21:20,33.11,,33.11,28.22,85.43,28.22,0,10,0.73,76.04,33.26,0,13,0.88,18.52,51.6,133.443,23.819,0.43,0,14,64.41,19.362,54.173
2025-12-31 21:30,33.11,,33.11,28.22,85.43,28.22,0,10,0.73,74.87,33.26,0,13,0.87,18.52,51.59,133.444,51.152,0.43,0,14,64.41,40.199,53.971
2025-12-31 21:40,33.12,,33.12,28.22,88.74,28.22,0,10,0.73,76.04,33.26,0,13,0.87,18.52,51.59,133.445,82.319,0.43,0,14,64.409,50.565,54.051
2025-12-31 21:50,33.12,,33.12,28.22,88.74,28.22,0,10,0.73,77.21,33.26,0,13,0.87,18.52,51.59,133.445,97.93,0.43,0,14,64.403,29.729,53.997
2025-12-31 22:00,33.12,,33.12,28.23,85.43,28.23,0,10,0.72,79.38,33.25,0,13,0.86,18.52,51.58,133.445,39.43,0.43,0,14,64.4,19.329,54.105
2025-12-31 22:10,33.12,,33.12,28.23,81.45,28.23,0,10,0.73,79.55,33.26,0,13,0.86,18.52,51.58,133.444,0,0.43,0,14,64.397,12.579,54.467
2025-12-31 22:20,33.12,,33.12,28.23,82.12,28.23,0,10,0.73,81.89,33.26,0,13,0.89,18.52,51.61,133.444,0,0.43,0,14,64.393,19.496,53.915
2025-12-31 22:30,33.12,,33.12,28.23,81.45,28.23,0,10,0.73,80.72,33.26,0,13,0.89,18.52,51.61,133.444,0,0.43,0,14,64.39,19.508,53.792
2025-12-31 22:40,33.12,,33.12,28.23,80.13,28.23,0,10,0.73,80.72,33.26,0,13,0.89,18.52,51.61,133.445,27.708,0.43,0,14,64.39,29.726,53.953
2025-12-31 22:50,33.12,,33.12,28.23,78.8,28.23,0,10,0.72,78.21,33.25,0,13,0.89,18.52,51.61,133.446,62.819,0.43,0,14,64.386,29.68,53.779
2025-12-31 23:00,33.12,,33.12,28.22,80.79,28.22,0,10,0.73,77.21,33.26,0,13,0.89,18.52,51.61,133.447,86.208,0.43,0,14,64.38,19.337,53.946
2025-12-31 23:10,33.12,,33.12,28.22,80.79,28.22,0,10,0.72,77.21,33.25,0,13,0.89,18.52,51.61,133.447,86.208,0.43,0,14,64.38,19.488,54.406
2025-12-31 23:20,33.12,,33.12,28.23,83.44,28.23,0,10,0.73,80.72,33.26,0,13,0.89,18.52,51.61,133.448,74.541,0.43,0,14,64.377,22.927,53.595
2025-12-31 23:30,33.12,,33.12,28.23,85.43,28.23,0,10,0.73,80.72,33.26,0,13,0.89,18.52,51.61,133.447,23.819,0.43,0,14,64.37,19.614,54.008
2025-12-31 23:40,33.12,,33.12,28.23,81.45,28.23,0,10,0.73,78.38,33.26,0,13,0.89,18.52,51.61,133.446,0,0.43,0,14,64.37,19.425,53.838
2025-12-31 23:50,33.12,,33.12,28.23,86.09,28.23,0,10,0.73,76.04,33.26,0,13,0.89,18.52,51.61,133.446,0,0.43,0,14,64.37,29.822,53.786
